[1;92m[+] [0mEnabled environment variable AFL_AUTORESUME with value 1[0m
[1;92m[+] [0mEnabled environment variable AFL_NO_UI with value 1[0m
[1;92m[+] [0mEnabled environment variable AFL_SKIP_CPUFREQ with value 1[0m
[1;92m[+] [0mEnabled environment variable AFL_I_DONT_CARE_ABOUT_MISSING_CRASHES with value 1[0m
[1;94m[*] [0mSpinning up the fork server...[0m
[1;92m[+] [0mAll right - new fork server model v1 is up.[0m
[1;94m[*] [0mTarget map size: 392[0m
[0;36mafl-fuzz++5.03c[0m
[0;32mLicensed under AGPL-3.0-or-later. A (good cause donation) commercial license is
available to companies that do not want to use the AGPL, see LICENSE.COMMERCIAL.
[0m[1;92m[+] [0mAFL++ is maintained by Marc "van Hauser" Heuse, Dominik Maier, Andrea Fioraldi and Heiko "hexcoder" Eißfeldt[0m
[1;92m[+] [0mAFL++ is open source, get it at https://github.com/AFLplusplus/AFLplusplus[0m
[1;92m[+] [0mNOTE: AFL++ >= v3 has changed defaults and behaviours - see README.md[0m
[1;92m[+] [0mNo -M/-S set, autoconfiguring for "-S default"[0m
[1;94m[*] [0mGetting to work...[0m
[1;92m[+] [0mUsing exploration-based constant power schedule (EXPLORE)[0m
[1;92m[+] [0mEnabled testcache with 50 MB[0m
[1;92m[+] [0mGenerating fuzz data with a length of min=1 max=1048576[0m
[1;92m[+] [0mFrameShift status: enabled (10% overhead configured)[0m
[1;94m[*] [0mChecking core_pattern...[0m

[1;91m[-] [0mYour system is configured to send core dump notifications to an
    external utility. This will cause issues: there will be an extended delay
    between stumbling upon a crash and having this information relayed to the
    fuzzer via the standard waitpid() API.
    If you're just experimenting, set 'AFL_I_DONT_CARE_ABOUT_MISSING_CRASHES=1'.

    To avoid having crashes misinterpreted as timeouts, please 
    temporarily modify /proc/sys/kernel/core_pattern, like so:

    echo core | sudo tee /proc/sys/kernel/core_pattern
[1;92m[+] [0mDisabling the UI because AFL_NO_UI is set.[0m
[1;92m[+] [0mYou have 128 CPU cores and 2 runnable tasks (utilization: 2%).[0m
[1;92m[+] [0mTry parallel jobs - see docs/fuzzing_in_depth.md#c-using-multiple-cores[0m
[1;94m[*] [0mSetting up output directories...[0m
[1;94m[*] [0mChecking CPU core loadout...[0m
[1;92m[+] [0mTrying to bind to CPU #125 (fully free).[0m
[1;94m[*] [0mValidating target binary...[0m
[1;94m[*] [0mScanning 'corpus'...[0m
[1;94m[*] [0mCreating hard links for all input files...[0m
[1;92m[+] [0mLoaded a total of 4 seeds.[0m
[1;92m[+] [0mCoverage target: ./build/mystack_buggy_afl_asan[0m
[1;94m[*] [0mNo auto-generated dictionary tokens to reuse.[0m
[1;94m[*] [0mAttempting dry run with 'id:000000,time:0,execs:0,orig:seed_alternating'...[0m
[1;90m    len = 6, map size = 57, exec speed = 9501 us, hash = 807d541a1cac40aa
[0m[1;94m[*] [0mAttempting dry run with 'id:000001,time:0,execs:0,orig:seed_basic'...[0m
[1;90m    len = 6, map size = 62, exec speed = 4270 us, hash = b8488373dd6ac274
[0m[1;94m[*] [0mAttempting dry run with 'id:000002,time:0,execs:0,orig:seed_overflow'...[0m

[1;91m[-] [0mOops, the program crashed with one of the test cases provided. There are
    several possible explanations:

    - The test case causes known crashes under normal working conditions. If
      so, please remove it. The fuzzer should be seeded with interesting
      inputs - but not ones that cause an outright crash.

    - In QEMU persistent mode the selected address(es) for the loop are not
      properly cleaning up variables and memory. Try adding
      AFL_QEMU_PERSISTENT_GPR=1 or select better addresses in the binary.

    - Least likely, there is a horrible bug in the fuzzer. If other options
      fail, poke the Fuzzing Zulip server for troubleshooting tips.
[1;93m[!] [1;97mWARNING: [0mTest case 'id:000002,time:0,execs:0,orig:seed_overflow' results in a crash, skipping[0m
[1;94m[*] [0mAttempting dry run with 'id:000003,time:0,execs:0,orig:seed_underflow'...[0m
[1;90m    len = 2, map size = 75, exec speed = 5058 us, hash = aa5854e1dee8899f
[0m[1;92m[+] [0mAll test cases processed.[0m
[1;92m[+] [0mHere are some useful stats:

[1;90m    Test case count : [0m2 favored, 0 variable, 1 ignored, 4 total
[1;90m       Bitmap range : [0m57 to 75 bits (average: 64.67 bits)
[1;90m        Exec timing : [0m4270 to 9501 us (average: 6276 us)
[0m
[1;94m[*] [0mNo -t option specified, so I'll use an exec timeout of 40 ms.[0m
[1;92m[+] [0mAll set and ready to roll![0m
[1;93m[!] [1;97mWARNING: [0mUnable to load stats file 'out_mystack_buggy/default/fuzzer_stats'[0m
[1;94m[*] [0mEntering queue cycle 1
[0m
[1;94m[*] [0mFuzzing test case #1 (4 total, 0 crashes saved[0m, state: started :-), mode=explore, perf_score=100, weight=1, favorite=1, was_fuzzed=0, exec_us=4270, hits=0, map=62, ascii=0, run_time=0:00:00:00, cvg=21.68%) FS (t=0:00:00:00 (0.00%), st=0, avg=0 ms, found=0/0)...[0m
[1;94m[*] [0mFuzzing test case #3 (36 total, [0;31m6 crashes saved[0m, state: started :-), mode=explore, perf_score=100, weight=1, favorite=1, was_fuzzed=0, exec_us=5058, hits=0, map=75, ascii=0, run_time=0:00:04:42, cvg=21.68%) FS (t=0:00:00:00 (0.00%), st=0, avg=0 ms, found=0/0)...[0m
[1;94m[*] [0mFuzzing test case #4 (36 total, [0;31m6 crashes saved[0m, state: started :-), mode=explore, perf_score=100, weight=4, favorite=1, was_fuzzed=0, exec_us=4483, hits=0, map=57, ascii=0, run_time=0:00:04:43, cvg=21.68%) FS (t=0:00:00:00 (0.01%), st=3, avg=21 ms, found=0/1)...[0m
[1;94m[*] [0mFuzzing test case #8 (37 total, [0;31m6 crashes saved[0m, state: started :-), mode=explore, perf_score=100, weight=3, favorite=1, was_fuzzed=0, exec_us=3851, hits=0, map=62, ascii=0, run_time=0:00:04:44, cvg=21.68%) FS (t=0:00:00:00 (0.02%), st=11, avg=30 ms, found=0/2)...[0m
[1;94m[*] [0mFuzzing test case #32 (37 total, [0;31m6 crashes saved[0m, state: started :-), mode=explore, perf_score=100, weight=3, favorite=0, was_fuzzed=0, exec_us=4132, hits=0, map=77, ascii=0, run_time=0:00:04:45, cvg=21.68%) FS (t=0:00:00:00 (0.03%), st=19, avg=30 ms, found=0/3)...[0m
[1;94m[*] [0mFuzzing test case #8 (37 total, [0;31m6 crashes saved[0m, state: started :-), mode=explore, perf_score=100, weight=1, favorite=1, was_fuzzed=1, exec_us=3851, hits=0, map=62, ascii=0, run_time=0:00:04:46, cvg=21.68%) FS (t=0:00:00:00 (0.04%), st=22, avg=25 ms, found=0/4)...[0m
[1;94m[*] [0mFuzzing test case #7 (37 total, [0;31m6 crashes saved[0m, state: started :-), mode=explore, perf_score=50, weight=3, favorite=0, was_fuzzed=0, exec_us=18241, hits=0, map=62, ascii=0, run_time=0:00:04:46, cvg=21.68%) FS (t=0:00:00:00 (0.04%), st=22, avg=25 ms, found=0/4)...[0m
[1;94m[*] [0mFuzzing test case #8 (37 total, [0;31m6 crashes saved[0m, state: started :-), mode=explore, perf_score=100, weight=1, favorite=1, was_fuzzed=1, exec_us=3851, hits=0, map=62, ascii=0, run_time=0:00:04:47, cvg=21.68%) FS (t=0:00:00:00 (0.04%), st=28, avg=25 ms, found=0/5)...[0m
[1;94m[*] [0mFuzzing test case #3 (37 total, [0;31m6 crashes saved[0m, state: started :-), mode=explore, perf_score=100, weight=1, favorite=1, was_fuzzed=1, exec_us=5058, hits=0, map=75, ascii=0, run_time=0:00:04:47, cvg=21.68%) FS (t=0:00:00:00 (0.04%), st=28, avg=25 ms, found=0/5)...[0m
[1;94m[*] [0mFuzzing test case #33 (37 total, [0;31m6 crashes saved[0m, state: started :-), mode=explore, perf_score=100, weight=3, favorite=0, was_fuzzed=0, exec_us=3758, hits=0, map=82, ascii=0, run_time=0:00:04:48, cvg=21.68%) FS (t=0:00:00:00 (0.04%), st=28, avg=25 ms, found=0/5)...[0m
[1;94m[*] [0mFuzzing test case #4 (41 total, [0;31m6 crashes saved[0m, state: [0;31mfinished...[0m, mode=explore, perf_score=100, weight=1, favorite=1, was_fuzzed=1, exec_us=4483, hits=0, map=57, ascii=0, run_time=0:00:05:04, cvg=21.68%) FS (t=0:00:00:00 (0.05%), st=33, avg=24 ms, found=0/6)...[0m
[1;94m[*] [0mFuzzing test case #8 (41 total, [0;31m6 crashes saved[0m, state: [0;31mfinished...[0m, mode=explore, perf_score=100, weight=1, favorite=1, was_fuzzed=1, exec_us=3851, hits=0, map=62, ascii=0, run_time=0:00:05:05, cvg=21.68%) FS (t=0:00:00:00 (0.05%), st=33, avg=24 ms, found=0/6)...[0m
[1;94m[*] [0mFuzzing test case #4 (41 total, [0;31m6 crashes saved[0m, state: [0;31mfinished...[0m, mode=explore, perf_score=100, weight=1, favorite=1, was_fuzzed=1, exec_us=4483, hits=0, map=57, ascii=0, run_time=0:00:05:05, cvg=21.68%) FS (t=0:00:00:00 (0.05%), st=33, avg=24 ms, found=0/6)...[0m
[1;94m[*] [0mFuzzing test case #9 (41 total, [0;31m6 crashes saved[0m, state: [0;31mfinished...[0m, mode=explore, perf_score=100, weight=3, favorite=0, was_fuzzed=0, exec_us=4240, hits=0, map=83, ascii=0, run_time=0:00:05:06, cvg=21.68%) FS (t=0:00:00:00 (0.05%), st=33, avg=24 ms, found=0/6)...[0m
[1;94m[*] [0mFuzzing test case #5 (41 total, [0;31m6 crashes saved[0m, state: [0;31mfinished...[0m, mode=explore, perf_score=100, weight=3, favorite=0, was_fuzzed=0, exec_us=5071, hits=0, map=80, ascii=0, run_time=0:00:05:07, cvg=21.68%) FS (t=0:00:00:00 (0.06%), st=41, avg=27 ms, found=0/7)...[0m
[1;94m[*] [0mFuzzing test case #37 (41 total, [0;31m6 crashes saved[0m, state: [0;31mfinished...[0m, mode=explore, perf_score=75, weight=3, favorite=0, was_fuzzed=0, exec_us=7375, hits=0, map=85, ascii=0, run_time=0:00:05:08, cvg=21.68%) FS (t=0:00:00:00 (0.07%), st=47, avg=27 ms, found=0/8)...[0m
[1;94m[*] [0mFuzzing test case #4 (41 total, [0;31m6 crashes saved[0m, state: [0;31mfinished...[0m, mode=explore, perf_score=100, weight=1, favorite=1, was_fuzzed=1, exec_us=4483, hits=0, map=57, ascii=0, run_time=0:00:05:09, cvg=21.68%) FS (t=0:00:00:00 (0.08%), st=54, avg=28 ms, found=0/9)...[0m
[1;94m[*] [0mFuzzing test case #26 (41 total, [0;31m6 crashes saved[0m, state: [0;31mfinished...[0m, mode=explore, perf_score=100, weight=3, favorite=0, was_fuzzed=0, exec_us=4338, hits=0, map=85, ascii=0, run_time=0:00:05:09, cvg=21.68%) FS (t=0:00:00:00 (0.08%), st=54, avg=28 ms, found=0/9)...[0m
[1;94m[*] [0mFuzzing test case #27 (41 total, [0;31m6 crashes saved[0m, state: [0;31mfinished...[0m, mode=explore, perf_score=100, weight=3, favorite=0, was_fuzzed=0, exec_us=4115, hits=0, map=62, ascii=0, run_time=0:00:05:10, cvg=21.68%) FS (t=0:00:00:00 (0.12%), st=83, avg=37 ms, found=0/10)...[0m
[1;94m[*] [0mFuzzing test case #35 (41 total, [0;31m6 crashes saved[0m, state: [0;31mfinished...[0m, mode=explore, perf_score=100, weight=3, favorite=0, was_fuzzed=0, exec_us=2994, hits=0, map=82, ascii=0, run_time=0:00:05:12, cvg=21.68%) FS (t=0:00:00:00 (0.13%), st=94, avg=37 ms, found=0/11)...[0m
[1;94m[*] [0mFuzzing test case #8 (43 total, [0;31m6 crashes saved[0m, state: [0;31mfinished...[0m, mode=explore, perf_score=100, weight=1, favorite=1, was_fuzzed=1, exec_us=3851, hits=0, map=62, ascii=0, run_time=0:00:05:19, cvg=21.68%) FS (t=0:00:00:00 (0.15%), st=111, avg=40 ms, found=0/12)...[0m
[1;94m[*] [0mFuzzing test case #8 (43 total, [0;31m6 crashes saved[0m, state: [0;31mfinished...[0m, mode=explore, perf_score=100, weight=1, favorite=1, was_fuzzed=1, exec_us=3851, hits=0, map=62, ascii=0, run_time=0:00:05:19, cvg=21.68%) FS (t=0:00:00:00 (0.15%), st=111, avg=40 ms, found=0/12)...[0m
[1;94m[*] [0mFuzzing test case #4 (43 total, [0;31m6 crashes saved[0m, state: [0;31mfinished...[0m, mode=explore, perf_score=100, weight=1, favorite=1, was_fuzzed=1, exec_us=4483, hits=0, map=57, ascii=0, run_time=0:00:05:20, cvg=21.68%) FS (t=0:00:00:00 (0.15%), st=111, avg=40 ms, found=0/12)...[0m
[1;94m[*] [0mFuzzing test case #17 (43 total, [0;31m6 crashes saved[0m, state: [0;31mfinished...[0m, mode=explore, perf_score=75, weight=3, favorite=0, was_fuzzed=0, exec_us=8991, hits=0, map=62, ascii=0, run_time=0:00:05:21, cvg=21.68%) FS (t=0:00:00:00 (0.15%), st=111, avg=40 ms, found=0/12)...[0m
[1;94m[*] [0mFuzzing test case #8 (43 total, [0;31m6 crashes saved[0m, state: [0;31mfinished...[0m, mode=explore, perf_score=100, weight=1, favorite=1, was_fuzzed=1, exec_us=3851, hits=0, map=62, ascii=0, run_time=0:00:05:22, cvg=21.68%) FS (t=0:00:00:00 (0.17%), st=128, avg=41 ms, found=0/13)...[0m
[1;94m[*] [0mFuzzing test case #4 (43 total, [0;31m6 crashes saved[0m, state: [0;31mfinished...[0m, mode=explore, perf_score=100, weight=1, favorite=1, was_fuzzed=1, exec_us=4483, hits=0, map=57, ascii=0, run_time=0:00:05:23, cvg=21.68%) FS (t=0:00:00:00 (0.17%), st=128, avg=41 ms, found=0/13)...[0m
[1;94m[*] [0mFuzzing test case #29 (43 total, [0;31m6 crashes saved[0m, state: [0;31mfinished...[0m, mode=explore, perf_score=50, weight=3, favorite=0, was_fuzzed=0, exec_us=13986, hits=0, map=62, ascii=0, run_time=0:00:05:24, cvg=21.68%) FS (t=0:00:00:00 (0.17%), st=128, avg=41 ms, found=0/13)...[0m
[1;94m[*] [0mFuzzing test case #39 (43 total, [0;31m6 crashes saved[0m, state: [0;31mfinished...[0m, mode=explore, perf_score=100, weight=4, favorite=0, was_fuzzed=0, exec_us=5369, hits=0, map=85, ascii=0, run_time=0:00:05:24, cvg=21.68%) FS (t=0:00:00:00 (0.18%), st=135, avg=40 ms, found=0/14)...[0m
[1;94m[*] [0mFuzzing test case #41 (44 total, [0;31m6 crashes saved[0m, state: [0;31mfinished...[0m, mode=explore, perf_score=100, weight=3, favorite=0, was_fuzzed=0, exec_us=3816, hits=0, map=62, ascii=0, run_time=0:00:05:28, cvg=21.68%) FS (t=0:00:00:01 (0.40%), st=271, avg=86 ms, found=0/15)...[0m
[1;94m[*] [0mFuzzing test case #33 (44 total, [0;31m6 crashes saved[0m, state: [0;31mfinished...[0m, mode=explore, perf_score=100, weight=1, favorite=0, was_fuzzed=1, exec_us=3758, hits=0, map=82, ascii=0, run_time=0:00:05:30, cvg=21.68%) FS (t=0:00:00:01 (0.43%), st=308, avg=89 ms, found=0/16)...[0m
[1;94m[*] [0mFuzzing test case #16 (44 total, [0;31m6 crashes saved[0m, state: [0;31mfinished...[0m, mode=explore, perf_score=37, weight=1, favorite=0, was_fuzzed=0, exec_us=12981, hits=0, map=47, ascii=0, run_time=0:00:05:31, cvg=21.68%) FS (t=0:00:00:01 (0.43%), st=308, avg=89 ms, found=0/16)...[0m
[1;94m[*] [0mFuzzing test case #23 (44 total, [0;31m6 crashes saved[0m, state: [0;31mfinished...[0m, mode=explore, perf_score=100, weight=3, favorite=0, was_fuzzed=0, exec_us=4185, hits=0, map=83, ascii=0, run_time=0:00:05:32, cvg=21.68%) FS (t=0:00:00:01 (0.43%), st=308, avg=83 ms, found=0/17)...[0m
[1;94m[*] [0mFuzzing test case #8 (44 total, [0;31m6 crashes saved[0m, state: [0;31mfinished...[0m, mode=explore, perf_score=100, weight=1, favorite=1, was_fuzzed=1, exec_us=3851, hits=0, map=62, ascii=0, run_time=0:00:05:32, cvg=21.68%) FS (t=0:00:00:01 (0.44%), st=319, avg=81 ms, found=0/18)...[0m
[1;94m[*] [0mFuzzing test case #8 (44 total, [0;31m6 crashes saved[0m, state: [0;31mfinished...[0m, mode=explore, perf_score=100, weight=1, favorite=1, was_fuzzed=1, exec_us=3851, hits=0, map=62, ascii=0, run_time=0:00:05:33, cvg=21.68%) FS (t=0:00:00:01 (0.44%), st=319, avg=81 ms, found=0/18)...[0m
[1;94m[*] [0mFuzzing test case #19 (44 total, [0;31m6 crashes saved[0m, state: [0;31mfinished...[0m, mode=explore, perf_score=100, weight=3, favorite=0, was_fuzzed=0, exec_us=3681, hits=0, map=62, ascii=0, run_time=0:00:05:34, cvg=21.68%) FS (t=0:00:00:01 (0.44%), st=319, avg=81 ms, found=0/18)...[0m
[1;94m[*] [0mFuzzing test case #40 (44 total, [0;31m6 crashes saved[0m, state: [0;31mfinished...[0m, mode=explore, perf_score=100, weight=4, favorite=0, was_fuzzed=0, exec_us=4753, hits=0, map=85, ascii=0, run_time=0:00:05:35, cvg=21.68%) FS (t=0:00:00:01 (0.44%), st=325, avg=77 ms, found=0/19)...[0m
[1;94m[*] [0mFuzzing test case #8 (45 total, [0;31m6 crashes saved[0m, state: [0;31mfinished...[0m, mode=explore, perf_score=100, weight=1, favorite=1, was_fuzzed=1, exec_us=3851, hits=0, map=62, ascii=0, run_time=0:00:05:37, cvg=21.68%) FS (t=0:00:00:02 (0.63%), st=426, avg=105 ms, found=0/20)...[0m
[1;94m[*] [0mFuzzing test case #3 (45 total, [0;31m6 crashes saved[0m, state: [0;31mfinished...[0m, mode=explore, perf_score=100, weight=1, favorite=1, was_fuzzed=1, exec_us=5058, hits=0, map=75, ascii=0, run_time=0:00:05:38, cvg=21.68%) FS (t=0:00:00:02 (0.63%), st=426, avg=105 ms, found=0/20)...[0m
[1;94m[*] [0mFuzzing test case #19 (45 total, [0;31m6 crashes saved[0m, state: [0;31mfinished...[0m, mode=explore, perf_score=100, weight=1, favorite=0, was_fuzzed=1, exec_us=3681, hits=0, map=62, ascii=0, run_time=0:00:05:38, cvg=21.68%) FS (t=0:00:00:02 (0.63%), st=426, avg=105 ms, found=0/20)...[0m
[1;94m[*] [0mFuzzing test case #8 (45 total, [0;31m6 crashes saved[0m, state: [0;31mfinished...[0m, mode=explore, perf_score=100, weight=1, favorite=1, was_fuzzed=1, exec_us=3851, hits=0, map=62, ascii=0, run_time=0:00:05:39, cvg=21.68%) FS (t=0:00:00:02 (0.62%), st=426, avg=105 ms, found=0/20)...[0m
[1;94m[*] [0mFuzzing test case #42 (45 total, [0;31m6 crashes saved[0m, state: [0;31mfinished...[0m, mode=explore, perf_score=50, weight=4, favorite=0, was_fuzzed=0, exec_us=20899, hits=0, map=85, ascii=0, run_time=0:00:05:40, cvg=21.68%) FS (t=0:00:00:02 (0.62%), st=426, avg=105 ms, found=0/20)...[0m
[1;94m[*] [0mFuzzing test case #11 (45 total, [0;31m6 crashes saved[0m, state: [0;31mfinished...[0m, mode=explore, perf_score=100, weight=3, favorite=0, was_fuzzed=0, exec_us=4641, hits=0, map=83, ascii=0, run_time=0:00:05:42, cvg=21.68%) FS (t=0:00:00:02 (0.72%), st=483, avg=116 ms, found=0/21)...[0m
[1;94m[*] [0mFuzzing test case #8 (45 total, [0;31m6 crashes saved[0m, state: [0;31mfinished...[0m, mode=explore, perf_score=100, weight=1, favorite=1, was_fuzzed=1, exec_us=3851, hits=0, map=62, ascii=0, run_time=0:00:05:42, cvg=21.68%) FS (t=0:00:00:02 (0.74%), st=492, avg=115 ms, found=0/22)...[0m
[1;94m[*] [0mFuzzing test case #11 (45 total, [0;31m6 crashes saved[0m, state: [0;31mfinished...[0m, mode=explore, perf_score=100, weight=3, favorite=0, was_fuzzed=1, exec_us=4641, hits=0, map=83, ascii=0, run_time=0:00:05:43, cvg=21.68%) FS (t=0:00:00:02 (0.74%), st=492, avg=115 ms, found=0/22)...[0m
[1;94m[*] [0mFuzzing test case #29 (45 total, [0;31m6 crashes saved[0m, state: [0;31mfinished...[0m, mode=explore, perf_score=50, weight=1, favorite=0, was_fuzzed=1, exec_us=13986, hits=0, map=62, ascii=0, run_time=0:00:05:44, cvg=21.68%) FS (t=0:00:00:02 (0.74%), st=492, avg=115 ms, found=0/22)...[0m
[1;94m[*] [0mFuzzing test case #9 (45 total, [0;31m6 crashes saved[0m, state: [0;31mfinished...[0m, mode=explore, perf_score=100, weight=1, favorite=0, was_fuzzed=1, exec_us=4240, hits=0, map=83, ascii=0, run_time=0:00:05:44, cvg=21.68%) FS (t=0:00:00:02 (0.74%), st=492, avg=115 ms, found=0/22)...[0m
[1;94m[*] [0mFuzzing test case #36 (45 total, [0;31m6 crashes saved[0m, state: [0;31mfinished...[0m, mode=explore, perf_score=100, weight=4, favorite=0, was_fuzzed=0, exec_us=3217, hits=0, map=57, ascii=0, run_time=0:00:05:45, cvg=21.68%) FS (t=0:00:00:02 (0.74%), st=492, avg=115 ms, found=0/22)...[0m
[1;94m[*] [0mFuzzing test case #40 (47 total, [0;31m6 crashes saved[0m, state: [0;31mfinished...[0m, mode=explore, perf_score=100, weight=1, favorite=0, was_fuzzed=1, exec_us=4753, hits=0, map=85, ascii=0, run_time=0:00:05:49, cvg=21.68%) FS (t=0:00:00:04 (1.30%), st=686, avg=197 ms, found=0/23)...[0m
[1;94m[*] [0mFuzzing test case #15 (48 total, [0;31m6 crashes saved[0m, state: [0;31mfinished...[0m, mode=explore, perf_score=100, weight=3, favorite=0, was_fuzzed=0, exec_us=4116, hits=0, map=62, ascii=0, run_time=0:00:05:50, cvg=21.68%) FS (t=0:00:00:04 (1.29%), st=686, avg=197 ms, found=0/23)...[0m
[1;94m[*] [0mFuzzing test case #42 (48 total, [0;31m6 crashes saved[0m, state: [0;31mfinished...[0m, mode=explore, perf_score=50, weight=1, favorite=0, was_fuzzed=1, exec_us=20899, hits=0, map=85, ascii=0, run_time=0:00:05:51, cvg=21.68%) FS (t=0:00:00:04 (1.31%), st=704, avg=192 ms, found=0/24)...[0m
[1;94m[*] [0mEntering queue cycle 2
[0m
[1;94m[*] [0mFuzzing test case #0 (48 total, [0;31m6 crashes saved[0m, state: [0;31mfinished...[0m, mode=explore, perf_score=75, weight=3, favorite=0, was_fuzzed=0, exec_us=9501, hits=0, map=57, ascii=0, run_time=0:00:05:53, cvg=21.68%) FS (t=0:00:00:04 (1.31%), st=704, avg=192 ms, found=0/24)...[0m
[1;94m[*] [0mFuzzing test case #25 (48 total, [0;31m6 crashes saved[0m, state: [0;31mfinished...[0m, mode=explore, perf_score=100, weight=3, favorite=0, was_fuzzed=0, exec_us=4872, hits=0, map=70, ascii=0, run_time=0:00:05:53, cvg=21.68%) FS (t=0:00:00:04 (1.31%), st=714, avg=186 ms, found=0/25)...[0m
[1;94m[*] [0mFuzzing test case #14 (48 total, [0;31m6 crashes saved[0m, state: [0;31mfinished...[0m, mode=explore, perf_score=100, weight=3, favorite=0, was_fuzzed=0, exec_us=4356, hits=0, map=62, ascii=0, run_time=0:00:05:54, cvg=21.68%) FS (t=0:00:00:04 (1.31%), st=716, avg=179 ms, found=0/26)...[0m
[1;94m[*] [0mFuzzing test case #47 (48 total, [0;31m6 crashes saved[0m, state: [0;31mfinished...[0m, mode=explore, perf_score=100, weight=3, favorite=0, was_fuzzed=0, exec_us=13146, hits=0, map=85, ascii=0, run_time=0:00:05:56, cvg=21.68%) FS (t=0:00:00:04 (1.34%), st=730, avg=176 ms, found=0/27)...[0m
[1;94m[*] [0mFuzzing test case #28 (49 total, [0;31m6 crashes saved[0m, state: [0;31mfinished...[0m, mode=explore, perf_score=100, weight=3, favorite=0, was_fuzzed=0, exec_us=4872, hits=0, map=83, ascii=0, run_time=0:00:05:59, cvg=21.68%) FS (t=0:00:00:05 (1.63%), st=860, avg=209 ms, found=0/28)...[0m
[1;94m[*] [0mFuzzing test case #22 (49 total, [0;31m6 crashes saved[0m, state: [0;31mfinished...[0m, mode=explore, perf_score=100, weight=3, favorite=0, was_fuzzed=0, exec_us=4761, hits=0, map=62, ascii=0, run_time=0:00:06:00, cvg=21.68%) FS (t=0:00:00:05 (1.65%), st=867, avg=205 ms, found=0/29)...[0m
[1;94m[*] [0mFuzzing test case #44 (49 total, [0;31m6 crashes saved[0m, state: [0;31mfinished...[0m, mode=explore, perf_score=200, weight=4, favorite=0, was_fuzzed=0, exec_us=4599, hits=0, map=85, ascii=0, run_time=0:00:06:01, cvg=21.68%) FS (t=0:00:00:06 (1.67%), st=875, avg=201 ms, found=0/30)...[0m
[1;94m[*] [0mFuzzing test case #46 (49 total, [0;31m6 crashes saved[0m, state: [0;31mfinished...[0m, mode=explore, perf_score=100, weight=4, favorite=0, was_fuzzed=0, exec_us=19572, hits=0, map=85, ascii=0, run_time=0:00:06:03, cvg=21.68%) FS (t=0:00:00:06 (1.81%), st=988, avg=211 ms, found=0/31)...[0m
[1;94m[*] [0mFuzzing test case #4 (49 total, [0;31m6 crashes saved[0m, state: [0;31mfinished...[0m, mode=explore, perf_score=100, weight=1, favorite=1, was_fuzzed=1, exec_us=4483, hits=0, map=57, ascii=0, run_time=0:00:06:06, cvg=21.68%) FS (t=0:00:00:08 (2.25%), st=1257, avg=258 ms, found=0/32)...[0m
[1;94m[*] [0mFuzzing test case #21 (49 total, [0;31m6 crashes saved[0m, state: [0;31mfinished...[0m, mode=explore, perf_score=100, weight=3, favorite=0, was_fuzzed=0, exec_us=4348, hits=0, map=83, ascii=0, run_time=0:00:06:07, cvg=21.68%) FS (t=0:00:00:08 (2.25%), st=1257, avg=258 ms, found=0/32)...[0m
[1;94m[*] [0mFuzzing test case #30 (49 total, [0;31m6 crashes saved[0m, state: [0;31mfinished...[0m, mode=explore, perf_score=100, weight=3, favorite=0, was_fuzzed=0, exec_us=3893, hits=0, map=83, ascii=0, run_time=0:00:06:08, cvg=21.68%) FS (t=0:00:00:08 (2.25%), st=1268, avg=251 ms, found=0/33)...[0m
[1;94m[*] [0mFuzzing test case #20 (49 total, [0;31m6 crashes saved[0m, state: [0;31mfinished...[0m, mode=explore, perf_score=100, weight=3, favorite=0, was_fuzzed=0, exec_us=3856, hits=0, map=62, ascii=0, run_time=0:00:06:09, cvg=21.68%) FS (t=0:00:00:08 (2.25%), st=1272, avg=244 ms, found=0/34)...[0m
[1;94m[*] [0mFuzzing test case #10 (49 total, [0;31m6 crashes saved[0m, state: [0;31mfinished...[0m, mode=explore, perf_score=100, weight=3, favorite=0, was_fuzzed=0, exec_us=4508, hits=0, map=80, ascii=0, run_time=0:00:06:10, cvg=21.68%) FS (t=0:00:00:08 (2.26%), st=1295, avg=239 ms, found=0/35)...[0m
[1;94m[*] [0mFuzzing test case #45 (49 total, [0;31m6 crashes saved[0m, state: [0;31mfinished...[0m, mode=explore, perf_score=200, weight=3, favorite=0, was_fuzzed=0, exec_us=3947, hits=0, map=57, ascii=0, run_time=0:00:06:10, cvg=21.68%) FS (t=0:00:00:08 (2.26%), st=1298, avg=232 ms, found=0/36)...[0m
[1;94m[*] [0mFuzzing test case #48 (49 total, [0;31m6 crashes saved[0m, state: [0;31mfinished...[0m, mode=explore, perf_score=400, weight=4, favorite=0, was_fuzzed=0, exec_us=5358, hits=0, map=85, ascii=0, run_time=0:00:06:14, cvg=21.68%) FS (t=0:00:00:10 (2.74%), st=1554, avg=277 ms, found=0/37)...[0m
[1;94m[*] [0mFuzzing test case #12 (49 total, [0;31m6 crashes saved[0m, state: [0;31mfinished...[0m, mode=explore, perf_score=100, weight=3, favorite=0, was_fuzzed=0, exec_us=4547, hits=0, map=83, ascii=0, run_time=0:00:06:20, cvg=21.68%) FS (t=0:00:00:11 (2.93%), st=1680, avg=293 ms, found=0/38)...[0m
[1;94m[*] [0mFuzzing test case #8 (49 total, [0;31m6 crashes saved[0m, state: [0;31mfinished...[0m, mode=explore, perf_score=100, weight=1, favorite=1, was_fuzzed=1, exec_us=3851, hits=0, map=62, ascii=0, run_time=0:00:06:21, cvg=21.68%) FS (t=0:00:00:11 (2.94%), st=1688, avg=287 ms, found=1/39)...[0m
[1;94m[*] [0mFuzzing test case #18 (49 total, [0;31m6 crashes saved[0m, state: [0;31mfinished...[0m, mode=explore, perf_score=100, weight=3, favorite=0, was_fuzzed=0, exec_us=4135, hits=0, map=85, ascii=0, run_time=0:00:06:22, cvg=21.68%) FS (t=0:00:00:11 (2.93%), st=1688, avg=287 ms, found=1/39)...[0m
[1;94m[*] [0mFuzzing test case #4 (49 total, [0;31m6 crashes saved[0m, state: [0;31mfinished...[0m, mode=explore, perf_score=100, weight=1, favorite=1, was_fuzzed=1, exec_us=4483, hits=0, map=57, ascii=0, run_time=0:00:06:23, cvg=21.68%) FS (t=0:00:00:11 (2.95%), st=1709, avg=283 ms, found=1/40)...[0m
[1;94m[*] [0mFuzzing test case #31 (49 total, [0;31m6 crashes saved[0m, state: [0;31mfinished...[0m, mode=explore, perf_score=100, weight=3, favorite=0, was_fuzzed=0, exec_us=3938, hits=0, map=82, ascii=0, run_time=0:00:06:24, cvg=21.68%) FS (t=0:00:00:11 (2.95%), st=1709, avg=283 ms, found=1/40)...[0m
[1;94m[*] [0mFuzzing test case #34 (49 total, [0;31m6 crashes saved[0m, state: [0;31mfinished...[0m, mode=explore, perf_score=100, weight=3, favorite=0, was_fuzzed=0, exec_us=3319, hits=0, map=85, ascii=0, run_time=0:00:06:25, cvg=21.68%) FS (t=0:00:00:11 (2.95%), st=1716, avg=277 ms, found=1/41)...[0m
[1;94m[*] [0mFuzzing test case #24 (49 total, [0;31m6 crashes saved[0m, state: [0;31mfinished...[0m, mode=explore, perf_score=100, weight=3, favorite=0, was_fuzzed=0, exec_us=4103, hits=0, map=62, ascii=0, run_time=0:00:06:26, cvg=21.68%) FS (t=0:00:00:11 (2.97%), st=1741, avg=272 ms, found=1/42)...[0m
[1;94m[*] [0mFuzzing test case #38 (49 total, [0;31m6 crashes saved[0m, state: [0;31mfinished...[0m, mode=explore, perf_score=100, weight=4, favorite=0, was_fuzzed=0, exec_us=5932, hits=0, map=82, ascii=0, run_time=0:00:06:27, cvg=21.68%) FS (t=0:00:00:11 (2.99%), st=1766, avg=269 ms, found=1/43)...[0m
[1;94m[*] [0mFuzzing test case #8 (49 total, [0;31m6 crashes saved[0m, state: [0;31mfinished...[0m, mode=explore, perf_score=100, weight=1, favorite=1, was_fuzzed=1, exec_us=3851, hits=0, map=62, ascii=0, run_time=0:00:06:28, cvg=21.68%) FS (t=0:00:00:11 (3.03%), st=1782, avg=267 ms, found=1/44)...[0m
[1;94m[*] [0mFuzzing test case #44 (49 total, [0;31m6 crashes saved[0m, state: [0;31mfinished...[0m, mode=explore, perf_score=200, weight=1, favorite=0, was_fuzzed=1, exec_us=4599, hits=0, map=85, ascii=0, run_time=0:00:06:29, cvg=21.68%) FS (t=0:00:00:11 (3.03%), st=1782, avg=267 ms, found=1/44)...[0m
[1;94m[*] [0mFuzzing test case #4 (49 total, [0;31m6 crashes saved[0m, state: [0;31mfinished...[0m, mode=explore, perf_score=100, weight=1, favorite=1, was_fuzzed=1, exec_us=4483, hits=0, map=57, ascii=0, run_time=0:00:06:31, cvg=21.68%) FS (t=0:00:00:11 (3.01%), st=1782, avg=267 ms, found=1/44)...[0m
[1;94m[*] [0mFuzzing test case #11 (49 total, [0;31m6 crashes saved[0m, state: [0;31mfinished...[0m, mode=explore, perf_score=100, weight=1, favorite=0, was_fuzzed=1, exec_us=4641, hits=0, map=83, ascii=0, run_time=0:00:06:32, cvg=21.68%) FS (t=0:00:00:11 (3.00%), st=1782, avg=267 ms, found=1/44)...[0m
[1;94m[*] [0mFuzzing test case #13 (49 total, [0;31m6 crashes saved[0m, state: [0;31mfinished...[0m, mode=explore, perf_score=100, weight=3, favorite=0, was_fuzzed=0, exec_us=4740, hits=0, map=76, ascii=0, run_time=0:00:06:33, cvg=21.68%) FS (t=0:00:00:11 (3.00%), st=1782, avg=267 ms, found=1/44)...[0m
[1;94m[*] [0mFuzzing test case #24 (49 total, [0;31m6 crashes saved[0m, state: [0;31mfinished...[0m, mode=explore, perf_score=100, weight=3, favorite=0, was_fuzzed=1, exec_us=4103, hits=0, map=62, ascii=0, run_time=0:00:06:34, cvg=21.68%) FS (t=0:00:00:11 (3.03%), st=1786, avg=265 ms, found=1/45)...[0m
[1;94m[*] [0mFuzzing test case #8 (49 total, [0;31m6 crashes saved[0m, state: [0;31mfinished...[0m, mode=explore, perf_score=100, weight=1, favorite=1, was_fuzzed=1, exec_us=3851, hits=0, map=62, ascii=0, run_time=0:00:06:34, cvg=21.68%) FS (t=0:00:00:11 (3.03%), st=1786, avg=265 ms, found=1/45)...[0m
[1;94m[*] [0mFuzzing test case #6 (49 total, [0;31m6 crashes saved[0m, state: [0;31mfinished...[0m, mode=explore, perf_score=100, weight=3, favorite=0, was_fuzzed=0, exec_us=4716, hits=0, map=82, ascii=0, run_time=0:00:06:35, cvg=21.68%) FS (t=0:00:00:11 (3.03%), st=1786, avg=265 ms, found=1/45)...[0m
[1;94m[*] [0mFuzzing test case #48 (49 total, [0;31m6 crashes saved[0m, state: [0;31mfinished...[0m, mode=explore, perf_score=200, weight=1, favorite=0, was_fuzzed=1, exec_us=5358, hits=0, map=85, ascii=0, run_time=0:00:06:35, cvg=21.68%) FS (t=0:00:00:11 (3.03%), st=1792, avg=260 ms, found=1/46)...[0m
[1;94m[*] [0mFuzzing test case #45 (49 total, [0;31m6 crashes saved[0m, state: [0;31mfinished...[0m, mode=explore, perf_score=200, weight=1, favorite=0, was_fuzzed=1, exec_us=3947, hits=0, map=57, ascii=0, run_time=0:00:06:37, cvg=21.68%) FS (t=0:00:00:11 (3.01%), st=1792, avg=260 ms, found=1/46)...[0m
[1;94m[*] [0mFuzzing test case #8 (49 total, [0;31m6 crashes saved[0m, state: [0;31mfinished...[0m, mode=explore, perf_score=100, weight=1, favorite=1, was_fuzzed=1, exec_us=3851, hits=0, map=62, ascii=0, run_time=0:00:06:38, cvg=21.68%) FS (t=0:00:00:11 (3.00%), st=1792, avg=260 ms, found=1/46)...[0m
[1;94m[*] [0mFuzzing test case #4 (49 total, [0;31m6 crashes saved[0m, state: [0;31mfinished...[0m, mode=explore, perf_score=100, weight=1, favorite=1, was_fuzzed=1, exec_us=4483, hits=0, map=57, ascii=0, run_time=0:00:06:39, cvg=21.68%) FS (t=0:00:00:11 (3.00%), st=1792, avg=260 ms, found=1/46)...[0m
[1;94m[*] [0mFuzzing test case #40 (49 total, [0;31m6 crashes saved[0m, state: [0;31mfinished...[0m, mode=explore, perf_score=100, weight=1, favorite=0, was_fuzzed=1, exec_us=4753, hits=0, map=85, ascii=0, run_time=0:00:06:39, cvg=21.68%) FS (t=0:00:00:11 (3.00%), st=1792, avg=260 ms, found=1/46)...[0m
[1;94m[*] [0mFuzzing test case #25 (49 total, [0;31m6 crashes saved[0m, state: [0;31mfinished...[0m, mode=explore, perf_score=100, weight=1, favorite=0, was_fuzzed=1, exec_us=4872, hits=0, map=70, ascii=0, run_time=0:00:06:41, cvg=21.68%) FS (t=0:00:00:11 (2.99%), st=1792, avg=260 ms, found=1/46)...[0m
[1;94m[*] [0mFuzzing test case #3 (49 total, [0;31m6 crashes saved[0m, state: [0;31mfinished...[0m, mode=explore, perf_score=100, weight=1, favorite=1, was_fuzzed=1, exec_us=5058, hits=0, map=75, ascii=0, run_time=0:00:06:42, cvg=21.68%) FS (t=0:00:00:11 (2.98%), st=1792, avg=260 ms, found=1/46)...[0m
[1;94m[*] [0mFuzzing test case #43 (49 total, [0;31m6 crashes saved[0m, state: [0;31mfinished...[0m, mode=explore, perf_score=200, weight=3, favorite=0, was_fuzzed=0, exec_us=4544, hits=0, map=85, ascii=0, run_time=0:00:06:42, cvg=21.68%) FS (t=0:00:00:11 (2.97%), st=1792, avg=260 ms, found=1/46)...[0m
[1;94m[*] [0mFuzzing test case #13 (49 total, [0;31m6 crashes saved[0m, state: [0;31mfinished...[0m, mode=explore, perf_score=100, weight=3, favorite=0, was_fuzzed=1, exec_us=4740, hits=0, map=76, ascii=0, run_time=0:00:06:45, cvg=21.68%) FS (t=0:00:00:12 (3.19%), st=1953, avg=275 ms, found=1/47)...[0m
[1;94m[*] [0mFuzzing test case #4 (49 total, [0;31m6 crashes saved[0m, state: [0;31mfinished...[0m, mode=explore, perf_score=100, weight=1, favorite=1, was_fuzzed=1, exec_us=4483, hits=0, map=57, ascii=0, run_time=0:00:06:46, cvg=21.68%) FS (t=0:00:00:12 (3.19%), st=1953, avg=275 ms, found=1/47)...[0m
[1;94m[*] [0mFuzzing test case #5 (49 total, [0;31m6 crashes saved[0m, state: [0;31mfinished...[0m, mode=explore, perf_score=100, weight=1, favorite=0, was_fuzzed=1, exec_us=5071, hits=0, map=80, ascii=0, run_time=0:00:06:47, cvg=21.68%) FS (t=0:00:00:12 (3.18%), st=1953, avg=275 ms, found=1/47)...[0m
[1;94m[*] [0mFuzzing test case #26 (49 total, [0;31m6 crashes saved[0m, state: [0;31mfinished...[0m, mode=explore, perf_score=100, weight=1, favorite=0, was_fuzzed=1, exec_us=4338, hits=0, map=85, ascii=0, run_time=0:00:06:48, cvg=21.68%) FS (t=0:00:00:12 (3.18%), st=1953, avg=275 ms, found=1/47)...[0m
[1;94m[*] [0mFuzzing test case #18 (49 total, [0;31m6 crashes saved[0m, state: [0;31mfinished...[0m, mode=explore, perf_score=100, weight=1, favorite=0, was_fuzzed=1, exec_us=4135, hits=0, map=85, ascii=0, run_time=0:00:06:48, cvg=21.68%) FS (t=0:00:00:12 (3.17%), st=1953, avg=275 ms, found=1/47)...[0m
[1;94m[*] [0mFuzzing test case #8 (49 total, [0;31m6 crashes saved[0m, state: [0;31mfinished...[0m, mode=explore, perf_score=100, weight=1, favorite=1, was_fuzzed=1, exec_us=3851, hits=0, map=62, ascii=0, run_time=0:00:06:49, cvg=21.68%) FS (t=0:00:00:12 (3.17%), st=1953, avg=275 ms, found=1/47)...[0m
[1;94m[*] [0mFuzzing test case #3 (49 total, [0;31m6 crashes saved[0m, state: [0;31mfinished...[0m, mode=explore, perf_score=100, weight=1, favorite=1, was_fuzzed=1, exec_us=5058, hits=0, map=75, ascii=0, run_time=0:00:06:49, cvg=21.68%) FS (t=0:00:00:12 (3.16%), st=1953, avg=275 ms, found=1/47)...[0m
[1;94m[*] [0mFuzzing test case #4 (49 total, [0;31m6 crashes saved[0m, state: [0;31mfinished...[0m, mode=explore, perf_score=100, weight=1, favorite=1, was_fuzzed=1, exec_us=4483, hits=0, map=57, ascii=0, run_time=0:00:06:50, cvg=21.68%) FS (t=0:00:00:12 (3.16%), st=1953, avg=275 ms, found=1/47)...[0m
[1;94m[*] [0mFuzzing test case #8 (49 total, [0;31m6 crashes saved[0m, state: [0;31mfinished...[0m, mode=explore, perf_score=100, weight=1, favorite=1, was_fuzzed=1, exec_us=3851, hits=0, map=62, ascii=0, run_time=0:00:06:51, cvg=21.68%) FS (t=0:00:00:12 (3.15%), st=1953, avg=275 ms, found=1/47)...[0m
[1;94m[*] [0mFuzzing test case #3 (49 total, [0;31m6 crashes saved[0m, state: [0;31mfinished...[0m, mode=explore, perf_score=100, weight=1, favorite=1, was_fuzzed=1, exec_us=5058, hits=0, map=75, ascii=0, run_time=0:00:06:52, cvg=21.68%) FS (t=0:00:00:12 (3.14%), st=1953, avg=275 ms, found=1/47)...[0m
[1;94m[*] [0mFuzzing test case #47 (49 total, [0;31m6 crashes saved[0m, state: [0;31mfinished...[0m, mode=explore, perf_score=100, weight=1, favorite=0, was_fuzzed=1, exec_us=13146, hits=0, map=85, ascii=0, run_time=0:00:06:52, cvg=21.68%) FS (t=0:00:00:12 (3.14%), st=1953, avg=275 ms, found=1/47)...[0m
[1;94m[*] [0mFuzzing test case #8 (49 total, [0;31m6 crashes saved[0m, state: [0;31mfinished...[0m, mode=explore, perf_score=100, weight=1, favorite=1, was_fuzzed=1, exec_us=3851, hits=0, map=62, ascii=0, run_time=0:00:06:54, cvg=21.68%) FS (t=0:00:00:12 (3.13%), st=1953, avg=275 ms, found=1/47)...[0m
[1;94m[*] [0mEntering queue cycle 3
[0m
[1;94m[*] [0mFuzzing test case #43 (49 total, [0;31m6 crashes saved[0m, state: [0;31mfinished...[0m, mode=explore, perf_score=200, weight=3, favorite=0, was_fuzzed=1, exec_us=4544, hits=0, map=85, ascii=0, run_time=0:00:06:54, cvg=21.68%) FS (t=0:00:00:12 (3.13%), st=1953, avg=275 ms, found=1/47)...[0m
[1;94m[*] [0mFuzzing test case #15 (49 total, [0;31m6 crashes saved[0m, state: [0;31mfinished...[0m, mode=explore, perf_score=100, weight=1, favorite=0, was_fuzzed=1, exec_us=4116, hits=0, map=62, ascii=0, run_time=0:00:06:56, cvg=21.68%) FS (t=0:00:00:12 (3.11%), st=1953, avg=275 ms, found=1/47)...[0m
[1;94m[*] [0mFuzzing test case #6 (49 total, [0;31m6 crashes saved[0m, state: [0;31mfinished...[0m, mode=explore, perf_score=100, weight=3, favorite=0, was_fuzzed=1, exec_us=4716, hits=0, map=82, ascii=0, run_time=0:00:06:57, cvg=21.68%) FS (t=0:00:00:12 (3.10%), st=1953, avg=275 ms, found=1/47)...[0m
[1;94m[*] [0mFuzzing test case #8 (49 total, [0;31m6 crashes saved[0m, state: [0;31mfinished...[0m, mode=explore, perf_score=100, weight=1, favorite=1, was_fuzzed=1, exec_us=3851, hits=0, map=62, ascii=0, run_time=0:00:06:58, cvg=21.68%) FS (t=0:00:00:12 (3.10%), st=1953, avg=275 ms, found=1/47)...[0m
[1;94m[*] [0mFuzzing test case #8 (49 total, [0;31m6 crashes saved[0m, state: [0;31mfinished...[0m, mode=explore, perf_score=100, weight=1, favorite=1, was_fuzzed=1, exec_us=3851, hits=0, map=62, ascii=0, run_time=0:00:06:58, cvg=21.68%) FS (t=0:00:00:12 (3.10%), st=1953, avg=275 ms, found=1/47)...[0m
[1;94m[*] [0mFuzzing test case #8 (49 total, [0;31m6 crashes saved[0m, state: [0;31mfinished...[0m, mode=explore, perf_score=100, weight=1, favorite=1, was_fuzzed=1, exec_us=3851, hits=0, map=62, ascii=0, run_time=0:00:06:59, cvg=21.68%) FS (t=0:00:00:12 (3.09%), st=1953, avg=275 ms, found=1/47)...[0m
[1;94m[*] [0mFuzzing test case #24 (49 total, [0;31m6 crashes saved[0m, state: [0;31mfinished...[0m, mode=explore, perf_score=100, weight=3, favorite=0, was_fuzzed=1, exec_us=4103, hits=0, map=62, ascii=0, run_time=0:00:07:00, cvg=21.68%) FS (t=0:00:00:12 (3.08%), st=1953, avg=275 ms, found=1/47)...[0m
[1;94m[*] [0mFuzzing test case #13 (49 total, [0;31m6 crashes saved[0m, state: [0;31mfinished...[0m, mode=explore, perf_score=100, weight=3, favorite=0, was_fuzzed=1, exec_us=4740, hits=0, map=76, ascii=0, run_time=0:00:07:01, cvg=21.68%) FS (t=0:00:00:12 (3.08%), st=1953, avg=275 ms, found=1/47)...[0m
[1;94m[*] [0mFuzzing test case #3 (49 total, [0;31m6 crashes saved[0m, state: [0;31mfinished...[0m, mode=explore, perf_score=100, weight=1, favorite=1, was_fuzzed=1, exec_us=5058, hits=0, map=75, ascii=0, run_time=0:00:07:02, cvg=21.68%) FS (t=0:00:00:12 (3.07%), st=1953, avg=275 ms, found=1/47)...[0m
[1;94m[*] [0mFuzzing test case #3 (49 total, [0;31m6 crashes saved[0m, state: [0;31mfinished...[0m, mode=explore, perf_score=100, weight=1, favorite=1, was_fuzzed=1, exec_us=5058, hits=0, map=75, ascii=0, run_time=0:00:07:02, cvg=21.68%) FS (t=0:00:00:12 (3.07%), st=1953, avg=275 ms, found=1/47)...[0m
[1;94m[*] [0mFuzzing test case #35 (49 total, [0;31m6 crashes saved[0m, state: [0;31mfinished...[0m, mode=explore, perf_score=150, weight=1, favorite=0, was_fuzzed=1, exec_us=2994, hits=0, map=82, ascii=0, run_time=0:00:07:02, cvg=21.68%) FS (t=0:00:00:12 (3.07%), st=1953, avg=275 ms, found=1/47)...[0m
[1;94m[*] [0mFuzzing test case #38 (49 total, [0;31m6 crashes saved[0m, state: [0;31mfinished...[0m, mode=explore, perf_score=100, weight=4, favorite=0, was_fuzzed=1, exec_us=5932, hits=0, map=82, ascii=0, run_time=0:00:07:05, cvg=21.68%) FS (t=0:00:00:12 (3.05%), st=1953, avg=275 ms, found=1/47)...[0m
[1;94m[*] [0mFuzzing test case #8 (49 total, [0;31m6 crashes saved[0m, state: [0;31mfinished...[0m, mode=explore, perf_score=100, weight=1, favorite=1, was_fuzzed=1, exec_us=3851, hits=0, map=62, ascii=0, run_time=0:00:07:05, cvg=21.68%) FS (t=0:00:00:12 (3.04%), st=1953, avg=275 ms, found=1/47)...[0m
[1;94m[*] [0mFuzzing test case #8 (49 total, [0;31m6 crashes saved[0m, state: [0;31mfinished...[0m, mode=explore, perf_score=100, weight=1, favorite=1, was_fuzzed=1, exec_us=3851, hits=0, map=62, ascii=0, run_time=0:00:07:06, cvg=21.68%) FS (t=0:00:00:12 (3.04%), st=1953, avg=275 ms, found=1/47)...[0m
[1;94m[*] [0mFuzzing test case #3 (49 total, [0;31m6 crashes saved[0m, state: [0;31mfinished...[0m, mode=explore, perf_score=100, weight=1, favorite=1, was_fuzzed=1, exec_us=5058, hits=0, map=75, ascii=0, run_time=0:00:07:07, cvg=21.68%) FS (t=0:00:00:12 (3.03%), st=1953, avg=275 ms, found=1/47)...[0m
[1;94m[*] [0mFuzzing test case #4 (49 total, [0;31m6 crashes saved[0m, state: [0;31mfinished...[0m, mode=explore, perf_score=100, weight=1, favorite=1, was_fuzzed=1, exec_us=4483, hits=0, map=57, ascii=0, run_time=0:00:07:07, cvg=21.68%) FS (t=0:00:00:12 (3.03%), st=1953, avg=275 ms, found=1/47)...[0m
[1;94m[*] [0mFuzzing test case #3 (49 total, [0;31m6 crashes saved[0m, state: [0;31mfinished...[0m, mode=explore, perf_score=100, weight=1, favorite=1, was_fuzzed=1, exec_us=5058, hits=0, map=75, ascii=0, run_time=0:00:07:08, cvg=21.68%) FS (t=0:00:00:12 (3.03%), st=1953, avg=275 ms, found=1/47)...[0m
[1;94m[*] [0mFuzzing test case #4 (49 total, [0;31m6 crashes saved[0m, state: [0;31mfinished...[0m, mode=explore, perf_score=100, weight=1, favorite=1, was_fuzzed=1, exec_us=4483, hits=0, map=57, ascii=0, run_time=0:00:07:08, cvg=21.68%) FS (t=0:00:00:12 (3.02%), st=1953, avg=275 ms, found=1/47)...[0m
[1;94m[*] [0mFuzzing test case #44 (49 total, [0;31m6 crashes saved[0m, state: [0;31mfinished...[0m, mode=explore, perf_score=200, weight=1, favorite=0, was_fuzzed=1, exec_us=4599, hits=0, map=85, ascii=0, run_time=0:00:07:10, cvg=21.68%) FS (t=0:00:00:12 (3.01%), st=1953, avg=275 ms, found=1/47)...[0m
[1;94m[*] [0mFuzzing test case #32 (49 total, [0;31m6 crashes saved[0m, state: [0;31mfinished...[0m, mode=explore, perf_score=100, weight=1, favorite=0, was_fuzzed=1, exec_us=4132, hits=0, map=77, ascii=0, run_time=0:00:07:11, cvg=21.68%) FS (t=0:00:00:12 (3.01%), st=1953, avg=275 ms, found=1/47)...[0m
[1;94m[*] [0mFuzzing test case #3 (49 total, [0;31m6 crashes saved[0m, state: [0;31mfinished...[0m, mode=explore, perf_score=100, weight=1, favorite=1, was_fuzzed=1, exec_us=5058, hits=0, map=75, ascii=0, run_time=0:00:07:11, cvg=21.68%) FS (t=0:00:00:12 (3.00%), st=1953, avg=275 ms, found=1/47)...[0m
[1;94m[*] [0mFuzzing test case #8 (49 total, [0;31m6 crashes saved[0m, state: [0;31mfinished...[0m, mode=explore, perf_score=100, weight=1, favorite=1, was_fuzzed=1, exec_us=3851, hits=0, map=62, ascii=0, run_time=0:00:07:12, cvg=21.68%) FS (t=0:00:00:12 (3.00%), st=1953, avg=275 ms, found=1/47)...[0m
[1;94m[*] [0mFuzzing test case #4 (49 total, [0;31m6 crashes saved[0m, state: [0;31mfinished...[0m, mode=explore, perf_score=100, weight=1, favorite=1, was_fuzzed=1, exec_us=4483, hits=0, map=57, ascii=0, run_time=0:00:07:13, cvg=21.68%) FS (t=0:00:00:12 (2.99%), st=1953, avg=275 ms, found=1/47)...[0m
[1;94m[*] [0mFuzzing test case #34 (49 total, [0;31m6 crashes saved[0m, state: [0;31mfinished...[0m, mode=explore, perf_score=100, weight=3, favorite=0, was_fuzzed=1, exec_us=3319, hits=0, map=85, ascii=0, run_time=0:00:07:13, cvg=21.68%) FS (t=0:00:00:12 (2.99%), st=1953, avg=275 ms, found=1/47)...[0m
[1;94m[*] [0mFuzzing test case #8 (49 total, [0;31m6 crashes saved[0m, state: [0;31mfinished...[0m, mode=explore, perf_score=100, weight=1, favorite=1, was_fuzzed=1, exec_us=3851, hits=0, map=62, ascii=0, run_time=0:00:07:15, cvg=21.68%) FS (t=0:00:00:12 (2.98%), st=1953, avg=275 ms, found=1/47)...[0m
[1;94m[*] [0mFuzzing test case #3 (49 total, [0;31m6 crashes saved[0m, state: [0;31mfinished...[0m, mode=explore, perf_score=100, weight=1, favorite=1, was_fuzzed=1, exec_us=5058, hits=0, map=75, ascii=0, run_time=0:00:07:15, cvg=21.68%) FS (t=0:00:00:12 (2.97%), st=1953, avg=275 ms, found=1/47)...[0m
[1;94m[*] [0mFuzzing test case #3 (49 total, [0;31m6 crashes saved[0m, state: [0;31mfinished...[0m, mode=explore, perf_score=100, weight=1, favorite=1, was_fuzzed=1, exec_us=5058, hits=0, map=75, ascii=0, run_time=0:00:07:16, cvg=21.68%) FS (t=0:00:00:12 (2.97%), st=1953, avg=275 ms, found=1/47)...[0m
[1;94m[*] [0mFuzzing test case #8 (49 total, [0;31m6 crashes saved[0m, state: [0;31mfinished...[0m, mode=explore, perf_score=100, weight=1, favorite=1, was_fuzzed=1, exec_us=3851, hits=0, map=62, ascii=0, run_time=0:00:07:17, cvg=21.68%) FS (t=0:00:00:12 (2.97%), st=1953, avg=275 ms, found=1/47)...[0m
[1;94m[*] [0mFuzzing test case #4 (49 total, [0;31m6 crashes saved[0m, state: [0;31mfinished...[0m, mode=explore, perf_score=100, weight=1, favorite=1, was_fuzzed=1, exec_us=4483, hits=0, map=57, ascii=0, run_time=0:00:07:18, cvg=21.68%) FS (t=0:00:00:12 (2.96%), st=1953, avg=275 ms, found=1/47)...[0m
[1;94m[*] [0mFuzzing test case #4 (49 total, [0;31m6 crashes saved[0m, state: [0;31mfinished...[0m, mode=explore, perf_score=100, weight=1, favorite=1, was_fuzzed=1, exec_us=4483, hits=0, map=57, ascii=0, run_time=0:00:07:18, cvg=21.68%) FS (t=0:00:00:12 (2.95%), st=1953, avg=275 ms, found=1/47)...[0m
[1;94m[*] [0mFuzzing test case #8 (49 total, [0;31m6 crashes saved[0m, state: [0;31mfinished...[0m, mode=explore, perf_score=100, weight=1, favorite=1, was_fuzzed=1, exec_us=3851, hits=0, map=62, ascii=0, run_time=0:00:07:19, cvg=21.68%) FS (t=0:00:00:12 (2.95%), st=1953, avg=275 ms, found=1/47)...[0m
[1;94m[*] [0mFuzzing test case #8 (49 total, [0;31m6 crashes saved[0m, state: [0;31mfinished...[0m, mode=explore, perf_score=100, weight=1, favorite=1, was_fuzzed=1, exec_us=3851, hits=0, map=62, ascii=0, run_time=0:00:07:20, cvg=21.68%) FS (t=0:00:00:12 (2.94%), st=1953, avg=275 ms, found=1/47)...[0m
[1;94m[*] [0mFuzzing test case #48 (49 total, [0;31m6 crashes saved[0m, state: [0;31mfinished...[0m, mode=explore, perf_score=200, weight=1, favorite=0, was_fuzzed=1, exec_us=5358, hits=0, map=85, ascii=0, run_time=0:00:07:21, cvg=21.68%) FS (t=0:00:00:12 (2.94%), st=1953, avg=275 ms, found=1/47)...[0m
[1;94m[*] [0mFuzzing test case #43 (49 total, [0;31m6 crashes saved[0m, state: [0;31mfinished...[0m, mode=explore, perf_score=200, weight=3, favorite=0, was_fuzzed=1, exec_us=4544, hits=0, map=85, ascii=0, run_time=0:00:07:23, cvg=21.68%) FS (t=0:00:00:12 (2.93%), st=1953, avg=275 ms, found=1/47)...[0m
[1;94m[*] [0mFuzzing test case #34 (49 total, [0;31m6 crashes saved[0m, state: [0;31mfinished...[0m, mode=explore, perf_score=100, weight=3, favorite=0, was_fuzzed=1, exec_us=3319, hits=0, map=85, ascii=0, run_time=0:00:07:25, cvg=21.68%) FS (t=0:00:00:12 (2.91%), st=1953, avg=275 ms, found=1/47)...[0m
[1;94m[*] [0mFuzzing test case #48 (49 total, [0;31m6 crashes saved[0m, state: [0;31mfinished...[0m, mode=explore, perf_score=200, weight=1, favorite=0, was_fuzzed=1, exec_us=5358, hits=0, map=85, ascii=0, run_time=0:00:07:25, cvg=21.68%) FS (t=0:00:00:12 (2.91%), st=1953, avg=275 ms, found=1/47)...[0m
[1;94m[*] [0mFuzzing test case #4 (49 total, [0;31m6 crashes saved[0m, state: [0;31mfinished...[0m, mode=explore, perf_score=100, weight=1, favorite=1, was_fuzzed=1, exec_us=4483, hits=0, map=57, ascii=0, run_time=0:00:07:26, cvg=21.68%) FS (t=0:00:00:12 (2.90%), st=1953, avg=275 ms, found=1/47)...[0m
[1;94m[*] [0mFuzzing test case #8 (49 total, [0;31m6 crashes saved[0m, state: [0;31mfinished...[0m, mode=explore, perf_score=100, weight=1, favorite=1, was_fuzzed=1, exec_us=3851, hits=0, map=62, ascii=0, run_time=0:00:07:27, cvg=21.68%) FS (t=0:00:00:12 (2.90%), st=1953, avg=275 ms, found=1/47)...[0m
[1;94m[*] [0mFuzzing test case #4 (49 total, [0;31m6 crashes saved[0m, state: [0;31mfinished...[0m, mode=explore, perf_score=100, weight=1, favorite=1, was_fuzzed=1, exec_us=4483, hits=0, map=57, ascii=0, run_time=0:00:07:28, cvg=21.68%) FS (t=0:00:00:12 (2.89%), st=1953, avg=275 ms, found=1/47)...[0m
[1;94m[*] [0mFuzzing test case #8 (49 total, [0;31m6 crashes saved[0m, state: [0;31mfinished...[0m, mode=explore, perf_score=100, weight=1, favorite=1, was_fuzzed=1, exec_us=3851, hits=0, map=62, ascii=0, run_time=0:00:07:28, cvg=21.68%) FS (t=0:00:00:12 (2.89%), st=1953, avg=275 ms, found=1/47)...[0m
[1;94m[*] [0mFuzzing test case #8 (49 total, [0;31m6 crashes saved[0m, state: [0;31mfinished...[0m, mode=explore, perf_score=100, weight=1, favorite=1, was_fuzzed=1, exec_us=3851, hits=0, map=62, ascii=0, run_time=0:00:07:29, cvg=21.68%) FS (t=0:00:00:12 (2.88%), st=1953, avg=275 ms, found=1/47)...[0m
[1;94m[*] [0mFuzzing test case #8 (49 total, [0;31m6 crashes saved[0m, state: [0;31mfinished...[0m, mode=explore, perf_score=100, weight=1, favorite=1, was_fuzzed=1, exec_us=3851, hits=0, map=62, ascii=0, run_time=0:00:07:30, cvg=21.68%) FS (t=0:00:00:12 (2.88%), st=1953, avg=275 ms, found=1/47)...[0m
[1;94m[*] [0mFuzzing test case #3 (49 total, [0;31m6 crashes saved[0m, state: [0;31mfinished...[0m, mode=explore, perf_score=100, weight=1, favorite=1, was_fuzzed=1, exec_us=5058, hits=0, map=75, ascii=0, run_time=0:00:07:30, cvg=21.68%) FS (t=0:00:00:12 (2.88%), st=1953, avg=275 ms, found=1/47)...[0m
[1;94m[*] [0mFuzzing test case #22 (49 total, [0;31m6 crashes saved[0m, state: [0;31mfinished...[0m, mode=explore, perf_score=100, weight=1, favorite=0, was_fuzzed=1, exec_us=4761, hits=0, map=62, ascii=0, run_time=0:00:07:31, cvg=21.68%) FS (t=0:00:00:12 (2.87%), st=1953, avg=275 ms, found=1/47)...[0m
[1;94m[*] [0mFuzzing test case #25 (49 total, [0;31m6 crashes saved[0m, state: [0;31mfinished...[0m, mode=explore, perf_score=100, weight=1, favorite=0, was_fuzzed=1, exec_us=4872, hits=0, map=70, ascii=0, run_time=0:00:07:31, cvg=21.68%) FS (t=0:00:00:12 (2.87%), st=1953, avg=275 ms, found=1/47)...[0m
[1;94m[*] [0mFuzzing test case #3 (49 total, [0;31m6 crashes saved[0m, state: [0;31mfinished...[0m, mode=explore, perf_score=100, weight=1, favorite=1, was_fuzzed=1, exec_us=5058, hits=0, map=75, ascii=0, run_time=0:00:07:32, cvg=21.68%) FS (t=0:00:00:12 (2.87%), st=1953, avg=275 ms, found=1/47)...[0m
[1;94m[*] [0mFuzzing test case #3 (49 total, [0;31m6 crashes saved[0m, state: [0;31mfinished...[0m, mode=explore, perf_score=100, weight=1, favorite=1, was_fuzzed=1, exec_us=5058, hits=0, map=75, ascii=0, run_time=0:00:07:32, cvg=21.68%) FS (t=0:00:00:12 (2.86%), st=1953, avg=275 ms, found=1/47)...[0m
[1;94m[*] [0mFuzzing test case #10 (49 total, [0;31m6 crashes saved[0m, state: [0;31mfinished...[0m, mode=explore, perf_score=100, weight=1, favorite=0, was_fuzzed=1, exec_us=4508, hits=0, map=80, ascii=0, run_time=0:00:07:33, cvg=21.68%) FS (t=0:00:00:12 (2.86%), st=1953, avg=275 ms, found=1/47)...[0m
[1;94m[*] [0mFuzzing test case #36 (49 total, [0;31m6 crashes saved[0m, state: [0;31mfinished...[0m, mode=explore, perf_score=100, weight=1, favorite=0, was_fuzzed=1, exec_us=3217, hits=0, map=57, ascii=0, run_time=0:00:07:33, cvg=21.68%) FS (t=0:00:00:12 (2.86%), st=1953, avg=275 ms, found=1/47)...[0m
[1;94m[*] [0mFuzzing test case #3 (49 total, [0;31m6 crashes saved[0m, state: [0;31mfinished...[0m, mode=explore, perf_score=100, weight=1, favorite=1, was_fuzzed=1, exec_us=5058, hits=0, map=75, ascii=0, run_time=0:00:07:34, cvg=21.68%) FS (t=0:00:00:12 (2.85%), st=1953, avg=275 ms, found=1/47)...[0m
[1;94m[*] [0mFuzzing test case #15 (49 total, [0;31m6 crashes saved[0m, state: [0;31mfinished...[0m, mode=explore, perf_score=100, weight=1, favorite=0, was_fuzzed=1, exec_us=4116, hits=0, map=62, ascii=0, run_time=0:00:07:35, cvg=21.68%) FS (t=0:00:00:12 (2.85%), st=1953, avg=275 ms, found=1/47)...[0m
[1;94m[*] [0mEntering queue cycle 4
[0m
[1;94m[*] [0mFuzzing test case #43 (49 total, [0;31m6 crashes saved[0m, state: [0;31mfinished...[0m, mode=explore, perf_score=200, weight=3, favorite=0, was_fuzzed=1, exec_us=4544, hits=0, map=85, ascii=0, run_time=0:00:07:35, cvg=21.68%) FS (t=0:00:00:12 (2.84%), st=1953, avg=275 ms, found=1/47)...[0m
[1;94m[*] [0mFuzzing test case #3 (49 total, [0;31m6 crashes saved[0m, state: [0;31mfinished...[0m, mode=explore, perf_score=100, weight=1, favorite=1, was_fuzzed=1, exec_us=5058, hits=0, map=75, ascii=0, run_time=0:00:07:37, cvg=21.68%) FS (t=0:00:00:12 (2.83%), st=1953, avg=275 ms, found=1/47)...[0m
[1;94m[*] [0mFuzzing test case #4 (49 total, [0;31m6 crashes saved[0m, state: [0;31mfinished...[0m, mode=explore, perf_score=100, weight=1, favorite=1, was_fuzzed=1, exec_us=4483, hits=0, map=57, ascii=0, run_time=0:00:07:37, cvg=21.68%) FS (t=0:00:00:12 (2.83%), st=1953, avg=275 ms, found=1/47)...[0m
[1;94m[*] [0mFuzzing test case #0 (49 total, [0;31m6 crashes saved[0m, state: [0;31mfinished...[0m, mode=explore, perf_score=75, weight=1, favorite=0, was_fuzzed=1, exec_us=9501, hits=0, map=57, ascii=0, run_time=0:00:07:38, cvg=21.68%) FS (t=0:00:00:12 (2.83%), st=1953, avg=275 ms, found=1/47)...[0m
[1;94m[*] [0mFuzzing test case #4 (49 total, [0;31m6 crashes saved[0m, state: [0;31mfinished...[0m, mode=explore, perf_score=100, weight=1, favorite=1, was_fuzzed=1, exec_us=4483, hits=0, map=57, ascii=0, run_time=0:00:07:39, cvg=21.68%) FS (t=0:00:00:12 (2.82%), st=1953, avg=275 ms, found=1/47)...[0m
[1;94m[*] [0mFuzzing test case #8 (49 total, [0;31m6 crashes saved[0m, state: [0;31mfinished...[0m, mode=explore, perf_score=100, weight=1, favorite=1, was_fuzzed=1, exec_us=3851, hits=0, map=62, ascii=0, run_time=0:00:07:40, cvg=21.68%) FS (t=0:00:00:12 (2.82%), st=1953, avg=275 ms, found=1/47)...[0m
[1;94m[*] [0mFuzzing test case #41 (49 total, [0;31m6 crashes saved[0m, state: [0;31mfinished...[0m, mode=explore, perf_score=100, weight=1, favorite=0, was_fuzzed=1, exec_us=3816, hits=0, map=62, ascii=0, run_time=0:00:07:40, cvg=21.68%) FS (t=0:00:00:12 (2.81%), st=1953, avg=275 ms, found=1/47)...[0m
[1;94m[*] [0mFuzzing test case #45 (49 total, [0;31m6 crashes saved[0m, state: [0;31mfinished...[0m, mode=explore, perf_score=200, weight=1, favorite=0, was_fuzzed=1, exec_us=3947, hits=0, map=57, ascii=0, run_time=0:00:07:43, cvg=21.68%) FS (t=0:00:00:12 (2.80%), st=1953, avg=275 ms, found=1/47)...[0m
[1;94m[*] [0mFuzzing test case #8 (49 total, [0;31m6 crashes saved[0m, state: [0;31mfinished...[0m, mode=explore, perf_score=100, weight=1, favorite=1, was_fuzzed=1, exec_us=3851, hits=0, map=62, ascii=0, run_time=0:00:07:45, cvg=21.68%) FS (t=0:00:00:12 (2.79%), st=1953, avg=275 ms, found=1/47)...[0m
[1;94m[*] [0mFuzzing test case #1 (49 total, [0;31m6 crashes saved[0m, state: [0;31mfinished...[0m, mode=explore, perf_score=100, weight=1, favorite=0, was_fuzzed=1, exec_us=4270, hits=0, map=62, ascii=0, run_time=0:00:07:46, cvg=21.68%) FS (t=0:00:00:12 (2.78%), st=1953, avg=275 ms, found=1/47)...[0m
[1;94m[*] [0mFuzzing test case #13 (49 total, [0;31m6 crashes saved[0m, state: [0;31mfinished...[0m, mode=explore, perf_score=100, weight=3, favorite=0, was_fuzzed=1, exec_us=4740, hits=0, map=76, ascii=0, run_time=0:00:07:46, cvg=21.68%) FS (t=0:00:00:12 (2.79%), st=1960, avg=270 ms, found=1/48)...[0m
[1;94m[*] [0mFuzzing test case #3 (49 total, [0;31m6 crashes saved[0m, state: [0;31mfinished...[0m, mode=explore, perf_score=100, weight=1, favorite=1, was_fuzzed=1, exec_us=5058, hits=0, map=75, ascii=0, run_time=0:00:07:47, cvg=21.68%) FS (t=0:00:00:12 (2.78%), st=1960, avg=270 ms, found=1/48)...[0m
[1;94m[*] [0mFuzzing test case #3 (49 total, [0;31m6 crashes saved[0m, state: [0;31mfinished...[0m, mode=explore, perf_score=100, weight=1, favorite=1, was_fuzzed=1, exec_us=5058, hits=0, map=75, ascii=0, run_time=0:00:07:47, cvg=21.68%) FS (t=0:00:00:12 (2.78%), st=1960, avg=270 ms, found=1/48)...[0m
[1;94m[*] [0mFuzzing test case #47 (49 total, [0;31m6 crashes saved[0m, state: [0;31mfinished...[0m, mode=explore, perf_score=100, weight=1, favorite=0, was_fuzzed=1, exec_us=13146, hits=0, map=85, ascii=0, run_time=0:00:07:48, cvg=21.68%) FS (t=0:00:00:12 (2.77%), st=1960, avg=270 ms, found=1/48)...[0m
[1;94m[*] [0mFuzzing test case #21 (49 total, [0;31m6 crashes saved[0m, state: [0;31mfinished...[0m, mode=explore, perf_score=100, weight=1, favorite=0, was_fuzzed=1, exec_us=4348, hits=0, map=83, ascii=0, run_time=0:00:07:50, cvg=21.68%) FS (t=0:00:00:12 (2.76%), st=1960, avg=270 ms, found=1/48)...[0m
[1;94m[*] [0mFuzzing test case #41 (49 total, [0;31m6 crashes saved[0m, state: [0;31mfinished...[0m, mode=explore, perf_score=100, weight=1, favorite=0, was_fuzzed=1, exec_us=3816, hits=0, map=62, ascii=0, run_time=0:00:07:50, cvg=21.68%) FS (t=0:00:00:12 (2.76%), st=1960, avg=270 ms, found=1/48)...[0m
[1;94m[*] [0mFuzzing test case #48 (49 total, [0;31m6 crashes saved[0m, state: [0;31mfinished...[0m, mode=explore, perf_score=200, weight=1, favorite=0, was_fuzzed=1, exec_us=5358, hits=0, map=85, ascii=0, run_time=0:00:07:52, cvg=21.68%) FS (t=0:00:00:12 (2.75%), st=1960, avg=270 ms, found=1/48)...[0m
[1;94m[*] [0mFuzzing test case #24 (49 total, [0;31m6 crashes saved[0m, state: [0;31mfinished...[0m, mode=explore, perf_score=100, weight=3, favorite=0, was_fuzzed=1, exec_us=4103, hits=0, map=62, ascii=0, run_time=0:00:07:54, cvg=21.68%) FS (t=0:00:00:12 (2.74%), st=1960, avg=270 ms, found=1/48)...[0m
[1;94m[*] [0mFuzzing test case #8 (49 total, [0;31m6 crashes saved[0m, state: [0;31mfinished...[0m, mode=explore, perf_score=100, weight=1, favorite=1, was_fuzzed=1, exec_us=3851, hits=0, map=62, ascii=0, run_time=0:00:07:55, cvg=21.68%) FS (t=0:00:00:12 (2.73%), st=1960, avg=270 ms, found=1/48)...[0m
[1;94m[*] [0mFuzzing test case #27 (49 total, [0;31m6 crashes saved[0m, state: [0;31mfinished...[0m, mode=explore, perf_score=100, weight=1, favorite=0, was_fuzzed=1, exec_us=4115, hits=0, map=62, ascii=0, run_time=0:00:07:56, cvg=21.68%) FS (t=0:00:00:12 (2.73%), st=1960, avg=270 ms, found=1/48)...[0m
[1;94m[*] [0mFuzzing test case #8 (49 total, [0;31m6 crashes saved[0m, state: [0;31mfinished...[0m, mode=explore, perf_score=100, weight=1, favorite=1, was_fuzzed=1, exec_us=3851, hits=0, map=62, ascii=0, run_time=0:00:07:57, cvg=21.68%) FS (t=0:00:00:12 (2.72%), st=1960, avg=270 ms, found=1/48)...[0m
[1;94m[*] [0mFuzzing test case #37 (49 total, [0;31m6 crashes saved[0m, state: [0;31mfinished...[0m, mode=explore, perf_score=100, weight=0, favorite=0, was_fuzzed=1, exec_us=7375, hits=0, map=85, ascii=0, run_time=0:00:07:58, cvg=21.68%) FS (t=0:00:00:12 (2.71%), st=1960, avg=270 ms, found=1/48)...[0m
[1;94m[*] [0mFuzzing test case #4 (49 total, [0;31m6 crashes saved[0m, state: [0;31mfinished...[0m, mode=explore, perf_score=100, weight=1, favorite=1, was_fuzzed=1, exec_us=4483, hits=0, map=57, ascii=0, run_time=0:00:08:00, cvg=21.68%) FS (t=0:00:00:12 (2.70%), st=1960, avg=270 ms, found=1/48)...[0m
[1;94m[*] [0mFuzzing test case #4 (49 total, [0;31m6 crashes saved[0m, state: [0;31mfinished...[0m, mode=explore, perf_score=100, weight=1, favorite=1, was_fuzzed=1, exec_us=4483, hits=0, map=57, ascii=0, run_time=0:00:08:01, cvg=21.68%) FS (t=0:00:00:12 (2.70%), st=1960, avg=270 ms, found=1/48)...[0m
[1;94m[*] [0mFuzzing test case #24 (49 total, [0;31m6 crashes saved[0m, state: [0;31mfinished...[0m, mode=explore, perf_score=100, weight=3, favorite=0, was_fuzzed=1, exec_us=4103, hits=0, map=62, ascii=0, run_time=0:00:08:01, cvg=21.68%) FS (t=0:00:00:12 (2.70%), st=1960, avg=270 ms, found=1/48)...[0m
[1;94m[*] [0mFuzzing test case #4 (49 total, [0;31m6 crashes saved[0m, state: [0;31mfinished...[0m, mode=explore, perf_score=100, weight=1, favorite=1, was_fuzzed=1, exec_us=4483, hits=0, map=57, ascii=0, run_time=0:00:08:01, cvg=21.68%) FS (t=0:00:00:12 (2.70%), st=1960, avg=270 ms, found=1/48)...[0m
[1;94m[*] [0mFuzzing test case #21 (49 total, [0;31m6 crashes saved[0m, state: [0;31mfinished...[0m, mode=explore, perf_score=100, weight=1, favorite=0, was_fuzzed=1, exec_us=4348, hits=0, map=83, ascii=0, run_time=0:00:08:02, cvg=21.68%) FS (t=0:00:00:12 (2.69%), st=1960, avg=270 ms, found=1/48)...[0m
[1;94m[*] [0mFuzzing test case #48 (49 total, [0;31m6 crashes saved[0m, state: [0;31mfinished...[0m, mode=explore, perf_score=200, weight=1, favorite=0, was_fuzzed=1, exec_us=5358, hits=0, map=85, ascii=0, run_time=0:00:08:03, cvg=21.68%) FS (t=0:00:00:12 (2.69%), st=1960, avg=270 ms, found=1/48)...[0m
[1;94m[*] [0mFuzzing test case #8 (49 total, [0;31m6 crashes saved[0m, state: [0;31mfinished...[0m, mode=explore, perf_score=100, weight=1, favorite=1, was_fuzzed=1, exec_us=3851, hits=0, map=62, ascii=0, run_time=0:00:08:04, cvg=21.68%) FS (t=0:00:00:12 (2.68%), st=1960, avg=270 ms, found=1/48)...[0m
[1;94m[*] [0mFuzzing test case #8 (49 total, [0;31m6 crashes saved[0m, state: [0;31mfinished...[0m, mode=explore, perf_score=100, weight=1, favorite=1, was_fuzzed=1, exec_us=3851, hits=0, map=62, ascii=0, run_time=0:00:08:04, cvg=21.68%) FS (t=0:00:00:12 (2.68%), st=1960, avg=270 ms, found=1/48)...[0m
[1;94m[*] [0mFuzzing test case #43 (49 total, [0;31m6 crashes saved[0m, state: [0;31mfinished...[0m, mode=explore, perf_score=200, weight=3, favorite=0, was_fuzzed=1, exec_us=4544, hits=0, map=85, ascii=0, run_time=0:00:08:05, cvg=21.68%) FS (t=0:00:00:12 (2.68%), st=1960, avg=270 ms, found=1/48)...[0m
[1;94m[*] [0mFuzzing test case #44 (49 total, [0;31m6 crashes saved[0m, state: [0;31mfinished...[0m, mode=explore, perf_score=200, weight=1, favorite=0, was_fuzzed=1, exec_us=4599, hits=0, map=85, ascii=0, run_time=0:00:08:06, cvg=21.68%) FS (t=0:00:00:12 (2.67%), st=1960, avg=270 ms, found=1/48)...[0m
[1;94m[*] [0mFuzzing test case #8 (49 total, [0;31m6 crashes saved[0m, state: [0;31mfinished...[0m, mode=explore, perf_score=100, weight=1, favorite=1, was_fuzzed=1, exec_us=3851, hits=0, map=62, ascii=0, run_time=0:00:08:08, cvg=21.68%) FS (t=0:00:00:12 (2.66%), st=1960, avg=270 ms, found=1/48)...[0m
[1;94m[*] [0mFuzzing test case #4 (49 total, [0;31m6 crashes saved[0m, state: [0;31mfinished...[0m, mode=explore, perf_score=100, weight=1, favorite=1, was_fuzzed=1, exec_us=4483, hits=0, map=57, ascii=0, run_time=0:00:08:08, cvg=21.68%) FS (t=0:00:00:12 (2.66%), st=1960, avg=270 ms, found=1/48)...[0m
[1;94m[*] [0mFuzzing test case #25 (49 total, [0;31m6 crashes saved[0m, state: [0;31mfinished...[0m, mode=explore, perf_score=100, weight=1, favorite=0, was_fuzzed=1, exec_us=4872, hits=0, map=70, ascii=0, run_time=0:00:08:09, cvg=21.68%) FS (t=0:00:00:12 (2.65%), st=1960, avg=270 ms, found=1/48)...[0m
[1;94m[*] [0mFuzzing test case #8 (49 total, [0;31m6 crashes saved[0m, state: [0;31mfinished...[0m, mode=explore, perf_score=100, weight=1, favorite=1, was_fuzzed=1, exec_us=3851, hits=0, map=62, ascii=0, run_time=0:00:08:10, cvg=21.68%) FS (t=0:00:00:12 (2.65%), st=1960, avg=270 ms, found=1/48)...[0m
[1;94m[*] [0mFuzzing test case #4 (49 total, [0;31m6 crashes saved[0m, state: [0;31mfinished...[0m, mode=explore, perf_score=100, weight=1, favorite=1, was_fuzzed=1, exec_us=4483, hits=0, map=57, ascii=0, run_time=0:00:08:11, cvg=21.68%) FS (t=0:00:00:12 (2.65%), st=1960, avg=270 ms, found=1/48)...[0m
[1;94m[*] [0mFuzzing test case #32 (49 total, [0;31m6 crashes saved[0m, state: [0;31mfinished...[0m, mode=explore, perf_score=100, weight=1, favorite=0, was_fuzzed=1, exec_us=4132, hits=0, map=77, ascii=0, run_time=0:00:08:11, cvg=21.68%) FS (t=0:00:00:12 (2.64%), st=1960, avg=270 ms, found=1/48)...[0m
[1;94m[*] [0mFuzzing test case #24 (49 total, [0;31m6 crashes saved[0m, state: [0;31mfinished...[0m, mode=explore, perf_score=100, weight=3, favorite=0, was_fuzzed=1, exec_us=4103, hits=0, map=62, ascii=0, run_time=0:00:08:11, cvg=21.68%) FS (t=0:00:00:12 (2.64%), st=1960, avg=270 ms, found=1/48)...[0m
[1;94m[*] [0mFuzzing test case #48 (49 total, [0;31m6 crashes saved[0m, state: [0;31mfinished...[0m, mode=explore, perf_score=200, weight=1, favorite=0, was_fuzzed=1, exec_us=5358, hits=0, map=85, ascii=0, run_time=0:00:08:12, cvg=21.68%) FS (t=0:00:00:12 (2.64%), st=1960, avg=270 ms, found=1/48)...[0m
[1;94m[*] [0mFuzzing test case #43 (49 total, [0;31m6 crashes saved[0m, state: [0;31mfinished...[0m, mode=explore, perf_score=200, weight=3, favorite=0, was_fuzzed=1, exec_us=4544, hits=0, map=85, ascii=0, run_time=0:00:08:14, cvg=21.68%) FS (t=0:00:00:12 (2.63%), st=1960, avg=270 ms, found=1/48)...[0m
[1;94m[*] [0mFuzzing test case #27 (49 total, [0;31m6 crashes saved[0m, state: [0;31mfinished...[0m, mode=explore, perf_score=100, weight=1, favorite=0, was_fuzzed=1, exec_us=4115, hits=0, map=62, ascii=0, run_time=0:00:08:16, cvg=21.68%) FS (t=0:00:00:12 (2.62%), st=1960, avg=270 ms, found=1/48)...[0m
[1;94m[*] [0mFuzzing test case #7 (49 total, [0;31m6 crashes saved[0m, state: [0;31mfinished...[0m, mode=explore, perf_score=50, weight=1, favorite=0, was_fuzzed=1, exec_us=18241, hits=0, map=62, ascii=0, run_time=0:00:08:18, cvg=21.68%) FS (t=0:00:00:12 (2.61%), st=1960, avg=270 ms, found=1/48)...[0m
[1;94m[*] [0mFuzzing test case #13 (49 total, [0;31m6 crashes saved[0m, state: [0;31mfinished...[0m, mode=explore, perf_score=100, weight=3, favorite=0, was_fuzzed=1, exec_us=4740, hits=0, map=76, ascii=0, run_time=0:00:08:18, cvg=21.68%) FS (t=0:00:00:12 (2.61%), st=1960, avg=270 ms, found=1/48)...[0m
[1;94m[*] [0mFuzzing test case #20 (49 total, [0;31m6 crashes saved[0m, state: [0;31mfinished...[0m, mode=explore, perf_score=100, weight=1, favorite=0, was_fuzzed=1, exec_us=3856, hits=0, map=62, ascii=0, run_time=0:00:08:19, cvg=21.68%) FS (t=0:00:00:12 (2.60%), st=1960, avg=270 ms, found=1/48)...[0m
[1;94m[*] [0mFuzzing test case #4 (49 total, [0;31m6 crashes saved[0m, state: [0;31mfinished...[0m, mode=explore, perf_score=100, weight=1, favorite=1, was_fuzzed=1, exec_us=4483, hits=0, map=57, ascii=0, run_time=0:00:08:20, cvg=21.68%) FS (t=0:00:00:12 (2.60%), st=1960, avg=270 ms, found=1/48)...[0m
[1;94m[*] [0mFuzzing test case #8 (49 total, [0;31m6 crashes saved[0m, state: [0;31mfinished...[0m, mode=explore, perf_score=100, weight=1, favorite=1, was_fuzzed=1, exec_us=3851, hits=0, map=62, ascii=0, run_time=0:00:08:21, cvg=21.68%) FS (t=0:00:00:12 (2.59%), st=1960, avg=270 ms, found=1/48)...[0m
[1;94m[*] [0mFuzzing test case #19 (49 total, [0;31m6 crashes saved[0m, state: [0;31mfinished...[0m, mode=explore, perf_score=100, weight=1, favorite=0, was_fuzzed=1, exec_us=3681, hits=0, map=62, ascii=0, run_time=0:00:08:21, cvg=21.68%) FS (t=0:00:00:12 (2.59%), st=1960, avg=270 ms, found=1/48)...[0m
[1;94m[*] [0mFuzzing test case #44 (49 total, [0;31m6 crashes saved[0m, state: [0;31mfinished...[0m, mode=explore, perf_score=200, weight=1, favorite=0, was_fuzzed=1, exec_us=4599, hits=0, map=85, ascii=0, run_time=0:00:08:22, cvg=21.68%) FS (t=0:00:00:12 (2.59%), st=1960, avg=270 ms, found=1/48)...[0m
[1;94m[*] [0mFuzzing test case #13 (49 total, [0;31m6 crashes saved[0m, state: [0;31mfinished...[0m, mode=explore, perf_score=100, weight=3, favorite=0, was_fuzzed=1, exec_us=4740, hits=0, map=76, ascii=0, run_time=0:00:08:23, cvg=21.68%) FS (t=0:00:00:12 (2.58%), st=1960, avg=270 ms, found=1/48)...[0m
[1;94m[*] [0mFuzzing test case #3 (49 total, [0;31m6 crashes saved[0m, state: [0;31mfinished...[0m, mode=explore, perf_score=100, weight=1, favorite=1, was_fuzzed=1, exec_us=5058, hits=0, map=75, ascii=0, run_time=0:00:08:24, cvg=21.68%) FS (t=0:00:00:12 (2.58%), st=1960, avg=270 ms, found=1/48)...[0m
[1;94m[*] [0mEntering queue cycle 5
[0m
[1;94m[*] [0mFuzzing test case #4 (49 total, [0;31m6 crashes saved[0m, state: [0;31mfinished...[0m, mode=explore, perf_score=100, weight=1, favorite=1, was_fuzzed=1, exec_us=4483, hits=0, map=57, ascii=0, run_time=0:00:08:25, cvg=21.68%) FS (t=0:00:00:12 (2.57%), st=1960, avg=270 ms, found=1/48)...[0m
[1;94m[*] [0mFuzzing test case #3 (49 total, [0;31m6 crashes saved[0m, state: [0;31mfinished...[0m, mode=explore, perf_score=100, weight=1, favorite=1, was_fuzzed=1, exec_us=5058, hits=0, map=75, ascii=0, run_time=0:00:08:25, cvg=21.68%) FS (t=0:00:00:12 (2.57%), st=1960, avg=270 ms, found=1/48)...[0m
[1;94m[*] [0mFuzzing test case #46 (49 total, [0;31m6 crashes saved[0m, state: [0;31mfinished...[0m, mode=explore, perf_score=100, weight=1, favorite=0, was_fuzzed=1, exec_us=19572, hits=0, map=85, ascii=0, run_time=0:00:08:26, cvg=21.68%) FS (t=0:00:00:12 (2.56%), st=1960, avg=270 ms, found=1/48)...[0m
[1;94m[*] [0mFuzzing test case #4 (49 total, [0;31m6 crashes saved[0m, state: [0;31mfinished...[0m, mode=explore, perf_score=100, weight=1, favorite=1, was_fuzzed=1, exec_us=4483, hits=0, map=57, ascii=0, run_time=0:00:08:27, cvg=21.68%) FS (t=0:00:00:12 (2.56%), st=1960, avg=270 ms, found=1/48)...[0m
[1;94m[*] [0mFuzzing test case #46 (49 total, [0;31m6 crashes saved[0m, state: [0;31mfinished...[0m, mode=explore, perf_score=100, weight=1, favorite=0, was_fuzzed=1, exec_us=19572, hits=0, map=85, ascii=0, run_time=0:00:08:28, cvg=21.68%) FS (t=0:00:00:12 (2.56%), st=1960, avg=270 ms, found=1/48)...[0m
[1;94m[*] [0mFuzzing test case #26 (49 total, [0;31m6 crashes saved[0m, state: [0;31mfinished...[0m, mode=explore, perf_score=100, weight=1, favorite=0, was_fuzzed=1, exec_us=4338, hits=0, map=85, ascii=0, run_time=0:00:08:29, cvg=21.68%) FS (t=0:00:00:12 (2.55%), st=1960, avg=270 ms, found=1/48)...[0m
[1;94m[*] [0mFuzzing test case #43 (49 total, [0;31m6 crashes saved[0m, state: [0;31mfinished...[0m, mode=explore, perf_score=200, weight=3, favorite=0, was_fuzzed=1, exec_us=4544, hits=0, map=85, ascii=0, run_time=0:00:08:30, cvg=21.68%) FS (t=0:00:00:12 (2.55%), st=1960, avg=270 ms, found=1/48)...[0m
[1;94m[*] [0mFuzzing test case #36 (49 total, [0;31m6 crashes saved[0m, state: [0;31mfinished...[0m, mode=explore, perf_score=100, weight=1, favorite=0, was_fuzzed=1, exec_us=3217, hits=0, map=57, ascii=0, run_time=0:00:08:32, cvg=21.68%) FS (t=0:00:00:12 (2.54%), st=1960, avg=270 ms, found=1/48)...[0m
[1;94m[*] [0mFuzzing test case #45 (49 total, [0;31m6 crashes saved[0m, state: [0;31mfinished...[0m, mode=explore, perf_score=200, weight=1, favorite=0, was_fuzzed=1, exec_us=3947, hits=0, map=57, ascii=0, run_time=0:00:08:32, cvg=21.68%) FS (t=0:00:00:12 (2.53%), st=1960, avg=270 ms, found=1/48)...[0m
[1;94m[*] [0mFuzzing test case #8 (49 total, [0;31m6 crashes saved[0m, state: [0;31mfinished...[0m, mode=explore, perf_score=100, weight=1, favorite=1, was_fuzzed=1, exec_us=3851, hits=0, map=62, ascii=0, run_time=0:00:08:34, cvg=21.68%) FS (t=0:00:00:12 (2.53%), st=1960, avg=270 ms, found=1/48)...[0m
[1;94m[*] [0mFuzzing test case #8 (49 total, [0;31m6 crashes saved[0m, state: [0;31mfinished...[0m, mode=explore, perf_score=100, weight=1, favorite=1, was_fuzzed=1, exec_us=3851, hits=0, map=62, ascii=0, run_time=0:00:08:34, cvg=21.68%) FS (t=0:00:00:12 (2.52%), st=1960, avg=270 ms, found=1/48)...[0m
[1;94m[*] [0mFuzzing test case #8 (49 total, [0;31m6 crashes saved[0m, state: [0;31mfinished...[0m, mode=explore, perf_score=100, weight=1, favorite=1, was_fuzzed=1, exec_us=3851, hits=0, map=62, ascii=0, run_time=0:00:08:35, cvg=21.68%) FS (t=0:00:00:12 (2.52%), st=1960, avg=270 ms, found=1/48)...[0m
[1;94m[*] [0mFuzzing test case #35 (49 total, [0;31m6 crashes saved[0m, state: [0;31mfinished...[0m, mode=explore, perf_score=150, weight=1, favorite=0, was_fuzzed=1, exec_us=2994, hits=0, map=82, ascii=0, run_time=0:00:08:35, cvg=21.68%) FS (t=0:00:00:12 (2.52%), st=1960, avg=270 ms, found=1/48)...[0m
[1;94m[*] [0mFuzzing test case #31 (49 total, [0;31m6 crashes saved[0m, state: [0;31mfinished...[0m, mode=explore, perf_score=100, weight=1, favorite=0, was_fuzzed=1, exec_us=3938, hits=0, map=82, ascii=0, run_time=0:00:08:38, cvg=21.68%) FS (t=0:00:00:12 (2.51%), st=1960, avg=270 ms, found=1/48)...[0m
[1;94m[*] [0mFuzzing test case #43 (49 total, [0;31m6 crashes saved[0m, state: [0;31mfinished...[0m, mode=explore, perf_score=200, weight=3, favorite=0, was_fuzzed=1, exec_us=4544, hits=0, map=85, ascii=0, run_time=0:00:08:39, cvg=21.68%) FS (t=0:00:00:12 (2.50%), st=1960, avg=270 ms, found=1/48)...[0m
[1;94m[*] [0mFuzzing test case #3 (49 total, [0;31m6 crashes saved[0m, state: [0;31mfinished...[0m, mode=explore, perf_score=100, weight=1, favorite=1, was_fuzzed=1, exec_us=5058, hits=0, map=75, ascii=0, run_time=0:00:08:40, cvg=21.68%) FS (t=0:00:00:12 (2.49%), st=1960, avg=270 ms, found=1/48)...[0m
[1;94m[*] [0mFuzzing test case #39 (49 total, [0;31m6 crashes saved[0m, state: [0;31mfinished...[0m, mode=explore, perf_score=100, weight=1, favorite=0, was_fuzzed=1, exec_us=5369, hits=0, map=85, ascii=0, run_time=0:00:08:41, cvg=21.68%) FS (t=0:00:00:12 (2.49%), st=1960, avg=270 ms, found=1/48)...[0m
[1;94m[*] [0mFuzzing test case #23 (49 total, [0;31m6 crashes saved[0m, state: [0;31mfinished...[0m, mode=explore, perf_score=100, weight=1, favorite=0, was_fuzzed=1, exec_us=4185, hits=0, map=83, ascii=0, run_time=0:00:08:42, cvg=21.68%) FS (t=0:00:00:12 (2.49%), st=1960, avg=270 ms, found=1/48)...[0m
[1;94m[*] [0mFuzzing test case #38 (49 total, [0;31m6 crashes saved[0m, state: [0;31mfinished...[0m, mode=explore, perf_score=100, weight=4, favorite=0, was_fuzzed=1, exec_us=5932, hits=0, map=82, ascii=0, run_time=0:00:08:43, cvg=21.68%) FS (t=0:00:00:12 (2.48%), st=1960, avg=270 ms, found=1/48)...[0m
[1;94m[*] [0mFuzzing test case #8 (49 total, [0;31m6 crashes saved[0m, state: [0;31mfinished...[0m, mode=explore, perf_score=100, weight=1, favorite=1, was_fuzzed=1, exec_us=3851, hits=0, map=62, ascii=0, run_time=0:00:08:43, cvg=21.68%) FS (t=0:00:00:12 (2.48%), st=1960, avg=270 ms, found=1/48)...[0m
[1;94m[*] [0mFuzzing test case #14 (49 total, [0;31m6 crashes saved[0m, state: [0;31mfinished...[0m, mode=explore, perf_score=100, weight=1, favorite=0, was_fuzzed=1, exec_us=4356, hits=0, map=62, ascii=0, run_time=0:00:08:44, cvg=21.68%) FS (t=0:00:00:12 (2.48%), st=1960, avg=270 ms, found=1/48)...[0m
[1;94m[*] [0mFuzzing test case #3 (49 total, [0;31m6 crashes saved[0m, state: [0;31mfinished...[0m, mode=explore, perf_score=100, weight=1, favorite=1, was_fuzzed=1, exec_us=5058, hits=0, map=75, ascii=0, run_time=0:00:08:45, cvg=21.68%) FS (t=0:00:00:12 (2.47%), st=1960, avg=270 ms, found=1/48)...[0m
[1;94m[*] [0mFuzzing test case #8 (49 total, [0;31m6 crashes saved[0m, state: [0;31mfinished...[0m, mode=explore, perf_score=100, weight=1, favorite=1, was_fuzzed=1, exec_us=3851, hits=0, map=62, ascii=0, run_time=0:00:08:45, cvg=21.68%) FS (t=0:00:00:12 (2.47%), st=1960, avg=270 ms, found=1/48)...[0m
[1;94m[*] [0mFuzzing test case #3 (49 total, [0;31m6 crashes saved[0m, state: [0;31mfinished...[0m, mode=explore, perf_score=100, weight=1, favorite=1, was_fuzzed=1, exec_us=5058, hits=0, map=75, ascii=0, run_time=0:00:08:46, cvg=21.68%) FS (t=0:00:00:12 (2.47%), st=1960, avg=270 ms, found=1/48)...[0m
[1;94m[*] [0mFuzzing test case #8 (49 total, [0;31m6 crashes saved[0m, state: [0;31mfinished...[0m, mode=explore, perf_score=100, weight=1, favorite=1, was_fuzzed=1, exec_us=3851, hits=0, map=62, ascii=0, run_time=0:00:08:47, cvg=21.68%) FS (t=0:00:00:12 (2.46%), st=1960, avg=270 ms, found=1/48)...[0m
[1;94m[*] [0mFuzzing test case #4 (49 total, [0;31m6 crashes saved[0m, state: [0;31mfinished...[0m, mode=explore, perf_score=100, weight=1, favorite=1, was_fuzzed=1, exec_us=4483, hits=0, map=57, ascii=0, run_time=0:00:08:48, cvg=21.68%) FS (t=0:00:00:12 (2.46%), st=1960, avg=270 ms, found=1/48)...[0m
[1;94m[*] [0mFuzzing test case #4 (49 total, [0;31m6 crashes saved[0m, state: [0;31mfinished...[0m, mode=explore, perf_score=100, weight=1, favorite=1, was_fuzzed=1, exec_us=4483, hits=0, map=57, ascii=0, run_time=0:00:08:49, cvg=21.68%) FS (t=0:00:00:12 (2.45%), st=1960, avg=270 ms, found=1/48)...[0m
[1;94m[*] [0mFuzzing test case #24 (49 total, [0;31m6 crashes saved[0m, state: [0;31mfinished...[0m, mode=explore, perf_score=100, weight=3, favorite=0, was_fuzzed=1, exec_us=4103, hits=0, map=62, ascii=0, run_time=0:00:08:50, cvg=21.68%) FS (t=0:00:00:12 (2.45%), st=1960, avg=270 ms, found=1/48)...[0m
[1;94m[*] [0mFuzzing test case #16 (49 total, [0;31m6 crashes saved[0m, state: [0;31mfinished...[0m, mode=explore, perf_score=37, weight=0, favorite=0, was_fuzzed=1, exec_us=12981, hits=0, map=47, ascii=0, run_time=0:00:08:51, cvg=21.68%) FS (t=0:00:00:12 (2.45%), st=1960, avg=270 ms, found=1/48)...[0m
[1;94m[*] [0mFuzzing test case #19 (49 total, [0;31m6 crashes saved[0m, state: [0;31mfinished...[0m, mode=explore, perf_score=100, weight=1, favorite=0, was_fuzzed=1, exec_us=3681, hits=0, map=62, ascii=0, run_time=0:00:08:51, cvg=21.68%) FS (t=0:00:00:12 (2.44%), st=1960, avg=270 ms, found=1/48)...[0m
[1;94m[*] [0mFuzzing test case #3 (49 total, [0;31m6 crashes saved[0m, state: [0;31mfinished...[0m, mode=explore, perf_score=100, weight=1, favorite=1, was_fuzzed=1, exec_us=5058, hits=0, map=75, ascii=0, run_time=0:00:08:52, cvg=21.68%) FS (t=0:00:00:12 (2.44%), st=1960, avg=270 ms, found=1/48)...[0m
[1;94m[*] [0mFuzzing test case #38 (49 total, [0;31m6 crashes saved[0m, state: [0;31mfinished...[0m, mode=explore, perf_score=100, weight=4, favorite=0, was_fuzzed=1, exec_us=5932, hits=0, map=82, ascii=0, run_time=0:00:08:52, cvg=21.68%) FS (t=0:00:00:12 (2.44%), st=1960, avg=270 ms, found=1/48)...[0m
[1;94m[*] [0mFuzzing test case #10 (49 total, [0;31m6 crashes saved[0m, state: [0;31mfinished...[0m, mode=explore, perf_score=100, weight=1, favorite=0, was_fuzzed=1, exec_us=4508, hits=0, map=80, ascii=0, run_time=0:00:08:53, cvg=21.68%) FS (t=0:00:00:12 (2.44%), st=1960, avg=270 ms, found=1/48)...[0m
[1;94m[*] [0mFuzzing test case #3 (49 total, [0;31m6 crashes saved[0m, state: [0;31mfinished...[0m, mode=explore, perf_score=100, weight=1, favorite=1, was_fuzzed=1, exec_us=5058, hits=0, map=75, ascii=0, run_time=0:00:08:54, cvg=21.68%) FS (t=0:00:00:12 (2.43%), st=1960, avg=270 ms, found=1/48)...[0m
[1;94m[*] [0mFuzzing test case #38 (49 total, [0;31m6 crashes saved[0m, state: [0;31mfinished...[0m, mode=explore, perf_score=100, weight=4, favorite=0, was_fuzzed=1, exec_us=5932, hits=0, map=82, ascii=0, run_time=0:00:08:54, cvg=21.68%) FS (t=0:00:00:12 (2.43%), st=1960, avg=270 ms, found=1/48)...[0m
[1;94m[*] [0mFuzzing test case #33 (49 total, [0;31m6 crashes saved[0m, state: [0;31mfinished...[0m, mode=explore, perf_score=100, weight=1, favorite=0, was_fuzzed=1, exec_us=3758, hits=0, map=82, ascii=0, run_time=0:00:08:55, cvg=21.68%) FS (t=0:00:00:12 (2.43%), st=1960, avg=270 ms, found=1/48)...[0m
[1;94m[*] [0mFuzzing test case #8 (49 total, [0;31m6 crashes saved[0m, state: [0;31mfinished...[0m, mode=explore, perf_score=100, weight=1, favorite=1, was_fuzzed=1, exec_us=3851, hits=0, map=62, ascii=0, run_time=0:00:08:56, cvg=21.68%) FS (t=0:00:00:12 (2.42%), st=1960, avg=270 ms, found=1/48)...[0m
[1;94m[*] [0mFuzzing test case #8 (49 total, [0;31m6 crashes saved[0m, state: [0;31mfinished...[0m, mode=explore, perf_score=100, weight=1, favorite=1, was_fuzzed=1, exec_us=3851, hits=0, map=62, ascii=0, run_time=0:00:08:57, cvg=21.68%) FS (t=0:00:00:12 (2.42%), st=1960, avg=270 ms, found=1/48)...[0m
[1;94m[*] [0mFuzzing test case #44 (49 total, [0;31m6 crashes saved[0m, state: [0;31mfinished...[0m, mode=explore, perf_score=200, weight=1, favorite=0, was_fuzzed=1, exec_us=4599, hits=0, map=85, ascii=0, run_time=0:00:08:58, cvg=21.68%) FS (t=0:00:00:12 (2.41%), st=1960, avg=270 ms, found=1/48)...[0m
[1;94m[*] [0mFuzzing test case #40 (49 total, [0;31m6 crashes saved[0m, state: [0;31mfinished...[0m, mode=explore, perf_score=100, weight=1, favorite=0, was_fuzzed=1, exec_us=4753, hits=0, map=85, ascii=0, run_time=0:00:08:59, cvg=21.68%) FS (t=0:00:00:12 (2.41%), st=1960, avg=270 ms, found=1/48)...[0m
[1;94m[*] [0mFuzzing test case #43 (49 total, [0;31m6 crashes saved[0m, state: [0;31mfinished...[0m, mode=explore, perf_score=200, weight=3, favorite=0, was_fuzzed=1, exec_us=4544, hits=0, map=85, ascii=0, run_time=0:00:09:00, cvg=21.68%) FS (t=0:00:00:12 (2.40%), st=1960, avg=270 ms, found=1/48)...[0m
[1;94m[*] [0mFuzzing test case #28 (49 total, [0;31m6 crashes saved[0m, state: [0;31mfinished...[0m, mode=explore, perf_score=100, weight=1, favorite=0, was_fuzzed=1, exec_us=4872, hits=0, map=83, ascii=0, run_time=0:00:09:02, cvg=21.68%) FS (t=0:00:00:12 (2.40%), st=1960, avg=270 ms, found=1/48)...[0m
[1;94m[*] [0mFuzzing test case #26 (49 total, [0;31m6 crashes saved[0m, state: [0;31mfinished...[0m, mode=explore, perf_score=100, weight=1, favorite=0, was_fuzzed=1, exec_us=4338, hits=0, map=85, ascii=0, run_time=0:00:09:03, cvg=21.68%) FS (t=0:00:00:12 (2.39%), st=1960, avg=270 ms, found=1/48)...[0m
[1;94m[*] [0mFuzzing test case #3 (49 total, [0;31m6 crashes saved[0m, state: [0;31mfinished...[0m, mode=explore, perf_score=100, weight=1, favorite=1, was_fuzzed=1, exec_us=5058, hits=0, map=75, ascii=0, run_time=0:00:09:04, cvg=21.68%) FS (t=0:00:00:12 (2.39%), st=1960, avg=270 ms, found=1/48)...[0m
[1;94m[*] [0mFuzzing test case #3 (49 total, [0;31m6 crashes saved[0m, state: [0;31mfinished...[0m, mode=explore, perf_score=100, weight=1, favorite=1, was_fuzzed=1, exec_us=5058, hits=0, map=75, ascii=0, run_time=0:00:09:04, cvg=21.68%) FS (t=0:00:00:12 (2.39%), st=1960, avg=270 ms, found=1/48)...[0m
[1;94m[*] [0mFuzzing test case #38 (49 total, [0;31m6 crashes saved[0m, state: [0;31mfinished...[0m, mode=explore, perf_score=100, weight=4, favorite=0, was_fuzzed=1, exec_us=5932, hits=0, map=82, ascii=0, run_time=0:00:09:05, cvg=21.68%) FS (t=0:00:00:12 (2.38%), st=1960, avg=270 ms, found=1/48)...[0m
[1;94m[*] [0mFuzzing test case #43 (49 total, [0;31m6 crashes saved[0m, state: [0;31mfinished...[0m, mode=explore, perf_score=200, weight=3, favorite=0, was_fuzzed=1, exec_us=4544, hits=0, map=85, ascii=0, run_time=0:00:09:06, cvg=21.68%) FS (t=0:00:00:12 (2.38%), st=1960, avg=270 ms, found=1/48)...[0m
[1;94m[*] [0mFuzzing test case #35 (49 total, [0;31m6 crashes saved[0m, state: [0;31mfinished...[0m, mode=explore, perf_score=150, weight=1, favorite=0, was_fuzzed=1, exec_us=2994, hits=0, map=82, ascii=0, run_time=0:00:09:08, cvg=21.68%) FS (t=0:00:00:12 (2.37%), st=1960, avg=270 ms, found=1/48)...[0m
[1;94m[*] [0mFuzzing test case #3 (49 total, [0;31m6 crashes saved[0m, state: [0;31mfinished...[0m, mode=explore, perf_score=100, weight=1, favorite=1, was_fuzzed=1, exec_us=5058, hits=0, map=75, ascii=0, run_time=0:00:09:09, cvg=21.68%) FS (t=0:00:00:12 (2.36%), st=1960, avg=270 ms, found=1/48)...[0m
[1;94m[*] [0mFuzzing test case #8 (49 total, [0;31m6 crashes saved[0m, state: [0;31mfinished...[0m, mode=explore, perf_score=100, weight=1, favorite=1, was_fuzzed=1, exec_us=3851, hits=0, map=62, ascii=0, run_time=0:00:09:10, cvg=21.68%) FS (t=0:00:00:12 (2.36%), st=1960, avg=270 ms, found=1/48)...[0m
[1;94m[*] [0mFuzzing test case #8 (49 total, [0;31m6 crashes saved[0m, state: [0;31mfinished...[0m, mode=explore, perf_score=100, weight=1, favorite=1, was_fuzzed=1, exec_us=3851, hits=0, map=62, ascii=0, run_time=0:00:09:10, cvg=21.68%) FS (t=0:00:00:12 (2.36%), st=1960, avg=270 ms, found=1/48)...[0m
[1;94m[*] [0mEntering queue cycle 6
[0m
[1;94m[*] [0mFuzzing test case #46 (49 total, [0;31m6 crashes saved[0m, state: [0;31mfinished...[0m, mode=explore, perf_score=100, weight=1, favorite=0, was_fuzzed=1, exec_us=19572, hits=0, map=85, ascii=0, run_time=0:00:09:11, cvg=21.68%) FS (t=0:00:00:12 (2.36%), st=1960, avg=270 ms, found=1/48)...[0m
[1;94m[*] [0mFuzzing test case #22 (49 total, [0;31m6 crashes saved[0m, state: [0;31mfinished...[0m, mode=explore, perf_score=100, weight=1, favorite=0, was_fuzzed=1, exec_us=4761, hits=0, map=62, ascii=0, run_time=0:00:09:13, cvg=21.68%) FS (t=0:00:00:12 (2.35%), st=1960, avg=270 ms, found=1/48)...[0m
[1;94m[*] [0mFuzzing test case #8 (49 total, [0;31m6 crashes saved[0m, state: [0;31mfinished...[0m, mode=explore, perf_score=100, weight=1, favorite=1, was_fuzzed=1, exec_us=3851, hits=0, map=62, ascii=0, run_time=0:00:09:13, cvg=21.68%) FS (t=0:00:00:12 (2.35%), st=1960, avg=270 ms, found=1/48)...[0m
[1;94m[*] [0mFuzzing test case #43 (49 total, [0;31m6 crashes saved[0m, state: [0;31mfinished...[0m, mode=explore, perf_score=200, weight=3, favorite=0, was_fuzzed=1, exec_us=4544, hits=0, map=85, ascii=0, run_time=0:00:09:14, cvg=21.68%) FS (t=0:00:00:12 (2.34%), st=1960, avg=270 ms, found=1/48)...[0m
[1;94m[*] [0mFuzzing test case #39 (49 total, [0;31m6 crashes saved[0m, state: [0;31mfinished...[0m, mode=explore, perf_score=100, weight=1, favorite=0, was_fuzzed=1, exec_us=5369, hits=0, map=85, ascii=0, run_time=0:00:09:16, cvg=21.68%) FS (t=0:00:00:12 (2.34%), st=1960, avg=270 ms, found=1/48)...[0m
[1;94m[*] [0mFuzzing test case #3 (49 total, [0;31m6 crashes saved[0m, state: [0;31mfinished...[0m, mode=explore, perf_score=100, weight=1, favorite=1, was_fuzzed=1, exec_us=5058, hits=0, map=75, ascii=0, run_time=0:00:09:16, cvg=21.68%) FS (t=0:00:00:12 (2.33%), st=1960, avg=270 ms, found=1/48)...[0m
[1;94m[*] [0mFuzzing test case #19 (49 total, [0;31m6 crashes saved[0m, state: [0;31mfinished...[0m, mode=explore, perf_score=100, weight=1, favorite=0, was_fuzzed=1, exec_us=3681, hits=0, map=62, ascii=0, run_time=0:00:09:17, cvg=21.68%) FS (t=0:00:00:12 (2.33%), st=1960, avg=270 ms, found=1/48)...[0m
[1;94m[*] [0mFuzzing test case #7 (49 total, [0;31m6 crashes saved[0m, state: [0;31mfinished...[0m, mode=explore, perf_score=50, weight=1, favorite=0, was_fuzzed=1, exec_us=18241, hits=0, map=62, ascii=0, run_time=0:00:09:18, cvg=21.68%) FS (t=0:00:00:12 (2.33%), st=1960, avg=270 ms, found=1/48)...[0m
[1;94m[*] [0mFuzzing test case #3 (49 total, [0;31m6 crashes saved[0m, state: [0;31mfinished...[0m, mode=explore, perf_score=100, weight=1, favorite=1, was_fuzzed=1, exec_us=5058, hits=0, map=75, ascii=0, run_time=0:00:09:18, cvg=21.68%) FS (t=0:00:00:12 (2.33%), st=1960, avg=270 ms, found=1/48)...[0m
[1;94m[*] [0mFuzzing test case #22 (49 total, [0;31m6 crashes saved[0m, state: [0;31mfinished...[0m, mode=explore, perf_score=100, weight=1, favorite=0, was_fuzzed=1, exec_us=4761, hits=0, map=62, ascii=0, run_time=0:00:09:19, cvg=21.68%) FS (t=0:00:00:12 (2.32%), st=1960, avg=270 ms, found=1/48)...[0m
[1;94m[*] [0mFuzzing test case #38 (49 total, [0;31m6 crashes saved[0m, state: [0;31mfinished...[0m, mode=explore, perf_score=100, weight=4, favorite=0, was_fuzzed=1, exec_us=5932, hits=0, map=82, ascii=0, run_time=0:00:09:20, cvg=21.68%) FS (t=0:00:00:12 (2.32%), st=1960, avg=270 ms, found=1/48)...[0m
[1;94m[*] [0mFuzzing test case #41 (49 total, [0;31m6 crashes saved[0m, state: [0;31mfinished...[0m, mode=explore, perf_score=100, weight=1, favorite=0, was_fuzzed=1, exec_us=3816, hits=0, map=62, ascii=0, run_time=0:00:09:22, cvg=21.68%) FS (t=0:00:00:12 (2.31%), st=1960, avg=270 ms, found=1/48)...[0m
[1;94m[*] [0mFuzzing test case #5 (49 total, [0;31m6 crashes saved[0m, state: [0;31mfinished...[0m, mode=explore, perf_score=100, weight=1, favorite=0, was_fuzzed=1, exec_us=5071, hits=0, map=80, ascii=0, run_time=0:00:09:24, cvg=21.68%) FS (t=0:00:00:12 (2.30%), st=1960, avg=270 ms, found=1/48)...[0m
[1;94m[*] [0mFuzzing test case #8 (49 total, [0;31m6 crashes saved[0m, state: [0;31mfinished...[0m, mode=explore, perf_score=100, weight=1, favorite=1, was_fuzzed=1, exec_us=3851, hits=0, map=62, ascii=0, run_time=0:00:09:25, cvg=21.68%) FS (t=0:00:00:12 (2.30%), st=1960, avg=270 ms, found=1/48)...[0m
[1;94m[*] [0mFuzzing test case #3 (49 total, [0;31m6 crashes saved[0m, state: [0;31mfinished...[0m, mode=explore, perf_score=100, weight=1, favorite=1, was_fuzzed=1, exec_us=5058, hits=0, map=75, ascii=0, run_time=0:00:09:26, cvg=21.68%) FS (t=0:00:00:12 (2.29%), st=1960, avg=270 ms, found=1/48)...[0m
[1;94m[*] [0mFuzzing test case #33 (49 total, [0;31m6 crashes saved[0m, state: [0;31mfinished...[0m, mode=explore, perf_score=100, weight=1, favorite=0, was_fuzzed=1, exec_us=3758, hits=0, map=82, ascii=0, run_time=0:00:09:27, cvg=21.68%) FS (t=0:00:00:12 (2.29%), st=1960, avg=270 ms, found=1/48)...[0m
[1;94m[*] [0mFuzzing test case #13 (49 total, [0;31m6 crashes saved[0m, state: [0;31mfinished...[0m, mode=explore, perf_score=100, weight=3, favorite=0, was_fuzzed=1, exec_us=4740, hits=0, map=76, ascii=0, run_time=0:00:09:28, cvg=21.68%) FS (t=0:00:00:12 (2.28%), st=1960, avg=270 ms, found=1/48)...[0m
[1;94m[*] [0mFuzzing test case #8 (49 total, [0;31m6 crashes saved[0m, state: [0;31mfinished...[0m, mode=explore, perf_score=100, weight=1, favorite=1, was_fuzzed=1, exec_us=3851, hits=0, map=62, ascii=0, run_time=0:00:09:29, cvg=21.68%) FS (t=0:00:00:12 (2.28%), st=1960, avg=270 ms, found=1/48)...[0m
[1;94m[*] [0mFuzzing test case #8 (49 total, [0;31m6 crashes saved[0m, state: [0;31mfinished...[0m, mode=explore, perf_score=100, weight=1, favorite=1, was_fuzzed=1, exec_us=3851, hits=0, map=62, ascii=0, run_time=0:00:09:29, cvg=21.68%) FS (t=0:00:00:12 (2.28%), st=1960, avg=270 ms, found=1/48)...[0m
[1;94m[*] [0mFuzzing test case #8 (49 total, [0;31m6 crashes saved[0m, state: [0;31mfinished...[0m, mode=explore, perf_score=100, weight=1, favorite=1, was_fuzzed=1, exec_us=3851, hits=0, map=62, ascii=0, run_time=0:00:09:30, cvg=21.68%) FS (t=0:00:00:12 (2.28%), st=1960, avg=270 ms, found=1/48)...[0m
[1;94m[*] [0mFuzzing test case #4 (49 total, [0;31m6 crashes saved[0m, state: [0;31mfinished...[0m, mode=explore, perf_score=100, weight=1, favorite=1, was_fuzzed=1, exec_us=4483, hits=0, map=57, ascii=0, run_time=0:00:09:30, cvg=21.68%) FS (t=0:00:00:12 (2.28%), st=1960, avg=270 ms, found=1/48)...[0m
[1;94m[*] [0mFuzzing test case #25 (49 total, [0;31m6 crashes saved[0m, state: [0;31mfinished...[0m, mode=explore, perf_score=100, weight=1, favorite=0, was_fuzzed=1, exec_us=4872, hits=0, map=70, ascii=0, run_time=0:00:09:31, cvg=21.68%) FS (t=0:00:00:12 (2.27%), st=1960, avg=270 ms, found=1/48)...[0m
[1;94m[*] [0mFuzzing test case #34 (49 total, [0;31m6 crashes saved[0m, state: [0;31mfinished...[0m, mode=explore, perf_score=100, weight=3, favorite=0, was_fuzzed=1, exec_us=3319, hits=0, map=85, ascii=0, run_time=0:00:09:32, cvg=21.68%) FS (t=0:00:00:12 (2.27%), st=1960, avg=270 ms, found=1/48)...[0m
[1;94m[*] [0mFuzzing test case #13 (49 total, [0;31m6 crashes saved[0m, state: [0;31mfinished...[0m, mode=explore, perf_score=100, weight=3, favorite=0, was_fuzzed=1, exec_us=4740, hits=0, map=76, ascii=0, run_time=0:00:09:33, cvg=21.68%) FS (t=0:00:00:12 (2.27%), st=1960, avg=270 ms, found=1/48)...[0m
[1;94m[*] [0mFuzzing test case #42 (49 total, [0;31m6 crashes saved[0m, state: [0;31mfinished...[0m, mode=explore, perf_score=50, weight=1, favorite=0, was_fuzzed=1, exec_us=20899, hits=0, map=85, ascii=0, run_time=0:00:09:34, cvg=21.68%) FS (t=0:00:00:12 (2.26%), st=1960, avg=270 ms, found=1/48)...[0m
[1;94m[*] [0mFuzzing test case #28 (49 total, [0;31m6 crashes saved[0m, state: [0;31mfinished...[0m, mode=explore, perf_score=100, weight=1, favorite=0, was_fuzzed=1, exec_us=4872, hits=0, map=83, ascii=0, run_time=0:00:09:35, cvg=21.68%) FS (t=0:00:00:12 (2.26%), st=1960, avg=270 ms, found=1/48)...[0m
[1;94m[*] [0mFuzzing test case #43 (49 total, [0;31m6 crashes saved[0m, state: [0;31mfinished...[0m, mode=explore, perf_score=200, weight=3, favorite=0, was_fuzzed=1, exec_us=4544, hits=0, map=85, ascii=0, run_time=0:00:09:36, cvg=21.68%) FS (t=0:00:00:12 (2.26%), st=1960, avg=270 ms, found=1/48)...[0m
[1;94m[*] [0mFuzzing test case #43 (49 total, [0;31m6 crashes saved[0m, state: [0;31mfinished...[0m, mode=explore, perf_score=200, weight=3, favorite=0, was_fuzzed=1, exec_us=4544, hits=0, map=85, ascii=0, run_time=0:00:09:37, cvg=21.68%) FS (t=0:00:00:12 (2.25%), st=1960, avg=270 ms, found=1/48)...[0m
[1;94m[*] [0mFuzzing test case #3 (49 total, [0;31m6 crashes saved[0m, state: [0;31mfinished...[0m, mode=explore, perf_score=100, weight=1, favorite=1, was_fuzzed=1, exec_us=5058, hits=0, map=75, ascii=0, run_time=0:00:09:39, cvg=21.68%) FS (t=0:00:00:12 (2.24%), st=1960, avg=270 ms, found=1/48)...[0m
[1;94m[*] [0mFuzzing test case #8 (49 total, [0;31m6 crashes saved[0m, state: [0;31mfinished...[0m, mode=explore, perf_score=100, weight=1, favorite=1, was_fuzzed=1, exec_us=3851, hits=0, map=62, ascii=0, run_time=0:00:09:40, cvg=21.68%) FS (t=0:00:00:12 (2.24%), st=1960, avg=270 ms, found=1/48)...[0m
[1;94m[*] [0mFuzzing test case #24 (49 total, [0;31m6 crashes saved[0m, state: [0;31mfinished...[0m, mode=explore, perf_score=100, weight=3, favorite=0, was_fuzzed=1, exec_us=4103, hits=0, map=62, ascii=0, run_time=0:00:09:41, cvg=21.68%) FS (t=0:00:00:12 (2.24%), st=1960, avg=270 ms, found=1/48)...[0m
[1;94m[*] [0mFuzzing test case #3 (49 total, [0;31m6 crashes saved[0m, state: [0;31mfinished...[0m, mode=explore, perf_score=100, weight=1, favorite=1, was_fuzzed=1, exec_us=5058, hits=0, map=75, ascii=0, run_time=0:00:09:42, cvg=21.68%) FS (t=0:00:00:12 (2.23%), st=1960, avg=270 ms, found=1/48)...[0m
[1;94m[*] [0mFuzzing test case #4 (49 total, [0;31m6 crashes saved[0m, state: [0;31mfinished...[0m, mode=explore, perf_score=100, weight=1, favorite=1, was_fuzzed=1, exec_us=4483, hits=0, map=57, ascii=0, run_time=0:00:09:43, cvg=21.68%) FS (t=0:00:00:12 (2.23%), st=1960, avg=270 ms, found=1/48)...[0m
[1;94m[*] [0mFuzzing test case #4 (49 total, [0;31m6 crashes saved[0m, state: [0;31mfinished...[0m, mode=explore, perf_score=100, weight=1, favorite=1, was_fuzzed=1, exec_us=4483, hits=0, map=57, ascii=0, run_time=0:00:09:43, cvg=21.68%) FS (t=0:00:00:12 (2.23%), st=1960, avg=270 ms, found=1/48)...[0m
[1;94m[*] [0mFuzzing test case #36 (49 total, [0;31m6 crashes saved[0m, state: [0;31mfinished...[0m, mode=explore, perf_score=100, weight=1, favorite=0, was_fuzzed=1, exec_us=3217, hits=0, map=57, ascii=0, run_time=0:00:09:44, cvg=21.68%) FS (t=0:00:00:12 (2.22%), st=1960, avg=270 ms, found=1/48)...[0m
[1;94m[*] [0mFuzzing test case #18 (49 total, [0;31m6 crashes saved[0m, state: [0;31mfinished...[0m, mode=explore, perf_score=100, weight=1, favorite=0, was_fuzzed=1, exec_us=4135, hits=0, map=85, ascii=0, run_time=0:00:09:45, cvg=21.68%) FS (t=0:00:00:12 (2.22%), st=1960, avg=270 ms, found=1/48)...[0m
[1;94m[*] [0mFuzzing test case #3 (49 total, [0;31m6 crashes saved[0m, state: [0;31mfinished...[0m, mode=explore, perf_score=100, weight=1, favorite=1, was_fuzzed=1, exec_us=5058, hits=0, map=75, ascii=0, run_time=0:00:09:46, cvg=21.68%) FS (t=0:00:00:12 (2.22%), st=1960, avg=270 ms, found=1/48)...[0m
[1;94m[*] [0mFuzzing test case #43 (49 total, [0;31m6 crashes saved[0m, state: [0;31mfinished...[0m, mode=explore, perf_score=200, weight=3, favorite=0, was_fuzzed=1, exec_us=4544, hits=0, map=85, ascii=0, run_time=0:00:09:46, cvg=21.68%) FS (t=0:00:00:12 (2.21%), st=1960, avg=270 ms, found=1/48)...[0m
[1;94m[*] [0mFuzzing test case #43 (49 total, [0;31m6 crashes saved[0m, state: [0;31mfinished...[0m, mode=explore, perf_score=200, weight=3, favorite=0, was_fuzzed=1, exec_us=4544, hits=0, map=85, ascii=0, run_time=0:00:09:48, cvg=21.68%) FS (t=0:00:00:12 (2.21%), st=1960, avg=270 ms, found=1/48)...[0m
[1;94m[*] [0mFuzzing test case #43 (49 total, [0;31m6 crashes saved[0m, state: [0;31mfinished...[0m, mode=explore, perf_score=200, weight=3, favorite=0, was_fuzzed=1, exec_us=4544, hits=0, map=85, ascii=0, run_time=0:00:09:50, cvg=21.68%) FS (t=0:00:00:12 (2.20%), st=1960, avg=270 ms, found=1/48)...[0m
[1;94m[*] [0mFuzzing test case #3 (49 total, [0;31m6 crashes saved[0m, state: [0;31mfinished...[0m, mode=explore, perf_score=100, weight=1, favorite=1, was_fuzzed=1, exec_us=5058, hits=0, map=75, ascii=0, run_time=0:00:09:51, cvg=21.68%) FS (t=0:00:00:12 (2.20%), st=1960, avg=270 ms, found=1/48)...[0m
[1;94m[*] [0mFuzzing test case #41 (49 total, [0;31m6 crashes saved[0m, state: [0;31mfinished...[0m, mode=explore, perf_score=100, weight=1, favorite=0, was_fuzzed=1, exec_us=3816, hits=0, map=62, ascii=0, run_time=0:00:09:52, cvg=21.68%) FS (t=0:00:00:12 (2.19%), st=1960, avg=270 ms, found=1/48)...[0m
[1;94m[*] [0mFuzzing test case #8 (49 total, [0;31m6 crashes saved[0m, state: [0;31mfinished...[0m, mode=explore, perf_score=100, weight=1, favorite=1, was_fuzzed=1, exec_us=3851, hits=0, map=62, ascii=0, run_time=0:00:09:54, cvg=21.68%) FS (t=0:00:00:12 (2.19%), st=1960, avg=270 ms, found=1/48)...[0m
[1;94m[*] [0mFuzzing test case #3 (49 total, [0;31m6 crashes saved[0m, state: [0;31mfinished...[0m, mode=explore, perf_score=100, weight=1, favorite=1, was_fuzzed=1, exec_us=5058, hits=0, map=75, ascii=0, run_time=0:00:09:55, cvg=21.68%) FS (t=0:00:00:12 (2.18%), st=1960, avg=270 ms, found=1/48)...[0m
[1;94m[*] [0mFuzzing test case #8 (49 total, [0;31m6 crashes saved[0m, state: [0;31mfinished...[0m, mode=explore, perf_score=100, weight=1, favorite=1, was_fuzzed=1, exec_us=3851, hits=0, map=62, ascii=0, run_time=0:00:09:56, cvg=21.68%) FS (t=0:00:00:12 (2.18%), st=1960, avg=270 ms, found=1/48)...[0m
[1;94m[*] [0mFuzzing test case #3 (49 total, [0;31m6 crashes saved[0m, state: [0;31mfinished...[0m, mode=explore, perf_score=100, weight=1, favorite=1, was_fuzzed=1, exec_us=5058, hits=0, map=75, ascii=0, run_time=0:00:09:56, cvg=21.68%) FS (t=0:00:00:12 (2.18%), st=1960, avg=270 ms, found=1/48)...[0m
[1;94m[*] [0mFuzzing test case #26 (49 total, [0;31m6 crashes saved[0m, state: [0;31mfinished...[0m, mode=explore, perf_score=100, weight=1, favorite=0, was_fuzzed=1, exec_us=4338, hits=0, map=85, ascii=0, run_time=0:00:09:57, cvg=21.68%) FS (t=0:00:00:12 (2.17%), st=1960, avg=270 ms, found=1/48)...[0m
[1;94m[*] [0mFuzzing test case #48 (49 total, [0;31m6 crashes saved[0m, state: [0;31mfinished...[0m, mode=explore, perf_score=200, weight=1, favorite=0, was_fuzzed=1, exec_us=5358, hits=0, map=85, ascii=0, run_time=0:00:09:59, cvg=21.68%) FS (t=0:00:00:12 (2.17%), st=1960, avg=270 ms, found=1/48)...[0m
[1;94m[*] [0mFuzzing test case #13 (50 total, [0;31m6 crashes saved[0m, state: [0;31mfinished...[0m, mode=explore, perf_score=100, weight=1, favorite=0, was_fuzzed=1, exec_us=4740, hits=0, map=76, ascii=0, run_time=0:00:10:06, cvg=21.68%) FS (t=0:00:00:12 (2.14%), st=1960, avg=270 ms, found=1/48)...[0m
[1;94m[*] [0mFuzzing test case #49 (50 total, [0;31m6 crashes saved[0m, state: [0;31mfinished...[0m, mode=explore, perf_score=600, weight=4, favorite=0, was_fuzzed=0, exec_us=10377, hits=0, map=85, ascii=0, run_time=0:00:10:08, cvg=21.68%) FS (t=0:00:00:12 (2.14%), st=1960, avg=270 ms, found=1/48)...[0m
[1;94m[*] [0mFuzzing test case #50 (51 total, [0;31m6 crashes saved[0m, state: [0;31mfinished...[0m, mode=explore, perf_score=200, weight=4, favorite=0, was_fuzzed=0, exec_us=36874, hits=0, map=85, ascii=0, run_time=0:00:10:56, cvg=21.68%) FS (t=0:00:00:14 (2.29%), st=2030, avg=306 ms, found=1/49)...[0m
[1;94m[*] [0mFuzzing test case #49 (51 total, [0;31m6 crashes saved[0m, state: [0;31mfinished...[0m, mode=explore, perf_score=300, weight=2, favorite=0, was_fuzzed=1, exec_us=10377, hits=0, map=85, ascii=0, run_time=0:00:11:18, cvg=21.68%) FS (t=0:00:00:16 (2.50%), st=2113, avg=339 ms, found=1/50)...[0m
[1;94m[*] [0mFuzzing test case #15 (51 total, [0;31m6 crashes saved[0m, state: [0;31mfinished...[0m, mode=explore, perf_score=100, weight=1, favorite=0, was_fuzzed=1, exec_us=4116, hits=0, map=62, ascii=0, run_time=0:00:11:25, cvg=21.68%) FS (t=0:00:00:16 (2.48%), st=2113, avg=339 ms, found=1/50)...[0m
[1;94m[*] [0mEntering queue cycle 7
[0m
[1;94m[*] [0mFuzzing test case #8 (51 total, [0;31m6 crashes saved[0m, state: [0;31mfinished...[0m, mode=explore, perf_score=100, weight=1, favorite=1, was_fuzzed=1, exec_us=3851, hits=0, map=62, ascii=0, run_time=0:00:11:26, cvg=21.68%) FS (t=0:00:00:16 (2.48%), st=2113, avg=339 ms, found=1/50)...[0m
[1;94m[*] [0mFuzzing test case #8 (51 total, [0;31m6 crashes saved[0m, state: [0;31mfinished...[0m, mode=explore, perf_score=100, weight=1, favorite=1, was_fuzzed=1, exec_us=3851, hits=0, map=62, ascii=0, run_time=0:00:11:27, cvg=21.68%) FS (t=0:00:00:16 (2.47%), st=2113, avg=339 ms, found=1/50)...[0m
[1;94m[*] [0mFuzzing test case #45 (52 total, [0;31m6 crashes saved[0m, state: [0;31mfinished...[0m, mode=explore, perf_score=200, weight=1, favorite=0, was_fuzzed=1, exec_us=3947, hits=0, map=57, ascii=0, run_time=0:00:11:30, cvg=21.68%) FS (t=0:00:00:16 (2.46%), st=2113, avg=339 ms, found=1/50)...[0m
[1;94m[*] [0mFuzzing test case #51 (52 total, [0;31m6 crashes saved[0m, state: [0;31mfinished...[0m, mode=explore, perf_score=200, weight=4, favorite=0, was_fuzzed=0, exec_us=17190, hits=0, map=62, ascii=0, run_time=0:00:11:32, cvg=21.68%) FS (t=0:00:00:16 (2.45%), st=2113, avg=339 ms, found=1/50)...[0m
[1;94m[*] [0mFuzzing test case #5 (52 total, [0;31m6 crashes saved[0m, state: [0;31mfinished...[0m, mode=explore, perf_score=100, weight=1, favorite=0, was_fuzzed=1, exec_us=5071, hits=0, map=80, ascii=0, run_time=0:00:11:56, cvg=21.68%) FS (t=0:00:00:19 (2.66%), st=2286, avg=373 ms, found=1/51)...[0m
[1;94m[*] [0mFuzzing test case #5 (52 total, [0;31m6 crashes saved[0m, state: [0;31mfinished...[0m, mode=explore, perf_score=100, weight=1, favorite=0, was_fuzzed=1, exec_us=5071, hits=0, map=80, ascii=0, run_time=0:00:11:57, cvg=21.68%) FS (t=0:00:00:19 (2.65%), st=2286, avg=373 ms, found=1/51)...[0m
[1;94m[*] [0mFuzzing test case #3 (52 total, [0;31m6 crashes saved[0m, state: [0;31mfinished...[0m, mode=explore, perf_score=100, weight=1, favorite=1, was_fuzzed=1, exec_us=5058, hits=0, map=75, ascii=0, run_time=0:00:11:58, cvg=21.68%) FS (t=0:00:00:19 (2.65%), st=2286, avg=373 ms, found=1/51)...[0m
[1;94m[*] [0mFuzzing test case #4 (52 total, [0;31m6 crashes saved[0m, state: [0;31mfinished...[0m, mode=explore, perf_score=100, weight=1, favorite=1, was_fuzzed=1, exec_us=4483, hits=0, map=57, ascii=0, run_time=0:00:11:58, cvg=21.68%) FS (t=0:00:00:19 (2.65%), st=2286, avg=373 ms, found=1/51)...[0m
[1;94m[*] [0mFuzzing test case #3 (52 total, [0;31m6 crashes saved[0m, state: [0;31mfinished...[0m, mode=explore, perf_score=100, weight=1, favorite=1, was_fuzzed=1, exec_us=5058, hits=0, map=75, ascii=0, run_time=0:00:12:00, cvg=21.68%) FS (t=0:00:00:19 (2.64%), st=2286, avg=373 ms, found=1/51)...[0m
[1;94m[*] [0mFuzzing test case #10 (52 total, [0;31m6 crashes saved[0m, state: [0;31mfinished...[0m, mode=explore, perf_score=100, weight=1, favorite=0, was_fuzzed=1, exec_us=4508, hits=0, map=80, ascii=0, run_time=0:00:12:01, cvg=21.68%) FS (t=0:00:00:19 (2.64%), st=2286, avg=373 ms, found=1/51)...[0m
[1;94m[*] [0mFuzzing test case #4 (52 total, [0;31m6 crashes saved[0m, state: [0;31mfinished...[0m, mode=explore, perf_score=100, weight=1, favorite=1, was_fuzzed=1, exec_us=4483, hits=0, map=57, ascii=0, run_time=0:00:12:02, cvg=21.68%) FS (t=0:00:00:19 (2.63%), st=2286, avg=373 ms, found=1/51)...[0m
[1;94m[*] [0mFuzzing test case #12 (52 total, [0;31m6 crashes saved[0m, state: [0;31mfinished...[0m, mode=explore, perf_score=100, weight=1, favorite=0, was_fuzzed=1, exec_us=4547, hits=0, map=83, ascii=0, run_time=0:00:12:04, cvg=21.68%) FS (t=0:00:00:19 (2.63%), st=2286, avg=373 ms, found=1/51)...[0m
[1;94m[*] [0mFuzzing test case #12 (52 total, [0;31m6 crashes saved[0m, state: [0;31mfinished...[0m, mode=explore, perf_score=100, weight=1, favorite=0, was_fuzzed=1, exec_us=4547, hits=0, map=83, ascii=0, run_time=0:00:12:05, cvg=21.68%) FS (t=0:00:00:19 (2.62%), st=2286, avg=373 ms, found=1/51)...[0m
[1;94m[*] [0mFuzzing test case #41 (52 total, [0;31m6 crashes saved[0m, state: [0;31mfinished...[0m, mode=explore, perf_score=100, weight=1, favorite=0, was_fuzzed=1, exec_us=3816, hits=0, map=62, ascii=0, run_time=0:00:12:06, cvg=21.68%) FS (t=0:00:00:19 (2.62%), st=2286, avg=373 ms, found=1/51)...[0m
[1;94m[*] [0mFuzzing test case #8 (52 total, [0;31m6 crashes saved[0m, state: [0;31mfinished...[0m, mode=explore, perf_score=100, weight=1, favorite=1, was_fuzzed=1, exec_us=3851, hits=0, map=62, ascii=0, run_time=0:00:12:08, cvg=21.68%) FS (t=0:00:00:19 (2.61%), st=2286, avg=373 ms, found=1/51)...[0m
[1;94m[*] [0mFuzzing test case #3 (52 total, [0;31m6 crashes saved[0m, state: [0;31mfinished...[0m, mode=explore, perf_score=100, weight=1, favorite=1, was_fuzzed=1, exec_us=5058, hits=0, map=75, ascii=0, run_time=0:00:12:10, cvg=21.68%) FS (t=0:00:00:19 (2.60%), st=2286, avg=373 ms, found=1/51)...[0m
[1;94m[*] [0mFuzzing test case #9 (52 total, [0;31m6 crashes saved[0m, state: [0;31mfinished...[0m, mode=explore, perf_score=100, weight=1, favorite=0, was_fuzzed=1, exec_us=4240, hits=0, map=83, ascii=0, run_time=0:00:12:11, cvg=21.68%) FS (t=0:00:00:19 (2.60%), st=2286, avg=373 ms, found=1/51)...[0m
[1;94m[*] [0mFuzzing test case #8 (52 total, [0;31m6 crashes saved[0m, state: [0;31mfinished...[0m, mode=explore, perf_score=100, weight=1, favorite=1, was_fuzzed=1, exec_us=3851, hits=0, map=62, ascii=0, run_time=0:00:12:12, cvg=21.68%) FS (t=0:00:00:19 (2.60%), st=2286, avg=373 ms, found=1/51)...[0m
[1;94m[*] [0mFuzzing test case #8 (52 total, [0;31m6 crashes saved[0m, state: [0;31mfinished...[0m, mode=explore, perf_score=100, weight=1, favorite=1, was_fuzzed=1, exec_us=3851, hits=0, map=62, ascii=0, run_time=0:00:12:13, cvg=21.68%) FS (t=0:00:00:19 (2.59%), st=2286, avg=373 ms, found=1/51)...[0m
[1;94m[*] [0mFuzzing test case #4 (52 total, [0;31m6 crashes saved[0m, state: [0;31mfinished...[0m, mode=explore, perf_score=100, weight=1, favorite=1, was_fuzzed=1, exec_us=4483, hits=0, map=57, ascii=0, run_time=0:00:12:14, cvg=21.68%) FS (t=0:00:00:19 (2.59%), st=2286, avg=373 ms, found=1/51)...[0m
[1;94m[*] [0mFuzzing test case #4 (52 total, [0;31m6 crashes saved[0m, state: [0;31mfinished...[0m, mode=explore, perf_score=100, weight=1, favorite=1, was_fuzzed=1, exec_us=4483, hits=0, map=57, ascii=0, run_time=0:00:12:15, cvg=21.68%) FS (t=0:00:00:19 (2.59%), st=2286, avg=373 ms, found=1/51)...[0m
[1;94m[*] [0mFuzzing test case #8 (52 total, [0;31m6 crashes saved[0m, state: [0;31mfinished...[0m, mode=explore, perf_score=100, weight=1, favorite=1, was_fuzzed=1, exec_us=3851, hits=0, map=62, ascii=0, run_time=0:00:12:16, cvg=21.68%) FS (t=0:00:00:19 (2.58%), st=2286, avg=373 ms, found=1/51)...[0m
[1;94m[*] [0mFuzzing test case #16 (52 total, [0;31m6 crashes saved[0m, state: [0;31mfinished...[0m, mode=explore, perf_score=56, weight=1, favorite=0, was_fuzzed=1, exec_us=12981, hits=0, map=47, ascii=0, run_time=0:00:12:18, cvg=21.68%) FS (t=0:00:00:19 (2.58%), st=2286, avg=373 ms, found=1/51)...[0m
[1;94m[*] [0mFuzzing test case #38 (52 total, [0;31m6 crashes saved[0m, state: [0;31mfinished...[0m, mode=explore, perf_score=100, weight=1, favorite=0, was_fuzzed=1, exec_us=5932, hits=0, map=82, ascii=0, run_time=0:00:12:18, cvg=21.68%) FS (t=0:00:00:19 (2.58%), st=2286, avg=373 ms, found=1/51)...[0m
[1;94m[*] [0mFuzzing test case #38 (52 total, [0;31m6 crashes saved[0m, state: [0;31mfinished...[0m, mode=explore, perf_score=100, weight=1, favorite=0, was_fuzzed=1, exec_us=5932, hits=0, map=82, ascii=0, run_time=0:00:12:19, cvg=21.68%) FS (t=0:00:00:19 (2.57%), st=2286, avg=373 ms, found=1/51)...[0m
[1;94m[*] [0mFuzzing test case #47 (52 total, [0;31m6 crashes saved[0m, state: [0;31mfinished...[0m, mode=explore, perf_score=150, weight=1, favorite=0, was_fuzzed=1, exec_us=13146, hits=0, map=85, ascii=0, run_time=0:00:12:21, cvg=21.68%) FS (t=0:00:00:19 (2.57%), st=2286, avg=373 ms, found=1/51)...[0m
[1;94m[*] [0mFuzzing test case #40 (52 total, [0;31m6 crashes saved[0m, state: [0;31mfinished...[0m, mode=explore, perf_score=100, weight=1, favorite=0, was_fuzzed=1, exec_us=4753, hits=0, map=85, ascii=0, run_time=0:00:12:22, cvg=21.68%) FS (t=0:00:00:19 (2.56%), st=2286, avg=373 ms, found=1/51)...[0m
[1;94m[*] [0mFuzzing test case #51 (52 total, [0;31m6 crashes saved[0m, state: [0;31mfinished...[0m, mode=explore, perf_score=200, weight=4, favorite=0, was_fuzzed=1, exec_us=17190, hits=0, map=62, ascii=0, run_time=0:00:12:23, cvg=21.68%) FS (t=0:00:00:19 (2.56%), st=2286, avg=373 ms, found=1/51)...[0m
[1;94m[*] [0mFuzzing test case #8 (52 total, [0;31m6 crashes saved[0m, state: [0;31mfinished...[0m, mode=explore, perf_score=100, weight=1, favorite=1, was_fuzzed=1, exec_us=3851, hits=0, map=62, ascii=0, run_time=0:00:12:27, cvg=21.68%) FS (t=0:00:00:19 (2.54%), st=2286, avg=373 ms, found=1/51)...[0m
[1;94m[*] [0mFuzzing test case #3 (52 total, [0;31m6 crashes saved[0m, state: [0;31mfinished...[0m, mode=explore, perf_score=100, weight=1, favorite=1, was_fuzzed=1, exec_us=5058, hits=0, map=75, ascii=0, run_time=0:00:12:28, cvg=21.68%) FS (t=0:00:00:19 (2.54%), st=2286, avg=373 ms, found=1/51)...[0m
[1;94m[*] [0mFuzzing test case #4 (52 total, [0;31m6 crashes saved[0m, state: [0;31mfinished...[0m, mode=explore, perf_score=100, weight=1, favorite=1, was_fuzzed=1, exec_us=4483, hits=0, map=57, ascii=0, run_time=0:00:12:30, cvg=21.68%) FS (t=0:00:00:19 (2.54%), st=2286, avg=373 ms, found=1/51)...[0m
[1;94m[*] [0mFuzzing test case #3 (52 total, [0;31m6 crashes saved[0m, state: [0;31mfinished...[0m, mode=explore, perf_score=100, weight=1, favorite=1, was_fuzzed=1, exec_us=5058, hits=0, map=75, ascii=0, run_time=0:00:12:30, cvg=21.68%) FS (t=0:00:00:19 (2.53%), st=2286, avg=373 ms, found=1/51)...[0m
[1;94m[*] [0mFuzzing test case #29 (52 total, [0;31m6 crashes saved[0m, state: [0;31mfinished...[0m, mode=explore, perf_score=75, weight=1, favorite=0, was_fuzzed=1, exec_us=13986, hits=0, map=62, ascii=0, run_time=0:00:12:31, cvg=21.68%) FS (t=0:00:00:19 (2.53%), st=2286, avg=373 ms, found=1/51)...[0m
[1;94m[*] [0mFuzzing test case #4 (52 total, [0;31m6 crashes saved[0m, state: [0;31mfinished...[0m, mode=explore, perf_score=100, weight=1, favorite=1, was_fuzzed=1, exec_us=4483, hits=0, map=57, ascii=0, run_time=0:00:12:32, cvg=21.68%) FS (t=0:00:00:19 (2.53%), st=2286, avg=373 ms, found=1/51)...[0m
[1;94m[*] [0mFuzzing test case #4 (52 total, [0;31m6 crashes saved[0m, state: [0;31mfinished...[0m, mode=explore, perf_score=100, weight=1, favorite=1, was_fuzzed=1, exec_us=4483, hits=0, map=57, ascii=0, run_time=0:00:12:33, cvg=21.68%) FS (t=0:00:00:19 (2.52%), st=2286, avg=373 ms, found=1/51)...[0m
[1;94m[*] [0mFuzzing test case #3 (52 total, [0;31m6 crashes saved[0m, state: [0;31mfinished...[0m, mode=explore, perf_score=100, weight=1, favorite=1, was_fuzzed=1, exec_us=5058, hits=0, map=75, ascii=0, run_time=0:00:12:35, cvg=21.68%) FS (t=0:00:00:19 (2.52%), st=2286, avg=373 ms, found=1/51)...[0m
[1;94m[*] [0mFuzzing test case #8 (52 total, [0;31m6 crashes saved[0m, state: [0;31mfinished...[0m, mode=explore, perf_score=100, weight=1, favorite=1, was_fuzzed=1, exec_us=3851, hits=0, map=62, ascii=0, run_time=0:00:12:36, cvg=21.68%) FS (t=0:00:00:19 (2.51%), st=2286, avg=373 ms, found=1/51)...[0m
[1;94m[*] [0mFuzzing test case #3 (52 total, [0;31m6 crashes saved[0m, state: [0;31mfinished...[0m, mode=explore, perf_score=100, weight=1, favorite=1, was_fuzzed=1, exec_us=5058, hits=0, map=75, ascii=0, run_time=0:00:12:38, cvg=21.68%) FS (t=0:00:00:19 (2.51%), st=2286, avg=373 ms, found=1/51)...[0m
[1;94m[*] [0mFuzzing test case #41 (52 total, [0;31m6 crashes saved[0m, state: [0;31mfinished...[0m, mode=explore, perf_score=100, weight=1, favorite=0, was_fuzzed=1, exec_us=3816, hits=0, map=62, ascii=0, run_time=0:00:12:38, cvg=21.68%) FS (t=0:00:00:19 (2.51%), st=2286, avg=373 ms, found=1/51)...[0m
[1;94m[*] [0mFuzzing test case #8 (52 total, [0;31m6 crashes saved[0m, state: [0;31mfinished...[0m, mode=explore, perf_score=100, weight=1, favorite=1, was_fuzzed=1, exec_us=3851, hits=0, map=62, ascii=0, run_time=0:00:12:41, cvg=21.68%) FS (t=0:00:00:19 (2.50%), st=2286, avg=373 ms, found=1/51)...[0m
[1;94m[*] [0mFuzzing test case #8 (52 total, [0;31m6 crashes saved[0m, state: [0;31mfinished...[0m, mode=explore, perf_score=100, weight=1, favorite=1, was_fuzzed=1, exec_us=3851, hits=0, map=62, ascii=0, run_time=0:00:12:42, cvg=21.68%) FS (t=0:00:00:19 (2.49%), st=2286, avg=373 ms, found=1/51)...[0m
[1;94m[*] [0mFuzzing test case #51 (52 total, [0;31m6 crashes saved[0m, state: [0;31mfinished...[0m, mode=explore, perf_score=200, weight=4, favorite=0, was_fuzzed=1, exec_us=17190, hits=0, map=62, ascii=0, run_time=0:00:12:43, cvg=21.68%) FS (t=0:00:00:19 (2.49%), st=2286, avg=373 ms, found=1/51)...[0m
[1;94m[*] [0mFuzzing test case #20 (52 total, [0;31m6 crashes saved[0m, state: [0;31mfinished...[0m, mode=explore, perf_score=100, weight=1, favorite=0, was_fuzzed=1, exec_us=3856, hits=0, map=62, ascii=0, run_time=0:00:12:50, cvg=21.68%) FS (t=0:00:00:19 (2.47%), st=2286, avg=373 ms, found=1/51)...[0m
[1;94m[*] [0mFuzzing test case #3 (52 total, [0;31m6 crashes saved[0m, state: [0;31mfinished...[0m, mode=explore, perf_score=100, weight=1, favorite=1, was_fuzzed=1, exec_us=5058, hits=0, map=75, ascii=0, run_time=0:00:12:52, cvg=21.68%) FS (t=0:00:00:19 (2.46%), st=2286, avg=373 ms, found=1/51)...[0m
[1;94m[*] [0mFuzzing test case #5 (52 total, [0;31m6 crashes saved[0m, state: [0;31mfinished...[0m, mode=explore, perf_score=100, weight=1, favorite=0, was_fuzzed=1, exec_us=5071, hits=0, map=80, ascii=0, run_time=0:00:12:53, cvg=21.68%) FS (t=0:00:00:19 (2.46%), st=2286, avg=373 ms, found=1/51)...[0m
[1;94m[*] [0mFuzzing test case #51 (52 total, [0;31m6 crashes saved[0m, state: [0;31mfinished...[0m, mode=explore, perf_score=200, weight=4, favorite=0, was_fuzzed=1, exec_us=17190, hits=0, map=62, ascii=0, run_time=0:00:12:54, cvg=21.68%) FS (t=0:00:00:19 (2.46%), st=2286, avg=373 ms, found=1/51)...[0m
[1;94m[*] [0mFuzzing test case #8 (52 total, [0;31m6 crashes saved[0m, state: [0;31mfinished...[0m, mode=explore, perf_score=100, weight=1, favorite=1, was_fuzzed=1, exec_us=3851, hits=0, map=62, ascii=0, run_time=0:00:12:58, cvg=21.68%) FS (t=0:00:00:19 (2.44%), st=2286, avg=373 ms, found=1/51)...[0m
[1;94m[*] [0mFuzzing test case #4 (52 total, [0;31m6 crashes saved[0m, state: [0;31mfinished...[0m, mode=explore, perf_score=100, weight=1, favorite=1, was_fuzzed=1, exec_us=4483, hits=0, map=57, ascii=0, run_time=0:00:13:00, cvg=21.68%) FS (t=0:00:00:19 (2.44%), st=2286, avg=373 ms, found=1/51)...[0m
[1;94m[*] [0mFuzzing test case #8 (52 total, [0;31m6 crashes saved[0m, state: [0;31mfinished...[0m, mode=explore, perf_score=100, weight=1, favorite=1, was_fuzzed=1, exec_us=3851, hits=0, map=62, ascii=0, run_time=0:00:13:01, cvg=21.68%) FS (t=0:00:00:19 (2.43%), st=2286, avg=373 ms, found=1/51)...[0m
[1;94m[*] [0mFuzzing test case #35 (52 total, [0;31m6 crashes saved[0m, state: [0;31mfinished...[0m, mode=explore, perf_score=150, weight=0, favorite=0, was_fuzzed=1, exec_us=2994, hits=0, map=82, ascii=0, run_time=0:00:13:02, cvg=21.68%) FS (t=0:00:00:19 (2.43%), st=2286, avg=373 ms, found=1/51)...[0m
[1;94m[*] [0mFuzzing test case #3 (52 total, [0;31m6 crashes saved[0m, state: [0;31mfinished...[0m, mode=explore, perf_score=100, weight=1, favorite=1, was_fuzzed=1, exec_us=5058, hits=0, map=75, ascii=0, run_time=0:00:13:05, cvg=21.68%) FS (t=0:00:00:19 (2.42%), st=2286, avg=373 ms, found=1/51)...[0m
[1;94m[*] [0mFuzzing test case #4 (52 total, [0;31m6 crashes saved[0m, state: [0;31mfinished...[0m, mode=explore, perf_score=100, weight=1, favorite=1, was_fuzzed=1, exec_us=4483, hits=0, map=57, ascii=0, run_time=0:00:13:06, cvg=21.68%) FS (t=0:00:00:19 (2.42%), st=2286, avg=373 ms, found=1/51)...[0m
[1;94m[*] [0mFuzzing test case #31 (52 total, [0;31m6 crashes saved[0m, state: [0;31mfinished...[0m, mode=explore, perf_score=100, weight=1, favorite=0, was_fuzzed=1, exec_us=3938, hits=0, map=82, ascii=0, run_time=0:00:13:07, cvg=21.68%) FS (t=0:00:00:19 (2.42%), st=2286, avg=373 ms, found=1/51)...[0m
[1;94m[*] [0mFuzzing test case #4 (52 total, [0;31m6 crashes saved[0m, state: [0;31mfinished...[0m, mode=explore, perf_score=100, weight=1, favorite=1, was_fuzzed=1, exec_us=4483, hits=0, map=57, ascii=0, run_time=0:00:13:08, cvg=21.68%) FS (t=0:00:00:19 (2.41%), st=2286, avg=373 ms, found=1/51)...[0m
[1;94m[*] [0mEntering queue cycle 8
[0m
[1;94m[*] [0mFuzzing test case #3 (52 total, [0;31m6 crashes saved[0m, state: [0;31mfinished...[0m, mode=explore, perf_score=100, weight=1, favorite=1, was_fuzzed=1, exec_us=5058, hits=0, map=75, ascii=0, run_time=0:00:13:10, cvg=21.68%) FS (t=0:00:00:19 (2.41%), st=2286, avg=373 ms, found=1/51)...[0m
[1;94m[*] [0mFuzzing test case #49 (52 total, [0;31m6 crashes saved[0m, state: [0;31mfinished...[0m, mode=explore, perf_score=150, weight=1, favorite=0, was_fuzzed=1, exec_us=10377, hits=0, map=85, ascii=0, run_time=0:00:13:10, cvg=21.68%) FS (t=0:00:00:19 (2.41%), st=2286, avg=373 ms, found=1/51)...[0m
[1;94m[*] [0mFuzzing test case #4 (52 total, [0;31m6 crashes saved[0m, state: [0;31mfinished...[0m, mode=explore, perf_score=100, weight=1, favorite=1, was_fuzzed=1, exec_us=4483, hits=0, map=57, ascii=0, run_time=0:00:13:14, cvg=21.68%) FS (t=0:00:00:19 (2.39%), st=2286, avg=373 ms, found=1/51)...[0m
[1;94m[*] [0mFuzzing test case #8 (52 total, [0;31m6 crashes saved[0m, state: [0;31mfinished...[0m, mode=explore, perf_score=100, weight=1, favorite=1, was_fuzzed=1, exec_us=3851, hits=0, map=62, ascii=0, run_time=0:00:13:16, cvg=21.68%) FS (t=0:00:00:19 (2.39%), st=2286, avg=373 ms, found=1/51)...[0m
[1;94m[*] [0mFuzzing test case #8 (52 total, [0;31m6 crashes saved[0m, state: [0;31mfinished...[0m, mode=explore, perf_score=100, weight=1, favorite=1, was_fuzzed=1, exec_us=3851, hits=0, map=62, ascii=0, run_time=0:00:13:18, cvg=21.68%) FS (t=0:00:00:19 (2.38%), st=2286, avg=373 ms, found=1/51)...[0m
[1;94m[*] [0mFuzzing test case #8 (52 total, [0;31m6 crashes saved[0m, state: [0;31mfinished...[0m, mode=explore, perf_score=100, weight=1, favorite=1, was_fuzzed=1, exec_us=3851, hits=0, map=62, ascii=0, run_time=0:00:13:20, cvg=21.68%) FS (t=0:00:00:19 (2.38%), st=2286, avg=373 ms, found=1/51)...[0m
[1;94m[*] [0mFuzzing test case #8 (52 total, [0;31m6 crashes saved[0m, state: [0;31mfinished...[0m, mode=explore, perf_score=100, weight=1, favorite=1, was_fuzzed=1, exec_us=3851, hits=0, map=62, ascii=0, run_time=0:00:13:21, cvg=21.68%) FS (t=0:00:00:19 (2.37%), st=2286, avg=373 ms, found=1/51)...[0m
[1;94m[*] [0mFuzzing test case #3 (52 total, [0;31m6 crashes saved[0m, state: [0;31mfinished...[0m, mode=explore, perf_score=100, weight=1, favorite=1, was_fuzzed=1, exec_us=5058, hits=0, map=75, ascii=0, run_time=0:00:13:22, cvg=21.68%) FS (t=0:00:00:19 (2.37%), st=2286, avg=373 ms, found=1/51)...[0m
[1;94m[*] [0mFuzzing test case #46 (52 total, [0;31m6 crashes saved[0m, state: [0;31mfinished...[0m, mode=explore, perf_score=100, weight=1, favorite=0, was_fuzzed=1, exec_us=19572, hits=0, map=85, ascii=0, run_time=0:00:13:23, cvg=21.68%) FS (t=0:00:00:19 (2.37%), st=2286, avg=373 ms, found=1/51)...[0m
[1;94m[*] [0mFuzzing test case #3 (52 total, [0;31m6 crashes saved[0m, state: [0;31mfinished...[0m, mode=explore, perf_score=100, weight=1, favorite=1, was_fuzzed=1, exec_us=5058, hits=0, map=75, ascii=0, run_time=0:00:13:24, cvg=21.68%) FS (t=0:00:00:19 (2.36%), st=2286, avg=373 ms, found=1/51)...[0m
[1;94m[*] [0mFuzzing test case #3 (52 total, [0;31m6 crashes saved[0m, state: [0;31mfinished...[0m, mode=explore, perf_score=100, weight=1, favorite=1, was_fuzzed=1, exec_us=5058, hits=0, map=75, ascii=0, run_time=0:00:13:25, cvg=21.68%) FS (t=0:00:00:19 (2.36%), st=2286, avg=373 ms, found=1/51)...[0m
[1;94m[*] [0mFuzzing test case #3 (52 total, [0;31m6 crashes saved[0m, state: [0;31mfinished...[0m, mode=explore, perf_score=100, weight=1, favorite=1, was_fuzzed=1, exec_us=5058, hits=0, map=75, ascii=0, run_time=0:00:13:26, cvg=21.68%) FS (t=0:00:00:19 (2.36%), st=2286, avg=373 ms, found=1/51)...[0m
[1;94m[*] [0mFuzzing test case #21 (52 total, [0;31m6 crashes saved[0m, state: [0;31mfinished...[0m, mode=explore, perf_score=100, weight=1, favorite=0, was_fuzzed=1, exec_us=4348, hits=0, map=83, ascii=0, run_time=0:00:13:26, cvg=21.68%) FS (t=0:00:00:19 (2.36%), st=2286, avg=373 ms, found=1/51)...[0m
[1;94m[*] [0mFuzzing test case #8 (52 total, [0;31m6 crashes saved[0m, state: [0;31mfinished...[0m, mode=explore, perf_score=100, weight=1, favorite=1, was_fuzzed=1, exec_us=3851, hits=0, map=62, ascii=0, run_time=0:00:13:28, cvg=21.68%) FS (t=0:00:00:19 (2.35%), st=2286, avg=373 ms, found=1/51)...[0m
[1;94m[*] [0mFuzzing test case #3 (52 total, [0;31m6 crashes saved[0m, state: [0;31mfinished...[0m, mode=explore, perf_score=100, weight=1, favorite=1, was_fuzzed=1, exec_us=5058, hits=0, map=75, ascii=0, run_time=0:00:13:29, cvg=21.68%) FS (t=0:00:00:19 (2.35%), st=2286, avg=373 ms, found=1/51)...[0m
[1;94m[*] [0mFuzzing test case #46 (52 total, [0;31m6 crashes saved[0m, state: [0;31mfinished...[0m, mode=explore, perf_score=100, weight=1, favorite=0, was_fuzzed=1, exec_us=19572, hits=0, map=85, ascii=0, run_time=0:00:13:29, cvg=21.68%) FS (t=0:00:00:19 (2.35%), st=2286, avg=373 ms, found=1/51)...[0m
[1;94m[*] [0mFuzzing test case #29 (52 total, [0;31m6 crashes saved[0m, state: [0;31mfinished...[0m, mode=explore, perf_score=75, weight=1, favorite=0, was_fuzzed=1, exec_us=13986, hits=0, map=62, ascii=0, run_time=0:00:13:30, cvg=21.68%) FS (t=0:00:00:19 (2.35%), st=2286, avg=373 ms, found=1/51)...[0m
[1;94m[*] [0mFuzzing test case #45 (52 total, [0;31m6 crashes saved[0m, state: [0;31mfinished...[0m, mode=explore, perf_score=200, weight=1, favorite=0, was_fuzzed=1, exec_us=3947, hits=0, map=57, ascii=0, run_time=0:00:13:31, cvg=21.68%) FS (t=0:00:00:19 (2.34%), st=2286, avg=373 ms, found=1/51)...[0m
[1;94m[*] [0mFuzzing test case #8 (52 total, [0;31m6 crashes saved[0m, state: [0;31mfinished...[0m, mode=explore, perf_score=100, weight=1, favorite=1, was_fuzzed=1, exec_us=3851, hits=0, map=62, ascii=0, run_time=0:00:13:33, cvg=21.68%) FS (t=0:00:00:19 (2.34%), st=2286, avg=373 ms, found=1/51)...[0m
[1;94m[*] [0mFuzzing test case #8 (52 total, [0;31m6 crashes saved[0m, state: [0;31mfinished...[0m, mode=explore, perf_score=100, weight=1, favorite=1, was_fuzzed=1, exec_us=3851, hits=0, map=62, ascii=0, run_time=0:00:13:34, cvg=21.68%) FS (t=0:00:00:19 (2.34%), st=2286, avg=373 ms, found=1/51)...[0m
[1;94m[*] [0mFuzzing test case #23 (52 total, [0;31m6 crashes saved[0m, state: [0;31mfinished...[0m, mode=explore, perf_score=100, weight=1, favorite=0, was_fuzzed=1, exec_us=4185, hits=0, map=83, ascii=0, run_time=0:00:13:34, cvg=21.68%) FS (t=0:00:00:19 (2.33%), st=2286, avg=373 ms, found=1/51)...[0m
[1;94m[*] [0mFuzzing test case #4 (52 total, [0;31m6 crashes saved[0m, state: [0;31mfinished...[0m, mode=explore, perf_score=100, weight=1, favorite=1, was_fuzzed=1, exec_us=4483, hits=0, map=57, ascii=0, run_time=0:00:13:36, cvg=21.68%) FS (t=0:00:00:19 (2.33%), st=2286, avg=373 ms, found=1/51)...[0m
[1;94m[*] [0mFuzzing test case #27 (52 total, [0;31m6 crashes saved[0m, state: [0;31mfinished...[0m, mode=explore, perf_score=100, weight=1, favorite=0, was_fuzzed=1, exec_us=4115, hits=0, map=62, ascii=0, run_time=0:00:13:37, cvg=21.68%) FS (t=0:00:00:19 (2.33%), st=2286, avg=373 ms, found=1/51)...[0m
[1;94m[*] [0mFuzzing test case #51 (52 total, [0;31m6 crashes saved[0m, state: [0;31mfinished...[0m, mode=explore, perf_score=200, weight=4, favorite=0, was_fuzzed=1, exec_us=17190, hits=0, map=62, ascii=0, run_time=0:00:13:39, cvg=21.68%) FS (t=0:00:00:19 (2.32%), st=2286, avg=373 ms, found=1/51)...[0m
[1;94m[*] [0mFuzzing test case #50 (52 total, [0;31m6 crashes saved[0m, state: [0;31mfinished...[0m, mode=explore, perf_score=100, weight=1, favorite=0, was_fuzzed=1, exec_us=36874, hits=0, map=85, ascii=0, run_time=0:00:13:43, cvg=21.68%) FS (t=0:00:00:19 (2.31%), st=2286, avg=373 ms, found=1/51)...[0m
[1;94m[*] [0mFuzzing test case #31 (52 total, [0;31m6 crashes saved[0m, state: [0;31mfinished...[0m, mode=explore, perf_score=100, weight=1, favorite=0, was_fuzzed=1, exec_us=3938, hits=0, map=82, ascii=0, run_time=0:00:13:45, cvg=21.68%) FS (t=0:00:00:19 (2.30%), st=2286, avg=373 ms, found=1/51)...[0m
[1;94m[*] [0mFuzzing test case #8 (52 total, [0;31m6 crashes saved[0m, state: [0;31mfinished...[0m, mode=explore, perf_score=100, weight=1, favorite=1, was_fuzzed=1, exec_us=3851, hits=0, map=62, ascii=0, run_time=0:00:13:46, cvg=21.68%) FS (t=0:00:00:19 (2.30%), st=2286, avg=373 ms, found=1/51)...[0m
[1;94m[*] [0mFuzzing test case #4 (52 total, [0;31m6 crashes saved[0m, state: [0;31mfinished...[0m, mode=explore, perf_score=100, weight=1, favorite=1, was_fuzzed=1, exec_us=4483, hits=0, map=57, ascii=0, run_time=0:00:13:48, cvg=21.68%) FS (t=0:00:00:19 (2.30%), st=2286, avg=373 ms, found=1/51)...[0m
[1;94m[*] [0mFuzzing test case #4 (52 total, [0;31m6 crashes saved[0m, state: [0;31mfinished...[0m, mode=explore, perf_score=100, weight=1, favorite=1, was_fuzzed=1, exec_us=4483, hits=0, map=57, ascii=0, run_time=0:00:13:49, cvg=21.68%) FS (t=0:00:00:19 (2.29%), st=2286, avg=373 ms, found=1/51)...[0m
[1;94m[*] [0mFuzzing test case #7 (52 total, [0;31m6 crashes saved[0m, state: [0;31mfinished...[0m, mode=explore, perf_score=50, weight=1, favorite=0, was_fuzzed=1, exec_us=18241, hits=0, map=62, ascii=0, run_time=0:00:13:50, cvg=21.68%) FS (t=0:00:00:19 (2.29%), st=2286, avg=373 ms, found=1/51)...[0m
[1;94m[*] [0mFuzzing test case #25 (52 total, [0;31m6 crashes saved[0m, state: [0;31mfinished...[0m, mode=explore, perf_score=100, weight=1, favorite=0, was_fuzzed=1, exec_us=4872, hits=0, map=70, ascii=0, run_time=0:00:13:51, cvg=21.68%) FS (t=0:00:00:19 (2.29%), st=2286, avg=373 ms, found=1/51)...[0m
[1;94m[*] [0mFuzzing test case #8 (52 total, [0;31m6 crashes saved[0m, state: [0;31mfinished...[0m, mode=explore, perf_score=100, weight=1, favorite=1, was_fuzzed=1, exec_us=3851, hits=0, map=62, ascii=0, run_time=0:00:13:52, cvg=21.68%) FS (t=0:00:00:19 (2.29%), st=2286, avg=373 ms, found=1/51)...[0m
[1;94m[*] [0mFuzzing test case #4 (52 total, [0;31m6 crashes saved[0m, state: [0;31mfinished...[0m, mode=explore, perf_score=100, weight=1, favorite=1, was_fuzzed=1, exec_us=4483, hits=0, map=57, ascii=0, run_time=0:00:13:53, cvg=21.68%) FS (t=0:00:00:19 (2.28%), st=2286, avg=373 ms, found=1/51)...[0m
[1;94m[*] [0mFuzzing test case #3 (52 total, [0;31m6 crashes saved[0m, state: [0;31mfinished...[0m, mode=explore, perf_score=100, weight=1, favorite=1, was_fuzzed=1, exec_us=5058, hits=0, map=75, ascii=0, run_time=0:00:13:55, cvg=21.68%) FS (t=0:00:00:19 (2.28%), st=2286, avg=373 ms, found=1/51)...[0m
[1;94m[*] [0mFuzzing test case #9 (52 total, [0;31m6 crashes saved[0m, state: [0;31mfinished...[0m, mode=explore, perf_score=100, weight=1, favorite=0, was_fuzzed=1, exec_us=4240, hits=0, map=83, ascii=0, run_time=0:00:13:56, cvg=21.68%) FS (t=0:00:00:19 (2.28%), st=2286, avg=373 ms, found=1/51)...[0m
[1;94m[*] [0mFuzzing test case #45 (52 total, [0;31m6 crashes saved[0m, state: [0;31mfinished...[0m, mode=explore, perf_score=200, weight=1, favorite=0, was_fuzzed=1, exec_us=3947, hits=0, map=57, ascii=0, run_time=0:00:13:57, cvg=21.68%) FS (t=0:00:00:19 (2.27%), st=2286, avg=373 ms, found=1/51)...[0m
[1;94m[*] [0mFuzzing test case #39 (52 total, [0;31m6 crashes saved[0m, state: [0;31mfinished...[0m, mode=explore, perf_score=100, weight=1, favorite=0, was_fuzzed=1, exec_us=5369, hits=0, map=85, ascii=0, run_time=0:00:13:59, cvg=21.68%) FS (t=0:00:00:19 (2.27%), st=2286, avg=373 ms, found=1/51)...[0m
[1;94m[*] [0mFuzzing test case #17 (52 total, [0;31m6 crashes saved[0m, state: [0;31mfinished...[0m, mode=explore, perf_score=100, weight=0, favorite=0, was_fuzzed=1, exec_us=8991, hits=0, map=62, ascii=0, run_time=0:00:14:00, cvg=21.68%) FS (t=0:00:00:19 (2.26%), st=2286, avg=373 ms, found=1/51)...[0m
[1;94m[*] [0mFuzzing test case #36 (52 total, [0;31m6 crashes saved[0m, state: [0;31mfinished...[0m, mode=explore, perf_score=150, weight=1, favorite=0, was_fuzzed=1, exec_us=3217, hits=0, map=57, ascii=0, run_time=0:00:14:01, cvg=21.68%) FS (t=0:00:00:19 (2.26%), st=2286, avg=373 ms, found=1/51)...[0m
[1;94m[*] [0mFuzzing test case #8 (52 total, [0;31m6 crashes saved[0m, state: [0;31mfinished...[0m, mode=explore, perf_score=100, weight=1, favorite=1, was_fuzzed=1, exec_us=3851, hits=0, map=62, ascii=0, run_time=0:00:14:02, cvg=21.68%) FS (t=0:00:00:19 (2.26%), st=2286, avg=373 ms, found=1/51)...[0m
[1;94m[*] [0mFuzzing test case #40 (52 total, [0;31m6 crashes saved[0m, state: [0;31mfinished...[0m, mode=explore, perf_score=100, weight=1, favorite=0, was_fuzzed=1, exec_us=4753, hits=0, map=85, ascii=0, run_time=0:00:14:03, cvg=21.68%) FS (t=0:00:00:19 (2.25%), st=2286, avg=373 ms, found=1/51)...[0m
[1;94m[*] [0mFuzzing test case #13 (52 total, [0;31m6 crashes saved[0m, state: [0;31mfinished...[0m, mode=explore, perf_score=100, weight=1, favorite=0, was_fuzzed=1, exec_us=4740, hits=0, map=76, ascii=0, run_time=0:00:14:04, cvg=21.68%) FS (t=0:00:00:19 (2.25%), st=2286, avg=373 ms, found=1/51)...[0m
[1;94m[*] [0mFuzzing test case #15 (52 total, [0;31m6 crashes saved[0m, state: [0;31mfinished...[0m, mode=explore, perf_score=100, weight=1, favorite=0, was_fuzzed=1, exec_us=4116, hits=0, map=62, ascii=0, run_time=0:00:14:06, cvg=21.68%) FS (t=0:00:00:19 (2.25%), st=2286, avg=373 ms, found=1/51)...[0m
[1;94m[*] [0mFuzzing test case #8 (52 total, [0;31m6 crashes saved[0m, state: [0;31mfinished...[0m, mode=explore, perf_score=100, weight=1, favorite=1, was_fuzzed=1, exec_us=3851, hits=0, map=62, ascii=0, run_time=0:00:14:08, cvg=21.68%) FS (t=0:00:00:19 (2.24%), st=2286, avg=373 ms, found=1/51)...[0m
[1;94m[*] [0mFuzzing test case #44 (52 total, [0;31m6 crashes saved[0m, state: [0;31mfinished...[0m, mode=explore, perf_score=200, weight=1, favorite=0, was_fuzzed=1, exec_us=4599, hits=0, map=85, ascii=0, run_time=0:00:14:09, cvg=21.68%) FS (t=0:00:00:19 (2.24%), st=2286, avg=373 ms, found=1/51)...[0m
[1;94m[*] [0mFuzzing test case #40 (52 total, [0;31m6 crashes saved[0m, state: [0;31mfinished...[0m, mode=explore, perf_score=100, weight=1, favorite=0, was_fuzzed=1, exec_us=4753, hits=0, map=85, ascii=0, run_time=0:00:14:12, cvg=21.68%) FS (t=0:00:00:19 (2.23%), st=2286, avg=373 ms, found=1/51)...[0m
[1;94m[*] [0mFuzzing test case #4 (52 total, [0;31m6 crashes saved[0m, state: [0;31mfinished...[0m, mode=explore, perf_score=100, weight=1, favorite=1, was_fuzzed=1, exec_us=4483, hits=0, map=57, ascii=0, run_time=0:00:14:13, cvg=21.68%) FS (t=0:00:00:19 (2.23%), st=2286, avg=373 ms, found=1/51)...[0m
[1;94m[*] [0mFuzzing test case #4 (52 total, [0;31m6 crashes saved[0m, state: [0;31mfinished...[0m, mode=explore, perf_score=100, weight=1, favorite=1, was_fuzzed=1, exec_us=4483, hits=0, map=57, ascii=0, run_time=0:00:14:15, cvg=21.68%) FS (t=0:00:00:19 (2.22%), st=2286, avg=373 ms, found=1/51)...[0m
[1;94m[*] [0mFuzzing test case #8 (52 total, [0;31m6 crashes saved[0m, state: [0;31mfinished...[0m, mode=explore, perf_score=100, weight=1, favorite=1, was_fuzzed=1, exec_us=3851, hits=0, map=62, ascii=0, run_time=0:00:14:17, cvg=21.68%) FS (t=0:00:00:19 (2.22%), st=2286, avg=373 ms, found=1/51)...[0m
[1;94m[*] [0mFuzzing test case #43 (52 total, [0;31m6 crashes saved[0m, state: [0;31mfinished...[0m, mode=explore, perf_score=200, weight=1, favorite=0, was_fuzzed=1, exec_us=4544, hits=0, map=85, ascii=0, run_time=0:00:14:18, cvg=21.68%) FS (t=0:00:00:19 (2.22%), st=2286, avg=373 ms, found=1/51)...[0m
[1;94m[*] [0mFuzzing test case #4 (52 total, [0;31m6 crashes saved[0m, state: [0;31mfinished...[0m, mode=explore, perf_score=100, weight=1, favorite=1, was_fuzzed=1, exec_us=4483, hits=0, map=57, ascii=0, run_time=0:00:14:22, cvg=21.68%) FS (t=0:00:00:19 (2.21%), st=2286, avg=373 ms, found=1/51)...[0m
[1;94m[*] [0mFuzzing test case #8 (52 total, [0;31m6 crashes saved[0m, state: [0;31mfinished...[0m, mode=explore, perf_score=100, weight=1, favorite=1, was_fuzzed=1, exec_us=3851, hits=0, map=62, ascii=0, run_time=0:00:14:23, cvg=21.68%) FS (t=0:00:00:19 (2.20%), st=2286, avg=373 ms, found=1/51)...[0m
[1;94m[*] [0mFuzzing test case #4 (52 total, [0;31m6 crashes saved[0m, state: [0;31mfinished...[0m, mode=explore, perf_score=100, weight=1, favorite=1, was_fuzzed=1, exec_us=4483, hits=0, map=57, ascii=0, run_time=0:00:14:24, cvg=21.68%) FS (t=0:00:00:19 (2.20%), st=2286, avg=373 ms, found=1/51)...[0m
[1;94m[*] [0mFuzzing test case #8 (52 total, [0;31m6 crashes saved[0m, state: [0;31mfinished...[0m, mode=explore, perf_score=100, weight=1, favorite=1, was_fuzzed=1, exec_us=3851, hits=0, map=62, ascii=0, run_time=0:00:14:25, cvg=21.68%) FS (t=0:00:00:19 (2.20%), st=2286, avg=373 ms, found=1/51)...[0m
[1;94m[*] [0mEntering queue cycle 9
[0m
[1;94m[*] [0mFuzzing test case #3 (52 total, [0;31m6 crashes saved[0m, state: [0;31mfinished...[0m, mode=explore, perf_score=100, weight=1, favorite=1, was_fuzzed=1, exec_us=5058, hits=0, map=75, ascii=0, run_time=0:00:14:26, cvg=21.68%) FS (t=0:00:00:19 (2.20%), st=2286, avg=373 ms, found=1/51)...[0m
[1;94m[*] [0mFuzzing test case #8 (52 total, [0;31m6 crashes saved[0m, state: [0;31mfinished...[0m, mode=explore, perf_score=100, weight=1, favorite=1, was_fuzzed=1, exec_us=3851, hits=0, map=62, ascii=0, run_time=0:00:14:27, cvg=21.68%) FS (t=0:00:00:19 (2.19%), st=2286, avg=373 ms, found=1/51)...[0m
[1;94m[*] [0mFuzzing test case #21 (52 total, [0;31m6 crashes saved[0m, state: [0;31mfinished...[0m, mode=explore, perf_score=100, weight=1, favorite=0, was_fuzzed=1, exec_us=4348, hits=0, map=83, ascii=0, run_time=0:00:14:29, cvg=21.68%) FS (t=0:00:00:19 (2.19%), st=2286, avg=373 ms, found=1/51)...[0m
[1;94m[*] [0mFuzzing test case #3 (52 total, [0;31m6 crashes saved[0m, state: [0;31mfinished...[0m, mode=explore, perf_score=100, weight=1, favorite=1, was_fuzzed=1, exec_us=5058, hits=0, map=75, ascii=0, run_time=0:00:14:31, cvg=21.68%) FS (t=0:00:00:19 (2.18%), st=2286, avg=373 ms, found=1/51)...[0m
[1;94m[*] [0mFuzzing test case #11 (52 total, [0;31m6 crashes saved[0m, state: [0;31mfinished...[0m, mode=explore, perf_score=100, weight=1, favorite=0, was_fuzzed=1, exec_us=4641, hits=0, map=83, ascii=0, run_time=0:00:14:33, cvg=21.68%) FS (t=0:00:00:19 (2.18%), st=2286, avg=373 ms, found=1/51)...[0m
[1;94m[*] [0mFuzzing test case #20 (52 total, [0;31m6 crashes saved[0m, state: [0;31mfinished...[0m, mode=explore, perf_score=100, weight=1, favorite=0, was_fuzzed=1, exec_us=3856, hits=0, map=62, ascii=0, run_time=0:00:14:34, cvg=21.68%) FS (t=0:00:00:19 (2.18%), st=2286, avg=373 ms, found=1/51)...[0m
[1;94m[*] [0mFuzzing test case #25 (52 total, [0;31m6 crashes saved[0m, state: [0;31mfinished...[0m, mode=explore, perf_score=100, weight=1, favorite=0, was_fuzzed=1, exec_us=4872, hits=0, map=70, ascii=0, run_time=0:00:14:35, cvg=21.68%) FS (t=0:00:00:19 (2.17%), st=2286, avg=373 ms, found=1/51)...[0m
[1;94m[*] [0mFuzzing test case #47 (52 total, [0;31m6 crashes saved[0m, state: [0;31mfinished...[0m, mode=explore, perf_score=150, weight=1, favorite=0, was_fuzzed=1, exec_us=13146, hits=0, map=85, ascii=0, run_time=0:00:14:36, cvg=21.68%) FS (t=0:00:00:19 (2.17%), st=2286, avg=373 ms, found=1/51)...[0m
[1;94m[*] [0mFuzzing test case #3 (52 total, [0;31m6 crashes saved[0m, state: [0;31mfinished...[0m, mode=explore, perf_score=100, weight=1, favorite=1, was_fuzzed=1, exec_us=5058, hits=0, map=75, ascii=0, run_time=0:00:14:38, cvg=21.68%) FS (t=0:00:00:19 (2.17%), st=2286, avg=373 ms, found=1/51)...[0m
[1;94m[*] [0mFuzzing test case #1 (52 total, [0;31m6 crashes saved[0m, state: [0;31mfinished...[0m, mode=explore, perf_score=100, weight=1, favorite=0, was_fuzzed=1, exec_us=4270, hits=0, map=62, ascii=0, run_time=0:00:14:40, cvg=21.68%) FS (t=0:00:00:19 (2.16%), st=2286, avg=373 ms, found=1/51)...[0m
[1;94m[*] [0mFuzzing test case #38 (52 total, [0;31m6 crashes saved[0m, state: [0;31mfinished...[0m, mode=explore, perf_score=100, weight=1, favorite=0, was_fuzzed=1, exec_us=5932, hits=0, map=82, ascii=0, run_time=0:00:14:41, cvg=21.68%) FS (t=0:00:00:19 (2.16%), st=2286, avg=373 ms, found=1/51)...[0m
[1;94m[*] [0mFuzzing test case #11 (52 total, [0;31m6 crashes saved[0m, state: [0;31mfinished...[0m, mode=explore, perf_score=100, weight=1, favorite=0, was_fuzzed=1, exec_us=4641, hits=0, map=83, ascii=0, run_time=0:00:14:43, cvg=21.68%) FS (t=0:00:00:19 (2.15%), st=2286, avg=373 ms, found=1/51)...[0m
[1;94m[*] [0mFuzzing test case #8 (52 total, [0;31m6 crashes saved[0m, state: [0;31mfinished...[0m, mode=explore, perf_score=100, weight=1, favorite=1, was_fuzzed=1, exec_us=3851, hits=0, map=62, ascii=0, run_time=0:00:14:45, cvg=21.68%) FS (t=0:00:00:19 (2.15%), st=2286, avg=373 ms, found=1/51)...[0m
[1;94m[*] [0mFuzzing test case #24 (52 total, [0;31m6 crashes saved[0m, state: [0;31mfinished...[0m, mode=explore, perf_score=100, weight=1, favorite=0, was_fuzzed=1, exec_us=4103, hits=0, map=62, ascii=0, run_time=0:00:14:46, cvg=21.68%) FS (t=0:00:00:19 (2.15%), st=2286, avg=373 ms, found=1/51)...[0m
[1;94m[*] [0mFuzzing test case #4 (52 total, [0;31m6 crashes saved[0m, state: [0;31mfinished...[0m, mode=explore, perf_score=100, weight=1, favorite=1, was_fuzzed=1, exec_us=4483, hits=0, map=57, ascii=0, run_time=0:00:14:49, cvg=21.68%) FS (t=0:00:00:19 (2.14%), st=2286, avg=373 ms, found=1/51)...[0m
[1;94m[*] [0mFuzzing test case #3 (52 total, [0;31m6 crashes saved[0m, state: [0;31mfinished...[0m, mode=explore, perf_score=100, weight=1, favorite=1, was_fuzzed=1, exec_us=5058, hits=0, map=75, ascii=0, run_time=0:00:14:50, cvg=21.68%) FS (t=0:00:00:19 (2.14%), st=2286, avg=373 ms, found=1/51)...[0m
[1;94m[*] [0mFuzzing test case #51 (52 total, [0;31m6 crashes saved[0m, state: [0;31mfinished...[0m, mode=explore, perf_score=200, weight=4, favorite=0, was_fuzzed=1, exec_us=17190, hits=0, map=62, ascii=0, run_time=0:00:14:51, cvg=21.68%) FS (t=0:00:00:19 (2.13%), st=2286, avg=373 ms, found=1/51)...[0m
[1;94m[*] [0mFuzzing test case #4 (52 total, [0;31m6 crashes saved[0m, state: [0;31mfinished...[0m, mode=explore, perf_score=100, weight=1, favorite=1, was_fuzzed=1, exec_us=4483, hits=0, map=57, ascii=0, run_time=0:00:14:55, cvg=21.68%) FS (t=0:00:00:19 (2.12%), st=2286, avg=373 ms, found=1/51)...[0m
[1;94m[*] [0mFuzzing test case #3 (52 total, [0;31m6 crashes saved[0m, state: [0;31mfinished...[0m, mode=explore, perf_score=100, weight=1, favorite=1, was_fuzzed=1, exec_us=5058, hits=0, map=75, ascii=0, run_time=0:00:14:56, cvg=21.68%) FS (t=0:00:00:19 (2.12%), st=2286, avg=373 ms, found=1/51)...[0m
[1;94m[*] [0mFuzzing test case #46 (52 total, [0;31m6 crashes saved[0m, state: [0;31mfinished...[0m, mode=explore, perf_score=100, weight=1, favorite=0, was_fuzzed=1, exec_us=19572, hits=0, map=85, ascii=0, run_time=0:00:14:57, cvg=21.68%) FS (t=0:00:00:19 (2.12%), st=2286, avg=373 ms, found=1/51)...[0m
[1;94m[*] [0mFuzzing test case #45 (52 total, [0;31m6 crashes saved[0m, state: [0;31mfinished...[0m, mode=explore, perf_score=200, weight=1, favorite=0, was_fuzzed=1, exec_us=3947, hits=0, map=57, ascii=0, run_time=0:00:14:59, cvg=21.68%) FS (t=0:00:00:19 (2.11%), st=2286, avg=373 ms, found=1/51)...[0m
[1;94m[*] [0mFuzzing test case #8 (52 total, [0;31m6 crashes saved[0m, state: [0;31mfinished...[0m, mode=explore, perf_score=100, weight=1, favorite=1, was_fuzzed=1, exec_us=3851, hits=0, map=62, ascii=0, run_time=0:00:15:03, cvg=21.68%) FS (t=0:00:00:19 (2.11%), st=2286, avg=373 ms, found=1/51)...[0m
[1;94m[*] [0mFuzzing test case #4 (52 total, [0;31m6 crashes saved[0m, state: [0;31mfinished...[0m, mode=explore, perf_score=100, weight=1, favorite=1, was_fuzzed=1, exec_us=4483, hits=0, map=57, ascii=0, run_time=0:00:15:04, cvg=21.68%) FS (t=0:00:00:19 (2.10%), st=2286, avg=373 ms, found=1/51)...[0m
[1;94m[*] [0mFuzzing test case #4 (52 total, [0;31m6 crashes saved[0m, state: [0;31mfinished...[0m, mode=explore, perf_score=100, weight=1, favorite=1, was_fuzzed=1, exec_us=4483, hits=0, map=57, ascii=0, run_time=0:00:15:06, cvg=21.68%) FS (t=0:00:00:19 (2.10%), st=2286, avg=373 ms, found=1/51)...[0m
[1;94m[*] [0mFuzzing test case #3 (52 total, [0;31m6 crashes saved[0m, state: [0;31mfinished...[0m, mode=explore, perf_score=100, weight=1, favorite=1, was_fuzzed=1, exec_us=5058, hits=0, map=75, ascii=0, run_time=0:00:15:07, cvg=21.68%) FS (t=0:00:00:19 (2.10%), st=2286, avg=373 ms, found=1/51)...[0m
[1;94m[*] [0mFuzzing test case #31 (52 total, [0;31m6 crashes saved[0m, state: [0;31mfinished...[0m, mode=explore, perf_score=100, weight=1, favorite=0, was_fuzzed=1, exec_us=3938, hits=0, map=82, ascii=0, run_time=0:00:15:07, cvg=21.68%) FS (t=0:00:00:19 (2.10%), st=2286, avg=373 ms, found=1/51)...[0m
[1;94m[*] [0mFuzzing test case #31 (52 total, [0;31m6 crashes saved[0m, state: [0;31mfinished...[0m, mode=explore, perf_score=100, weight=1, favorite=0, was_fuzzed=1, exec_us=3938, hits=0, map=82, ascii=0, run_time=0:00:15:08, cvg=21.68%) FS (t=0:00:00:19 (2.09%), st=2286, avg=373 ms, found=1/51)...[0m
[1;94m[*] [0mFuzzing test case #15 (52 total, [0;31m6 crashes saved[0m, state: [0;31mfinished...[0m, mode=explore, perf_score=100, weight=1, favorite=0, was_fuzzed=1, exec_us=4116, hits=0, map=62, ascii=0, run_time=0:00:15:10, cvg=21.68%) FS (t=0:00:00:19 (2.09%), st=2286, avg=373 ms, found=1/51)...[0m
[1;94m[*] [0mFuzzing test case #8 (52 total, [0;31m6 crashes saved[0m, state: [0;31mfinished...[0m, mode=explore, perf_score=100, weight=1, favorite=1, was_fuzzed=1, exec_us=3851, hits=0, map=62, ascii=0, run_time=0:00:15:11, cvg=21.68%) FS (t=0:00:00:19 (2.09%), st=2286, avg=373 ms, found=1/51)...[0m
[1;94m[*] [0mFuzzing test case #3 (52 total, [0;31m6 crashes saved[0m, state: [0;31mfinished...[0m, mode=explore, perf_score=100, weight=1, favorite=1, was_fuzzed=1, exec_us=5058, hits=0, map=75, ascii=0, run_time=0:00:15:12, cvg=21.68%) FS (t=0:00:00:19 (2.08%), st=2286, avg=373 ms, found=1/51)...[0m
[1;94m[*] [0mFuzzing test case #4 (52 total, [0;31m6 crashes saved[0m, state: [0;31mfinished...[0m, mode=explore, perf_score=100, weight=1, favorite=1, was_fuzzed=1, exec_us=4483, hits=0, map=57, ascii=0, run_time=0:00:15:13, cvg=21.68%) FS (t=0:00:00:19 (2.08%), st=2286, avg=373 ms, found=1/51)...[0m
[1;94m[*] [0mFuzzing test case #44 (52 total, [0;31m6 crashes saved[0m, state: [0;31mfinished...[0m, mode=explore, perf_score=200, weight=1, favorite=0, was_fuzzed=1, exec_us=4599, hits=0, map=85, ascii=0, run_time=0:00:15:15, cvg=21.68%) FS (t=0:00:00:19 (2.08%), st=2286, avg=373 ms, found=1/51)...[0m
[1;94m[*] [0mFuzzing test case #51 (52 total, [0;31m6 crashes saved[0m, state: [0;31mfinished...[0m, mode=explore, perf_score=200, weight=4, favorite=0, was_fuzzed=1, exec_us=17190, hits=0, map=62, ascii=0, run_time=0:00:15:19, cvg=21.68%) FS (t=0:00:00:19 (2.07%), st=2286, avg=373 ms, found=1/51)...[0m
[1;94m[*] [0mFuzzing test case #51 (52 total, [0;31m6 crashes saved[0m, state: [0;31mfinished...[0m, mode=explore, perf_score=200, weight=4, favorite=0, was_fuzzed=1, exec_us=17190, hits=0, map=62, ascii=0, run_time=0:00:15:28, cvg=21.68%) FS (t=0:00:00:19 (2.05%), st=2286, avg=373 ms, found=1/51)...[0m
[1;94m[*] [0mFuzzing test case #45 (52 total, [0;31m6 crashes saved[0m, state: [0;31mfinished...[0m, mode=explore, perf_score=200, weight=1, favorite=0, was_fuzzed=1, exec_us=3947, hits=0, map=57, ascii=0, run_time=0:00:15:33, cvg=21.68%) FS (t=0:00:00:19 (2.04%), st=2286, avg=373 ms, found=1/51)...[0m
[1;94m[*] [0mFuzzing test case #50 (52 total, [0;31m6 crashes saved[0m, state: [0;31mfinished...[0m, mode=explore, perf_score=100, weight=1, favorite=0, was_fuzzed=1, exec_us=36874, hits=0, map=85, ascii=0, run_time=0:00:15:35, cvg=21.68%) FS (t=0:00:00:19 (2.03%), st=2286, avg=373 ms, found=1/51)...[0m
[1;94m[*] [0mFuzzing test case #16 (52 total, [0;31m6 crashes saved[0m, state: [0;31mfinished...[0m, mode=explore, perf_score=56, weight=1, favorite=0, was_fuzzed=1, exec_us=12981, hits=0, map=47, ascii=0, run_time=0:00:15:37, cvg=21.68%) FS (t=0:00:00:19 (2.03%), st=2286, avg=373 ms, found=1/51)...[0m
[1;94m[*] [0mFuzzing test case #45 (52 total, [0;31m6 crashes saved[0m, state: [0;31mfinished...[0m, mode=explore, perf_score=200, weight=1, favorite=0, was_fuzzed=1, exec_us=3947, hits=0, map=57, ascii=0, run_time=0:00:15:38, cvg=21.68%) FS (t=0:00:00:19 (2.03%), st=2286, avg=373 ms, found=1/51)...[0m
