[1;92m[+] [0mEnabled environment variable AFL_AUTORESUME with value 1[0m
[1;92m[+] [0mEnabled environment variable AFL_NO_UI with value 1[0m
[1;92m[+] [0mEnabled environment variable AFL_SKIP_CPUFREQ with value 1[0m
[1;92m[+] [0mEnabled environment variable AFL_I_DONT_CARE_ABOUT_MISSING_CRASHES with value 1[0m
[1;94m[*] [0mSpinning up the fork server...[0m
[1;92m[+] [0mAll right - new fork server model v1 is up.[0m
[1;94m[*] [0mTarget map size: 392[0m
[0;36mafl-fuzz++5.03c[0m
[0;32mLicensed under AGPL-3.0-or-later. A (good cause donation) commercial license is
available to companies that do not want to use the AGPL, see LICENSE.COMMERCIAL.
[0m[1;92m[+] [0mAFL++ is maintained by Marc "van Hauser" Heuse, Dominik Maier, Andrea Fioraldi and Heiko "hexcoder" Eißfeldt[0m
[1;92m[+] [0mAFL++ is open source, get it at https://github.com/AFLplusplus/AFLplusplus[0m
[1;92m[+] [0mNOTE: AFL++ >= v3 has changed defaults and behaviours - see README.md[0m
[1;92m[+] [0mNo -M/-S set, autoconfiguring for "-S default"[0m
[1;94m[*] [0mGetting to work...[0m
[1;92m[+] [0mUsing exploration-based constant power schedule (EXPLORE)[0m
[1;92m[+] [0mEnabled testcache with 50 MB[0m
[1;92m[+] [0mGenerating fuzz data with a length of min=1 max=1048576[0m
[1;92m[+] [0mFrameShift status: enabled (10% overhead configured)[0m
[1;94m[*] [0mChecking core_pattern...[0m

[1;91m[-] [0mYour system is configured to send core dump notifications to an
    external utility. This will cause issues: there will be an extended delay
    between stumbling upon a crash and having this information relayed to the
    fuzzer via the standard waitpid() API.
    If you're just experimenting, set 'AFL_I_DONT_CARE_ABOUT_MISSING_CRASHES=1'.

    To avoid having crashes misinterpreted as timeouts, please 
    temporarily modify /proc/sys/kernel/core_pattern, like so:

    echo core | sudo tee /proc/sys/kernel/core_pattern
[1;92m[+] [0mDisabling the UI because AFL_NO_UI is set.[0m
[1;92m[+] [0mYou have 128 CPU cores and 2 runnable tasks (utilization: 2%).[0m
[1;92m[+] [0mTry parallel jobs - see docs/fuzzing_in_depth.md#c-using-multiple-cores[0m
[1;94m[*] [0mSetting up output directories...[0m
[1;94m[*] [0mChecking CPU core loadout...[0m
[1;92m[+] [0mTrying to bind to CPU #127 (fully free).[0m
[1;94m[*] [0mValidating target binary...[0m
[1;94m[*] [0mScanning 'corpus'...[0m
[1;94m[*] [0mCreating hard links for all input files...[0m
[1;92m[+] [0mLoaded a total of 4 seeds.[0m
[1;92m[+] [0mCoverage target: ./build/mystack_afl_asan[0m
[1;94m[*] [0mNo auto-generated dictionary tokens to reuse.[0m
[1;94m[*] [0mAttempting dry run with 'id:000000,time:0,execs:0,orig:seed_alternating'...[0m
[1;90m    len = 6, map size = 57, exec speed = 4673 us, hash = 807d541a1cac40aa
[0m[1;94m[*] [0mAttempting dry run with 'id:000001,time:0,execs:0,orig:seed_basic'...[0m
[1;90m    len = 6, map size = 62, exec speed = 4130 us, hash = b8488373dd6ac274
[0m[1;94m[*] [0mAttempting dry run with 'id:000002,time:0,execs:0,orig:seed_overflow'...[0m
[1;90m    len = 20, map size = 68, exec speed = 5035 us, hash = b296d14eeb23c8e7
[0m[1;94m[*] [0mAttempting dry run with 'id:000003,time:0,execs:0,orig:seed_underflow'...[0m
[1;90m    len = 2, map size = 75, exec speed = 4402 us, hash = aa5854e1dee8899f
[0m[1;92m[+] [0mAll test cases processed.[0m
[1;92m[+] [0mHere are some useful stats:

[1;90m    Test case count : [0m3 favored, 0 variable, 0 ignored, 4 total
[1;90m       Bitmap range : [0m57 to 75 bits (average: 65.50 bits)
[1;90m        Exec timing : [0m4130 to 5035 us (average: 4560 us)
[0m
[1;94m[*] [0mNo -t option specified, so I'll use an exec timeout of 40 ms.[0m
[1;92m[+] [0mAll set and ready to roll![0m
[1;93m[!] [1;97mWARNING: [0mUnable to load stats file 'out_mystack/default/fuzzer_stats'[0m
[1;94m[*] [0mEntering queue cycle 1
[0m
[1;94m[*] [0mFuzzing test case #1 (4 total, 0 crashes saved[0m, state: started :-), mode=explore, perf_score=100, weight=1, favorite=1, was_fuzzed=0, exec_us=4130, hits=0, map=62, ascii=0, run_time=0:00:00:00, cvg=25.00%) FS (t=0:00:00:00 (0.00%), st=0, avg=0 ms, found=0/0)...[0m
[1;94m[*] [0mFuzzing test case #3 (46 total, 0 crashes saved[0m, state: started :-), mode=explore, perf_score=100, weight=1, favorite=1, was_fuzzed=0, exec_us=4402, hits=0, map=75, ascii=0, run_time=0:00:04:02, cvg=25.00%) FS (t=0:00:00:00 (0.00%), st=0, avg=0 ms, found=0/0)...[0m
[1;94m[*] [0mFuzzing test case #4 (46 total, 0 crashes saved[0m, state: started :-), mode=explore, perf_score=100, weight=4, favorite=1, was_fuzzed=0, exec_us=4440, hits=0, map=57, ascii=0, run_time=0:00:04:02, cvg=25.00%) FS (t=0:00:00:00 (0.00%), st=3, avg=9 ms, found=0/1)...[0m
[1;94m[*] [0mFuzzing test case #15 (47 total, 0 crashes saved[0m, state: started :-), mode=explore, perf_score=100, weight=2, favorite=1, was_fuzzed=0, exec_us=4441, hits=0, map=65, ascii=0, run_time=0:00:04:03, cvg=25.00%) FS (t=0:00:00:00 (0.02%), st=11, avg=26 ms, found=0/2)...[0m
[1;94m[*] [0mFuzzing test case #36 (47 total, 0 crashes saved[0m, state: started :-), mode=explore, perf_score=100, weight=4, favorite=1, was_fuzzed=0, exec_us=4435, hits=0, map=73, ascii=0, run_time=0:00:04:03, cvg=25.00%) FS (t=0:00:00:00 (0.02%), st=11, avg=17 ms, found=0/3)...[0m
[1;94m[*] [0mFuzzing test case #37 (47 total, 0 crashes saved[0m, state: started :-), mode=explore, perf_score=100, weight=3, favorite=0, was_fuzzed=0, exec_us=4461, hits=0, map=83, ascii=0, run_time=0:00:04:04, cvg=25.00%) FS (t=0:00:00:00 (0.05%), st=30, avg=27 ms, found=0/4)...[0m
[1;94m[*] [0mFuzzing test case #16 (48 total, 0 crashes saved[0m, state: started :-), mode=explore, perf_score=100, weight=3, favorite=0, was_fuzzed=0, exec_us=4278, hits=0, map=57, ascii=0, run_time=0:00:04:05, cvg=25.00%) FS (t=0:00:00:00 (0.07%), st=52, avg=36 ms, found=0/5)...[0m
[1;94m[*] [0mFuzzing test case #33 (48 total, 0 crashes saved[0m, state: started :-), mode=explore, perf_score=50, weight=3, favorite=0, was_fuzzed=0, exec_us=22617, hits=0, map=78, ascii=0, run_time=0:00:04:06, cvg=25.00%) FS (t=0:00:00:00 (0.09%), st=65, avg=37 ms, found=0/6)...[0m
[1;94m[*] [0mFuzzing test case #1 (48 total, 0 crashes saved[0m, state: started :-), mode=explore, perf_score=100, weight=1, favorite=1, was_fuzzed=1, exec_us=4130, hits=0, map=62, ascii=0, run_time=0:00:04:06, cvg=25.00%) FS (t=0:00:00:00 (0.10%), st=73, avg=35 ms, found=0/7)...[0m
[1;94m[*] [0mFuzzing test case #46 (48 total, 0 crashes saved[0m, state: started :-), mode=explore, perf_score=100, weight=4, favorite=0, was_fuzzed=0, exec_us=3530, hits=0, map=57, ascii=0, run_time=0:00:04:06, cvg=25.00%) FS (t=0:00:00:00 (0.11%), st=80, avg=33 ms, found=0/8)...[0m
[1;94m[*] [0mFuzzing test case #38 (51 total, 0 crashes saved[0m, state: started :-), mode=explore, perf_score=100, weight=3, favorite=0, was_fuzzed=0, exec_us=4729, hits=0, map=68, ascii=0, run_time=0:00:04:08, cvg=25.00%) FS (t=0:00:00:01 (0.45%), st=342, avg=125 ms, found=0/9)...[0m
[1;94m[*] [0mFuzzing test case #3 (52 total, 0 crashes saved[0m, state: started :-), mode=explore, perf_score=100, weight=1, favorite=1, was_fuzzed=1, exec_us=4402, hits=0, map=75, ascii=0, run_time=0:00:04:10, cvg=25.00%) FS (t=0:00:00:01 (0.57%), st=411, avg=141 ms, found=0/10)...[0m
[1;94m[*] [0mFuzzing test case #4 (52 total, 0 crashes saved[0m, state: started :-), mode=explore, perf_score=100, weight=1, favorite=1, was_fuzzed=1, exec_us=4440, hits=0, map=57, ascii=0, run_time=0:00:04:10, cvg=25.00%) FS (t=0:00:00:01 (0.56%), st=411, avg=141 ms, found=0/10)...[0m
[1;94m[*] [0mFuzzing test case #48 (52 total, 0 crashes saved[0m, state: started :-), mode=explore, perf_score=200, weight=3, favorite=0, was_fuzzed=0, exec_us=2859, hits=0, map=57, ascii=0, run_time=0:00:04:11, cvg=25.00%) FS (t=0:00:00:01 (0.56%), st=411, avg=141 ms, found=0/10)...[0m
[1;94m[*] [0mFuzzing test case #36 (52 total, 0 crashes saved[0m, state: started :-), mode=explore, perf_score=100, weight=1, favorite=1, was_fuzzed=1, exec_us=4435, hits=0, map=73, ascii=0, run_time=0:00:04:13, cvg=25.00%) FS (t=0:00:00:02 (0.94%), st=552, avg=217 ms, found=0/11)...[0m
[1;94m[*] [0mFuzzing test case #1 (52 total, 0 crashes saved[0m, state: started :-), mode=explore, perf_score=100, weight=1, favorite=1, was_fuzzed=1, exec_us=4130, hits=0, map=62, ascii=0, run_time=0:00:04:13, cvg=25.00%) FS (t=0:00:00:02 (0.94%), st=552, avg=217 ms, found=0/11)...[0m
[1;94m[*] [0mFuzzing test case #1 (52 total, 0 crashes saved[0m, state: started :-), mode=explore, perf_score=100, weight=1, favorite=1, was_fuzzed=1, exec_us=4130, hits=0, map=62, ascii=0, run_time=0:00:04:14, cvg=25.00%) FS (t=0:00:00:02 (0.94%), st=552, avg=217 ms, found=0/11)...[0m
[1;94m[*] [0mFuzzing test case #4 (52 total, 0 crashes saved[0m, state: started :-), mode=explore, perf_score=100, weight=1, favorite=1, was_fuzzed=1, exec_us=4440, hits=0, map=57, ascii=0, run_time=0:00:04:14, cvg=25.00%) FS (t=0:00:00:02 (0.94%), st=552, avg=217 ms, found=0/11)...[0m
[1;94m[*] [0mFuzzing test case #1 (52 total, 0 crashes saved[0m, state: started :-), mode=explore, perf_score=100, weight=1, favorite=1, was_fuzzed=1, exec_us=4130, hits=0, map=62, ascii=0, run_time=0:00:04:15, cvg=25.00%) FS (t=0:00:00:02 (0.94%), st=552, avg=217 ms, found=0/11)...[0m
[1;94m[*] [0mFuzzing test case #5 (52 total, 0 crashes saved[0m, state: started :-), mode=explore, perf_score=100, weight=3, favorite=0, was_fuzzed=0, exec_us=4824, hits=0, map=80, ascii=0, run_time=0:00:04:15, cvg=25.00%) FS (t=0:00:00:02 (0.94%), st=552, avg=217 ms, found=0/11)...[0m
[1;94m[*] [0mFuzzing test case #28 (52 total, 0 crashes saved[0m, state: started :-), mode=explore, perf_score=100, weight=3, favorite=0, was_fuzzed=0, exec_us=4995, hits=0, map=85, ascii=0, run_time=0:00:04:16, cvg=25.00%) FS (t=0:00:00:02 (0.94%), st=558, avg=200 ms, found=0/12)...[0m
[1;94m[*] [0mFuzzing test case #24 (52 total, 0 crashes saved[0m, state: started :-), mode=explore, perf_score=100, weight=3, favorite=0, was_fuzzed=0, exec_us=5061, hits=0, map=73, ascii=0, run_time=0:00:04:16, cvg=25.00%) FS (t=0:00:00:02 (0.95%), st=568, avg=187 ms, found=0/13)...[0m
[1;94m[*] [0mFuzzing test case #2 (52 total, 0 crashes saved[0m, state: started :-), mode=explore, perf_score=100, weight=3, favorite=0, was_fuzzed=0, exec_us=5035, hits=0, map=68, ascii=0, run_time=0:00:04:17, cvg=25.00%) FS (t=0:00:00:02 (0.96%), st=577, avg=176 ms, found=0/14)...[0m
[1;94m[*] [0mFuzzing test case #1 (52 total, 0 crashes saved[0m, state: started :-), mode=explore, perf_score=100, weight=1, favorite=1, was_fuzzed=1, exec_us=4130, hits=0, map=62, ascii=0, run_time=0:00:04:18, cvg=25.00%) FS (t=0:00:00:02 (0.98%), st=598, avg=169 ms, found=0/15)...[0m
[1;94m[*] [0mFuzzing test case #17 (52 total, 0 crashes saved[0m, state: started :-), mode=explore, perf_score=100, weight=3, favorite=0, was_fuzzed=0, exec_us=4495, hits=0, map=83, ascii=0, run_time=0:00:04:18, cvg=25.00%) FS (t=0:00:00:02 (0.98%), st=598, avg=169 ms, found=0/15)...[0m
[1;94m[*] [0mFuzzing test case #24 (52 total, 0 crashes saved[0m, state: started :-), mode=explore, perf_score=100, weight=3, favorite=0, was_fuzzed=1, exec_us=5061, hits=0, map=73, ascii=0, run_time=0:00:04:18, cvg=25.00%) FS (t=0:00:00:02 (0.99%), st=605, avg=159 ms, found=0/16)...[0m
[1;94m[*] [0mFuzzing test case #1 (52 total, 0 crashes saved[0m, state: started :-), mode=explore, perf_score=100, weight=1, favorite=1, was_fuzzed=1, exec_us=4130, hits=0, map=62, ascii=0, run_time=0:00:04:19, cvg=25.00%) FS (t=0:00:00:02 (0.99%), st=605, avg=159 ms, found=0/16)...[0m
[1;94m[*] [0mFuzzing test case #9 (52 total, 0 crashes saved[0m, state: started :-), mode=explore, perf_score=100, weight=3, favorite=0, was_fuzzed=0, exec_us=4287, hits=0, map=83, ascii=0, run_time=0:00:04:19, cvg=25.00%) FS (t=0:00:00:02 (0.99%), st=605, avg=159 ms, found=0/16)...[0m
[1;94m[*] [0mFuzzing test case #3 (52 total, 0 crashes saved[0m, state: started :-), mode=explore, perf_score=100, weight=1, favorite=1, was_fuzzed=1, exec_us=4402, hits=0, map=75, ascii=0, run_time=0:00:04:19, cvg=25.00%) FS (t=0:00:00:02 (1.01%), st=613, avg=154 ms, found=0/17)...[0m
[1;94m[*] [0mFuzzing test case #10 (52 total, 0 crashes saved[0m, state: started :-), mode=explore, perf_score=100, weight=3, favorite=0, was_fuzzed=0, exec_us=4180, hits=0, map=80, ascii=0, run_time=0:00:04:20, cvg=25.00%) FS (t=0:00:00:02 (1.01%), st=613, avg=154 ms, found=0/17)...[0m
[1;94m[*] [0mFuzzing test case #41 (52 total, 0 crashes saved[0m, state: started :-), mode=explore, perf_score=100, weight=3, favorite=0, was_fuzzed=0, exec_us=4811, hits=0, map=85, ascii=0, run_time=0:00:04:20, cvg=25.00%) FS (t=0:00:00:02 (1.01%), st=616, avg=146 ms, found=0/18)...[0m
[1;94m[*] [0mFuzzing test case #13 (52 total, 0 crashes saved[0m, state: started :-), mode=explore, perf_score=100, weight=3, favorite=0, was_fuzzed=0, exec_us=4299, hits=0, map=76, ascii=0, run_time=0:00:04:21, cvg=25.00%) FS (t=0:00:00:02 (1.03%), st=624, avg=142 ms, found=0/19)...[0m
[1;94m[*] [0mFuzzing test case #0 (52 total, 0 crashes saved[0m, state: started :-), mode=explore, perf_score=100, weight=3, favorite=0, was_fuzzed=0, exec_us=4673, hits=0, map=57, ascii=0, run_time=0:00:04:22, cvg=25.00%) FS (t=0:00:00:02 (1.03%), st=628, avg=135 ms, found=0/20)...[0m
[1;94m[*] [0mFuzzing test case #22 (52 total, 0 crashes saved[0m, state: started :-), mode=explore, perf_score=100, weight=3, favorite=0, was_fuzzed=0, exec_us=5361, hits=0, map=83, ascii=0, run_time=0:00:04:22, cvg=25.00%) FS (t=0:00:00:02 (1.12%), st=638, avg=140 ms, found=0/21)...[0m
[1;94m[*] [0mFuzzing test case #36 (52 total, 0 crashes saved[0m, state: started :-), mode=explore, perf_score=100, weight=1, favorite=1, was_fuzzed=1, exec_us=4435, hits=0, map=73, ascii=0, run_time=0:00:04:23, cvg=25.00%) FS (t=0:00:00:03 (1.14%), st=654, avg=136 ms, found=1/22)...[0m
[1;94m[*] [0mFuzzing test case #2 (52 total, 0 crashes saved[0m, state: started :-), mode=explore, perf_score=100, weight=1, favorite=0, was_fuzzed=1, exec_us=5035, hits=0, map=68, ascii=0, run_time=0:00:04:23, cvg=25.00%) FS (t=0:00:00:03 (1.14%), st=654, avg=136 ms, found=1/22)...[0m
[1;94m[*] [0mFuzzing test case #15 (52 total, 0 crashes saved[0m, state: started :-), mode=explore, perf_score=100, weight=1, favorite=1, was_fuzzed=1, exec_us=4441, hits=0, map=65, ascii=0, run_time=0:00:04:23, cvg=25.00%) FS (t=0:00:00:03 (1.14%), st=654, avg=136 ms, found=1/22)...[0m
[1;94m[*] [0mFuzzing test case #36 (52 total, 0 crashes saved[0m, state: started :-), mode=explore, perf_score=100, weight=1, favorite=1, was_fuzzed=1, exec_us=4435, hits=0, map=73, ascii=0, run_time=0:00:04:24, cvg=25.00%) FS (t=0:00:00:03 (1.14%), st=654, avg=136 ms, found=1/22)...[0m
[1;94m[*] [0mFuzzing test case #1 (52 total, 0 crashes saved[0m, state: started :-), mode=explore, perf_score=100, weight=1, favorite=1, was_fuzzed=1, exec_us=4130, hits=0, map=62, ascii=0, run_time=0:00:04:24, cvg=25.00%) FS (t=0:00:00:03 (1.13%), st=654, avg=136 ms, found=1/22)...[0m
[1;94m[*] [0mFuzzing test case #39 (52 total, 0 crashes saved[0m, state: started :-), mode=explore, perf_score=100, weight=3, favorite=0, was_fuzzed=0, exec_us=5207, hits=0, map=78, ascii=0, run_time=0:00:04:24, cvg=25.00%) FS (t=0:00:00:03 (1.13%), st=654, avg=136 ms, found=1/22)...[0m
[1;94m[*] [0mFuzzing test case #1 (52 total, 0 crashes saved[0m, state: started :-), mode=explore, perf_score=100, weight=1, favorite=1, was_fuzzed=1, exec_us=4130, hits=0, map=62, ascii=0, run_time=0:00:04:25, cvg=25.00%) FS (t=0:00:00:03 (1.27%), st=688, avg=146 ms, found=1/23)...[0m
[1;94m[*] [0mFuzzing test case #29 (52 total, 0 crashes saved[0m, state: started :-), mode=explore, perf_score=75, weight=3, favorite=0, was_fuzzed=0, exec_us=7845, hits=0, map=78, ascii=0, run_time=0:00:04:26, cvg=25.00%) FS (t=0:00:00:03 (1.27%), st=688, avg=146 ms, found=1/23)...[0m
[1;94m[*] [0mFuzzing test case #4 (52 total, 0 crashes saved[0m, state: started :-), mode=explore, perf_score=100, weight=1, favorite=1, was_fuzzed=1, exec_us=4440, hits=0, map=57, ascii=0, run_time=0:00:04:26, cvg=25.00%) FS (t=0:00:00:03 (1.27%), st=694, avg=141 ms, found=1/24)...[0m
[1;94m[*] [0mFuzzing test case #11 (52 total, 0 crashes saved[0m, state: started :-), mode=explore, perf_score=100, weight=3, favorite=0, was_fuzzed=0, exec_us=5057, hits=0, map=83, ascii=0, run_time=0:00:04:27, cvg=25.00%) FS (t=0:00:00:03 (1.27%), st=694, avg=141 ms, found=1/24)...[0m
[1;94m[*] [0mFuzzing test case #36 (52 total, 0 crashes saved[0m, state: started :-), mode=explore, perf_score=100, weight=1, favorite=1, was_fuzzed=1, exec_us=4435, hits=0, map=73, ascii=0, run_time=0:00:04:28, cvg=25.00%) FS (t=0:00:00:03 (1.28%), st=703, avg=137 ms, found=1/25)...[0m
[1;94m[*] [0mFuzzing test case #36 (52 total, 0 crashes saved[0m, state: started :-), mode=explore, perf_score=100, weight=1, favorite=1, was_fuzzed=1, exec_us=4435, hits=0, map=73, ascii=0, run_time=0:00:04:28, cvg=25.00%) FS (t=0:00:00:03 (1.28%), st=703, avg=137 ms, found=1/25)...[0m
[1;94m[*] [0mFuzzing test case #1 (52 total, 0 crashes saved[0m, state: started :-), mode=explore, perf_score=100, weight=1, favorite=1, was_fuzzed=1, exec_us=4130, hits=0, map=62, ascii=0, run_time=0:00:04:28, cvg=25.00%) FS (t=0:00:00:03 (1.28%), st=703, avg=137 ms, found=1/25)...[0m
[1;94m[*] [0mFuzzing test case #34 (52 total, 0 crashes saved[0m, state: started :-), mode=explore, perf_score=50, weight=3, favorite=0, was_fuzzed=0, exec_us=19489, hits=0, map=73, ascii=0, run_time=0:00:04:29, cvg=25.00%) FS (t=0:00:00:03 (1.28%), st=703, avg=137 ms, found=1/25)...[0m
[1;94m[*] [0mFuzzing test case #1 (52 total, 0 crashes saved[0m, state: started :-), mode=explore, perf_score=100, weight=1, favorite=1, was_fuzzed=1, exec_us=4130, hits=0, map=62, ascii=0, run_time=0:00:04:29, cvg=25.00%) FS (t=0:00:00:03 (1.35%), st=766, avg=140 ms, found=1/26)...[0m
[1;94m[*] [0mFuzzing test case #51 (52 total, 0 crashes saved[0m, state: started :-), mode=explore, perf_score=100, weight=3, favorite=0, was_fuzzed=0, exec_us=3746, hits=0, map=78, ascii=0, run_time=0:00:04:29, cvg=25.00%) FS (t=0:00:00:03 (1.35%), st=766, avg=140 ms, found=1/26)...[0m
[1;94m[*] [0mFuzzing test case #15 (52 total, 0 crashes saved[0m, state: started :-), mode=explore, perf_score=100, weight=1, favorite=1, was_fuzzed=1, exec_us=4441, hits=0, map=65, ascii=0, run_time=0:00:04:31, cvg=25.00%) FS (t=0:00:00:04 (1.51%), st=897, avg=151 ms, found=1/27)...[0m
[1;94m[*] [0mFuzzing test case #15 (52 total, 0 crashes saved[0m, state: started :-), mode=explore, perf_score=100, weight=1, favorite=1, was_fuzzed=1, exec_us=4441, hits=0, map=65, ascii=0, run_time=0:00:04:31, cvg=25.00%) FS (t=0:00:00:04 (1.51%), st=897, avg=151 ms, found=1/27)...[0m
[1;94m[*] [0mFuzzing test case #15 (52 total, 0 crashes saved[0m, state: started :-), mode=explore, perf_score=100, weight=1, favorite=1, was_fuzzed=1, exec_us=4441, hits=0, map=65, ascii=0, run_time=0:00:04:31, cvg=25.00%) FS (t=0:00:00:04 (1.51%), st=897, avg=151 ms, found=1/27)...[0m
[1;94m[*] [0mFuzzing test case #20 (52 total, 0 crashes saved[0m, state: started :-), mode=explore, perf_score=100, weight=3, favorite=0, was_fuzzed=0, exec_us=4596, hits=0, map=83, ascii=0, run_time=0:00:04:32, cvg=25.00%) FS (t=0:00:00:04 (1.51%), st=897, avg=151 ms, found=1/27)...[0m
[1;94m[*] [0mEntering queue cycle 2
[0m
[1;94m[*] [0mFuzzing test case #36 (52 total, 0 crashes saved[0m, state: started :-), mode=explore, perf_score=100, weight=1, favorite=1, was_fuzzed=1, exec_us=4435, hits=0, map=73, ascii=0, run_time=0:00:04:32, cvg=25.00%) FS (t=0:00:00:04 (1.51%), st=901, avg=146 ms, found=1/28)...[0m
[1;94m[*] [0mFuzzing test case #40 (52 total, 0 crashes saved[0m, state: started :-), mode=explore, perf_score=75, weight=3, favorite=0, was_fuzzed=0, exec_us=8627, hits=0, map=78, ascii=0, run_time=0:00:04:33, cvg=25.00%) FS (t=0:00:00:04 (1.50%), st=901, avg=146 ms, found=1/28)...[0m
[1;94m[*] [0mFuzzing test case #1 (52 total, 0 crashes saved[0m, state: started :-), mode=explore, perf_score=100, weight=1, favorite=1, was_fuzzed=1, exec_us=4130, hits=0, map=62, ascii=0, run_time=0:00:04:34, cvg=25.00%) FS (t=0:00:00:04 (1.60%), st=961, avg=151 ms, found=1/29)...[0m
[1;94m[*] [0mFuzzing test case #23 (52 total, 0 crashes saved[0m, state: started :-), mode=explore, perf_score=100, weight=3, favorite=0, was_fuzzed=0, exec_us=4964, hits=0, map=85, ascii=0, run_time=0:00:04:35, cvg=25.00%) FS (t=0:00:00:04 (1.60%), st=961, avg=151 ms, found=1/29)...[0m
[1;94m[*] [0mFuzzing test case #50 (52 total, 0 crashes saved[0m, state: started :-), mode=explore, perf_score=200, weight=3, favorite=0, was_fuzzed=0, exec_us=4000, hits=0, map=82, ascii=0, run_time=0:00:04:36, cvg=25.00%) FS (t=0:00:00:04 (1.63%), st=978, avg=149 ms, found=1/30)...[0m
[1;94m[*] [0mFuzzing test case #3 (52 total, 0 crashes saved[0m, state: started :-), mode=explore, perf_score=100, weight=1, favorite=1, was_fuzzed=1, exec_us=4402, hits=0, map=75, ascii=0, run_time=0:00:04:39, cvg=25.00%) FS (t=0:00:00:05 (2.06%), st=1241, avg=186 ms, found=1/31)...[0m
[1;94m[*] [0mFuzzing test case #6 (52 total, 0 crashes saved[0m, state: started :-), mode=explore, perf_score=50, weight=3, favorite=0, was_fuzzed=0, exec_us=14708, hits=0, map=82, ascii=0, run_time=0:00:04:39, cvg=25.00%) FS (t=0:00:00:05 (2.06%), st=1241, avg=186 ms, found=1/31)...[0m
[1;94m[*] [0mFuzzing test case #1 (52 total, 0 crashes saved[0m, state: started :-), mode=explore, perf_score=100, weight=1, favorite=1, was_fuzzed=1, exec_us=4130, hits=0, map=62, ascii=0, run_time=0:00:04:39, cvg=25.00%) FS (t=0:00:00:05 (2.07%), st=1247, avg=180 ms, found=1/32)...[0m
[1;94m[*] [0mFuzzing test case #44 (52 total, 0 crashes saved[0m, state: started :-), mode=explore, perf_score=100, weight=2, favorite=0, was_fuzzed=0, exec_us=4147, hits=0, map=85, ascii=0, run_time=0:00:04:40, cvg=25.00%) FS (t=0:00:00:05 (2.07%), st=1247, avg=180 ms, found=1/32)...[0m
[1;94m[*] [0mFuzzing test case #3 (53 total, 0 crashes saved[0m, state: started :-), mode=explore, perf_score=100, weight=1, favorite=1, was_fuzzed=1, exec_us=4402, hits=0, map=75, ascii=0, run_time=0:00:04:41, cvg=25.00%) FS (t=0:00:00:05 (2.10%), st=1288, avg=179 ms, found=1/33)...[0m
[1;94m[*] [0mFuzzing test case #18 (53 total, 0 crashes saved[0m, state: started :-), mode=explore, perf_score=100, weight=3, favorite=0, was_fuzzed=0, exec_us=4465, hits=0, map=82, ascii=0, run_time=0:00:04:41, cvg=25.00%) FS (t=0:00:00:05 (2.10%), st=1288, avg=179 ms, found=1/33)...[0m
[1;94m[*] [0mFuzzing test case #27 (53 total, 0 crashes saved[0m, state: started :-), mode=explore, perf_score=100, weight=3, favorite=0, was_fuzzed=0, exec_us=4322, hits=0, map=62, ascii=0, run_time=0:00:04:41, cvg=25.00%) FS (t=0:00:00:05 (2.13%), st=1312, avg=176 ms, found=1/34)...[0m
[1;94m[*] [0mFuzzing test case #26 (53 total, 0 crashes saved[0m, state: started :-), mode=explore, perf_score=100, weight=3, favorite=0, was_fuzzed=0, exec_us=4480, hits=0, map=68, ascii=0, run_time=0:00:04:42, cvg=25.00%) FS (t=0:00:00:06 (2.17%), st=1328, avg=174 ms, found=1/35)...[0m
[1;94m[*] [0mFuzzing test case #4 (53 total, 0 crashes saved[0m, state: started :-), mode=explore, perf_score=100, weight=1, favorite=1, was_fuzzed=1, exec_us=4440, hits=0, map=57, ascii=0, run_time=0:00:04:43, cvg=25.00%) FS (t=0:00:00:06 (2.17%), st=1333, avg=170 ms, found=1/36)...[0m
[1;94m[*] [0mFuzzing test case #42 (53 total, 0 crashes saved[0m, state: started :-), mode=explore, perf_score=100, weight=3, favorite=0, was_fuzzed=0, exec_us=4123, hits=0, map=95, ascii=0, run_time=0:00:04:43, cvg=25.00%) FS (t=0:00:00:06 (2.17%), st=1333, avg=170 ms, found=1/36)...[0m
[1;94m[*] [0mFuzzing test case #1 (53 total, 0 crashes saved[0m, state: started :-), mode=explore, perf_score=100, weight=1, favorite=1, was_fuzzed=1, exec_us=4130, hits=0, map=62, ascii=0, run_time=0:00:04:44, cvg=25.00%) FS (t=0:00:00:06 (2.23%), st=1380, avg=171 ms, found=1/37)...[0m
[1;94m[*] [0mFuzzing test case #19 (53 total, 0 crashes saved[0m, state: started :-), mode=explore, perf_score=100, weight=3, favorite=0, was_fuzzed=0, exec_us=4467, hits=0, map=83, ascii=0, run_time=0:00:04:45, cvg=25.00%) FS (t=0:00:00:06 (2.22%), st=1380, avg=171 ms, found=1/37)...[0m
[1;94m[*] [0mFuzzing test case #30 (53 total, 0 crashes saved[0m, state: started :-), mode=explore, perf_score=100, weight=3, favorite=0, was_fuzzed=0, exec_us=4521, hits=0, map=82, ascii=0, run_time=0:00:04:45, cvg=25.00%) FS (t=0:00:00:06 (2.24%), st=1391, avg=168 ms, found=1/38)...[0m
[1;94m[*] [0mFuzzing test case #1 (53 total, 0 crashes saved[0m, state: started :-), mode=explore, perf_score=100, weight=1, favorite=1, was_fuzzed=1, exec_us=4130, hits=0, map=62, ascii=0, run_time=0:00:04:46, cvg=25.00%) FS (t=0:00:00:06 (2.23%), st=1393, avg=164 ms, found=1/39)...[0m
[1;94m[*] [0mFuzzing test case #35 (53 total, 0 crashes saved[0m, state: started :-), mode=explore, perf_score=100, weight=3, favorite=0, was_fuzzed=0, exec_us=3900, hits=0, map=62, ascii=0, run_time=0:00:04:47, cvg=25.00%) FS (t=0:00:00:06 (2.23%), st=1393, avg=164 ms, found=1/39)...[0m
[1;94m[*] [0mFuzzing test case #36 (53 total, 0 crashes saved[0m, state: started :-), mode=explore, perf_score=100, weight=1, favorite=1, was_fuzzed=1, exec_us=4435, hits=0, map=73, ascii=0, run_time=0:00:04:48, cvg=25.00%) FS (t=0:00:00:06 (2.35%), st=1418, avg=169 ms, found=1/40)...[0m
[1;94m[*] [0mFuzzing test case #32 (53 total, 0 crashes saved[0m, state: started :-), mode=explore, perf_score=100, weight=3, favorite=0, was_fuzzed=0, exec_us=4702, hits=0, map=82, ascii=0, run_time=0:00:04:48, cvg=25.00%) FS (t=0:00:00:06 (2.34%), st=1418, avg=169 ms, found=1/40)...[0m
[1;94m[*] [0mFuzzing test case #43 (53 total, 0 crashes saved[0m, state: started :-), mode=explore, perf_score=100, weight=2, favorite=0, was_fuzzed=0, exec_us=3665, hits=0, map=83, ascii=0, run_time=0:00:04:49, cvg=25.00%) FS (t=0:00:00:06 (2.41%), st=1459, avg=170 ms, found=1/41)...[0m
[1;94m[*] [0mFuzzing test case #40 (53 total, 0 crashes saved[0m, state: started :-), mode=explore, perf_score=75, weight=1, favorite=0, was_fuzzed=1, exec_us=8627, hits=0, map=78, ascii=0, run_time=0:00:04:50, cvg=25.00%) FS (t=0:00:00:07 (2.56%), st=1544, avg=177 ms, found=1/42)...[0m
[1;94m[*] [0mFuzzing test case #12 (53 total, 0 crashes saved[0m, state: started :-), mode=explore, perf_score=100, weight=3, favorite=0, was_fuzzed=0, exec_us=4530, hits=0, map=83, ascii=0, run_time=0:00:04:51, cvg=25.00%) FS (t=0:00:00:07 (2.56%), st=1544, avg=177 ms, found=1/42)...[0m
[1;94m[*] [0mFuzzing test case #1 (53 total, 0 crashes saved[0m, state: started :-), mode=explore, perf_score=100, weight=1, favorite=1, was_fuzzed=1, exec_us=4130, hits=0, map=62, ascii=0, run_time=0:00:04:51, cvg=25.00%) FS (t=0:00:00:07 (2.57%), st=1552, avg=174 ms, found=2/43)...[0m
[1;94m[*] [0mFuzzing test case #49 (53 total, 0 crashes saved[0m, state: started :-), mode=explore, perf_score=200, weight=3, favorite=0, was_fuzzed=0, exec_us=3121, hits=0, map=57, ascii=0, run_time=0:00:04:52, cvg=25.00%) FS (t=0:00:00:07 (2.56%), st=1552, avg=174 ms, found=2/43)...[0m
[1;94m[*] [0mFuzzing test case #52 (53 total, 0 crashes saved[0m, state: started :-), mode=explore, perf_score=200, weight=3, favorite=0, was_fuzzed=0, exec_us=3001, hits=0, map=85, ascii=0, run_time=0:00:04:55, cvg=25.00%) FS (t=0:00:00:08 (2.99%), st=1808, avg=200 ms, found=2/44)...[0m
[1;94m[*] [0mFuzzing test case #21 (53 total, 0 crashes saved[0m, state: started :-), mode=explore, perf_score=100, weight=3, favorite=0, was_fuzzed=0, exec_us=4293, hits=0, map=62, ascii=0, run_time=0:00:04:57, cvg=25.00%) FS (t=0:00:00:09 (3.14%), st=1888, avg=207 ms, found=2/45)...[0m
[1;94m[*] [0mFuzzing test case #14 (53 total, 0 crashes saved[0m, state: started :-), mode=explore, perf_score=100, weight=3, favorite=0, was_fuzzed=0, exec_us=4172, hits=0, map=62, ascii=0, run_time=0:00:04:57, cvg=25.00%) FS (t=0:00:00:09 (3.15%), st=1900, avg=203 ms, found=2/46)...[0m
[1;94m[*] [0mFuzzing test case #7 (53 total, 0 crashes saved[0m, state: started :-), mode=explore, perf_score=50, weight=3, favorite=0, was_fuzzed=0, exec_us=17222, hits=0, map=62, ascii=0, run_time=0:00:04:58, cvg=25.00%) FS (t=0:00:00:09 (3.15%), st=1907, avg=200 ms, found=2/47)...[0m
[1;94m[*] [0mFuzzing test case #15 (53 total, 0 crashes saved[0m, state: started :-), mode=explore, perf_score=100, weight=1, favorite=1, was_fuzzed=1, exec_us=4441, hits=0, map=65, ascii=0, run_time=0:00:04:58, cvg=25.00%) FS (t=0:00:00:09 (3.15%), st=1913, avg=196 ms, found=2/48)...[0m
[1;94m[*] [0mFuzzing test case #4 (53 total, 0 crashes saved[0m, state: started :-), mode=explore, perf_score=100, weight=1, favorite=1, was_fuzzed=1, exec_us=4440, hits=0, map=57, ascii=0, run_time=0:00:04:59, cvg=25.00%) FS (t=0:00:00:09 (3.15%), st=1913, avg=196 ms, found=2/48)...[0m
[1;94m[*] [0mFuzzing test case #1 (53 total, 0 crashes saved[0m, state: started :-), mode=explore, perf_score=100, weight=1, favorite=1, was_fuzzed=1, exec_us=4130, hits=0, map=62, ascii=0, run_time=0:00:04:59, cvg=25.00%) FS (t=0:00:00:09 (3.15%), st=1913, avg=196 ms, found=2/48)...[0m
[1;94m[*] [0mFuzzing test case #3 (53 total, 0 crashes saved[0m, state: started :-), mode=explore, perf_score=100, weight=1, favorite=1, was_fuzzed=1, exec_us=4402, hits=0, map=75, ascii=0, run_time=0:00:04:59, cvg=25.00%) FS (t=0:00:00:09 (3.14%), st=1913, avg=196 ms, found=2/48)...[0m
[1;94m[*] [0mFuzzing test case #1 (53 total, 0 crashes saved[0m, state: [0;31mfinished...[0m, mode=explore, perf_score=100, weight=1, favorite=1, was_fuzzed=1, exec_us=4130, hits=0, map=62, ascii=0, run_time=0:00:05:00, cvg=25.00%) FS (t=0:00:00:09 (3.14%), st=1913, avg=196 ms, found=2/48)...[0m
[1;94m[*] [0mFuzzing test case #31 (53 total, 0 crashes saved[0m, state: [0;31mfinished...[0m, mode=explore, perf_score=100, weight=3, favorite=0, was_fuzzed=0, exec_us=4830, hits=0, map=80, ascii=0, run_time=0:00:05:00, cvg=25.00%) FS (t=0:00:00:09 (3.13%), st=1913, avg=196 ms, found=2/48)...[0m
[1;94m[*] [0mFuzzing test case #36 (53 total, 0 crashes saved[0m, state: [0;31mfinished...[0m, mode=explore, perf_score=100, weight=1, favorite=1, was_fuzzed=1, exec_us=4435, hits=0, map=73, ascii=0, run_time=0:00:05:01, cvg=25.00%) FS (t=0:00:00:09 (3.14%), st=1919, avg=192 ms, found=2/49)...[0m
[1;94m[*] [0mFuzzing test case #4 (53 total, 0 crashes saved[0m, state: [0;31mfinished...[0m, mode=explore, perf_score=100, weight=1, favorite=1, was_fuzzed=1, exec_us=4440, hits=0, map=57, ascii=0, run_time=0:00:05:01, cvg=25.00%) FS (t=0:00:00:09 (3.13%), st=1919, avg=192 ms, found=2/49)...[0m
[1;94m[*] [0mFuzzing test case #31 (53 total, 0 crashes saved[0m, state: [0;31mfinished...[0m, mode=explore, perf_score=100, weight=3, favorite=0, was_fuzzed=1, exec_us=4830, hits=0, map=80, ascii=0, run_time=0:00:05:01, cvg=25.00%) FS (t=0:00:00:09 (3.13%), st=1919, avg=192 ms, found=2/49)...[0m
[1;94m[*] [0mFuzzing test case #47 (53 total, 0 crashes saved[0m, state: [0;31mfinished...[0m, mode=explore, perf_score=100, weight=4, favorite=0, was_fuzzed=0, exec_us=4601, hits=0, map=83, ascii=0, run_time=0:00:05:02, cvg=25.00%) FS (t=0:00:00:09 (3.12%), st=1919, avg=192 ms, found=2/49)...[0m
[1;94m[*] [0mFuzzing test case #13 (53 total, 0 crashes saved[0m, state: [0;31mfinished...[0m, mode=explore, perf_score=100, weight=1, favorite=0, was_fuzzed=1, exec_us=4299, hits=0, map=76, ascii=0, run_time=0:00:05:04, cvg=25.00%) FS (t=0:00:00:10 (3.38%), st=2008, avg=205 ms, found=2/50)...[0m
[1;94m[*] [0mFuzzing test case #45 (53 total, 0 crashes saved[0m, state: [0;31mfinished...[0m, mode=explore, perf_score=100, weight=3, favorite=0, was_fuzzed=0, exec_us=4064, hits=0, map=82, ascii=0, run_time=0:00:05:04, cvg=25.00%) FS (t=0:00:00:10 (3.38%), st=2008, avg=205 ms, found=2/50)...[0m
[1;94m[*] [0mFuzzing test case #36 (53 total, 0 crashes saved[0m, state: [0;31mfinished...[0m, mode=explore, perf_score=100, weight=1, favorite=1, was_fuzzed=1, exec_us=4435, hits=0, map=73, ascii=0, run_time=0:00:05:06, cvg=25.00%) FS (t=0:00:00:10 (3.46%), st=2035, avg=207 ms, found=2/51)...[0m
[1;94m[*] [0mFuzzing test case #36 (53 total, 0 crashes saved[0m, state: [0;31mfinished...[0m, mode=explore, perf_score=100, weight=1, favorite=1, was_fuzzed=1, exec_us=4435, hits=0, map=73, ascii=0, run_time=0:00:05:06, cvg=25.00%) FS (t=0:00:00:10 (3.46%), st=2035, avg=207 ms, found=2/51)...[0m
[1;94m[*] [0mFuzzing test case #1 (53 total, 0 crashes saved[0m, state: [0;31mfinished...[0m, mode=explore, perf_score=100, weight=1, favorite=1, was_fuzzed=1, exec_us=4130, hits=0, map=62, ascii=0, run_time=0:00:05:07, cvg=25.00%) FS (t=0:00:00:10 (3.45%), st=2035, avg=207 ms, found=2/51)...[0m
[1;94m[*] [0mFuzzing test case #25 (53 total, 0 crashes saved[0m, state: [0;31mfinished...[0m, mode=explore, perf_score=100, weight=3, favorite=0, was_fuzzed=0, exec_us=4402, hits=0, map=85, ascii=0, run_time=0:00:05:08, cvg=25.00%) FS (t=0:00:00:10 (3.44%), st=2035, avg=207 ms, found=2/51)...[0m
[1;94m[*] [0mFuzzing test case #37 (53 total, 0 crashes saved[0m, state: [0;31mfinished...[0m, mode=explore, perf_score=100, weight=1, favorite=0, was_fuzzed=1, exec_us=4461, hits=0, map=83, ascii=0, run_time=0:00:05:09, cvg=25.00%) FS (t=0:00:00:10 (3.51%), st=2057, avg=208 ms, found=2/52)...[0m
[1;94m[*] [0mFuzzing test case #22 (53 total, 0 crashes saved[0m, state: [0;31mfinished...[0m, mode=explore, perf_score=100, weight=1, favorite=0, was_fuzzed=1, exec_us=5361, hits=0, map=83, ascii=0, run_time=0:00:05:09, cvg=25.00%) FS (t=0:00:00:10 (3.50%), st=2057, avg=208 ms, found=2/52)...[0m
[1;94m[*] [0mFuzzing test case #12 (53 total, 0 crashes saved[0m, state: [0;31mfinished...[0m, mode=explore, perf_score=100, weight=1, favorite=0, was_fuzzed=1, exec_us=4530, hits=0, map=83, ascii=0, run_time=0:00:05:10, cvg=25.00%) FS (t=0:00:00:10 (3.49%), st=2057, avg=208 ms, found=2/52)...[0m
[1;94m[*] [0mFuzzing test case #4 (53 total, 0 crashes saved[0m, state: [0;31mfinished...[0m, mode=explore, perf_score=100, weight=1, favorite=1, was_fuzzed=1, exec_us=4440, hits=0, map=57, ascii=0, run_time=0:00:05:10, cvg=25.00%) FS (t=0:00:00:10 (3.49%), st=2057, avg=208 ms, found=2/52)...[0m
[1;94m[*] [0mFuzzing test case #36 (53 total, 0 crashes saved[0m, state: [0;31mfinished...[0m, mode=explore, perf_score=100, weight=1, favorite=1, was_fuzzed=1, exec_us=4435, hits=0, map=73, ascii=0, run_time=0:00:05:11, cvg=25.00%) FS (t=0:00:00:10 (3.48%), st=2057, avg=208 ms, found=2/52)...[0m
[1;94m[*] [0mFuzzing test case #1 (53 total, 0 crashes saved[0m, state: [0;31mfinished...[0m, mode=explore, perf_score=100, weight=1, favorite=1, was_fuzzed=1, exec_us=4130, hits=0, map=62, ascii=0, run_time=0:00:05:12, cvg=25.00%) FS (t=0:00:00:10 (3.47%), st=2057, avg=208 ms, found=2/52)...[0m
[1;94m[*] [0mFuzzing test case #1 (53 total, 0 crashes saved[0m, state: [0;31mfinished...[0m, mode=explore, perf_score=100, weight=1, favorite=1, was_fuzzed=1, exec_us=4130, hits=0, map=62, ascii=0, run_time=0:00:05:12, cvg=25.00%) FS (t=0:00:00:10 (3.47%), st=2057, avg=208 ms, found=2/52)...[0m
[1;94m[*] [0mFuzzing test case #51 (53 total, 0 crashes saved[0m, state: [0;31mfinished...[0m, mode=explore, perf_score=100, weight=1, favorite=0, was_fuzzed=1, exec_us=3746, hits=0, map=78, ascii=0, run_time=0:00:05:12, cvg=25.00%) FS (t=0:00:00:10 (3.47%), st=2057, avg=208 ms, found=2/52)...[0m
[1;94m[*] [0mEntering queue cycle 3
[0m
[1;94m[*] [0mFuzzing test case #46 (53 total, 0 crashes saved[0m, state: [0;31mfinished...[0m, mode=explore, perf_score=100, weight=1, favorite=0, was_fuzzed=1, exec_us=3530, hits=0, map=57, ascii=0, run_time=0:00:05:13, cvg=25.00%) FS (t=0:00:00:10 (3.46%), st=2057, avg=208 ms, found=2/52)...[0m
[1;94m[*] [0mFuzzing test case #7 (53 total, 0 crashes saved[0m, state: [0;31mfinished...[0m, mode=explore, perf_score=50, weight=3, favorite=0, was_fuzzed=1, exec_us=17222, hits=0, map=62, ascii=0, run_time=0:00:05:14, cvg=25.00%) FS (t=0:00:00:10 (3.45%), st=2057, avg=208 ms, found=2/52)...[0m
[1;94m[*] [0mFuzzing test case #3 (53 total, 0 crashes saved[0m, state: [0;31mfinished...[0m, mode=explore, perf_score=100, weight=1, favorite=1, was_fuzzed=1, exec_us=4402, hits=0, map=75, ascii=0, run_time=0:00:05:14, cvg=25.00%) FS (t=0:00:00:10 (3.45%), st=2057, avg=208 ms, found=2/52)...[0m
[1;94m[*] [0mFuzzing test case #8 (53 total, 0 crashes saved[0m, state: [0;31mfinished...[0m, mode=explore, perf_score=100, weight=3, favorite=0, was_fuzzed=0, exec_us=4262, hits=0, map=62, ascii=0, run_time=0:00:05:14, cvg=25.00%) FS (t=0:00:00:10 (3.45%), st=2057, avg=208 ms, found=2/52)...[0m
[1;94m[*] [0mFuzzing test case #4 (53 total, 0 crashes saved[0m, state: [0;31mfinished...[0m, mode=explore, perf_score=100, weight=1, favorite=1, was_fuzzed=1, exec_us=4440, hits=0, map=57, ascii=0, run_time=0:00:05:15, cvg=25.00%) FS (t=0:00:00:10 (3.45%), st=2065, avg=205 ms, found=2/53)...[0m
[1;94m[*] [0mFuzzing test case #1 (53 total, 0 crashes saved[0m, state: [0;31mfinished...[0m, mode=explore, perf_score=100, weight=1, favorite=1, was_fuzzed=1, exec_us=4130, hits=0, map=62, ascii=0, run_time=0:00:05:15, cvg=25.00%) FS (t=0:00:00:10 (3.45%), st=2065, avg=205 ms, found=2/53)...[0m
[1;94m[*] [0mFuzzing test case #36 (53 total, 0 crashes saved[0m, state: [0;31mfinished...[0m, mode=explore, perf_score=100, weight=1, favorite=1, was_fuzzed=1, exec_us=4435, hits=0, map=73, ascii=0, run_time=0:00:05:15, cvg=25.00%) FS (t=0:00:00:10 (3.44%), st=2065, avg=205 ms, found=2/53)...[0m
[1;94m[*] [0mFuzzing test case #21 (53 total, 0 crashes saved[0m, state: [0;31mfinished...[0m, mode=explore, perf_score=100, weight=1, favorite=0, was_fuzzed=1, exec_us=4293, hits=0, map=62, ascii=0, run_time=0:00:05:16, cvg=25.00%) FS (t=0:00:00:10 (3.43%), st=2065, avg=205 ms, found=2/53)...[0m
[1;94m[*] [0mFuzzing test case #1 (53 total, 0 crashes saved[0m, state: [0;31mfinished...[0m, mode=explore, perf_score=100, weight=1, favorite=1, was_fuzzed=1, exec_us=4130, hits=0, map=62, ascii=0, run_time=0:00:05:16, cvg=25.00%) FS (t=0:00:00:10 (3.43%), st=2065, avg=205 ms, found=2/53)...[0m
[1;94m[*] [0mFuzzing test case #4 (53 total, 0 crashes saved[0m, state: [0;31mfinished...[0m, mode=explore, perf_score=100, weight=1, favorite=1, was_fuzzed=1, exec_us=4440, hits=0, map=57, ascii=0, run_time=0:00:05:17, cvg=25.00%) FS (t=0:00:00:10 (3.42%), st=2065, avg=205 ms, found=2/53)...[0m
[1;94m[*] [0mFuzzing test case #36 (53 total, 0 crashes saved[0m, state: [0;31mfinished...[0m, mode=explore, perf_score=100, weight=1, favorite=1, was_fuzzed=1, exec_us=4435, hits=0, map=73, ascii=0, run_time=0:00:05:17, cvg=25.00%) FS (t=0:00:00:10 (3.42%), st=2065, avg=205 ms, found=2/53)...[0m
[1;94m[*] [0mFuzzing test case #25 (53 total, 0 crashes saved[0m, state: [0;31mfinished...[0m, mode=explore, perf_score=100, weight=1, favorite=0, was_fuzzed=1, exec_us=4402, hits=0, map=85, ascii=0, run_time=0:00:05:18, cvg=25.00%) FS (t=0:00:00:10 (3.41%), st=2065, avg=205 ms, found=2/53)...[0m
[1;94m[*] [0mFuzzing test case #5 (53 total, 0 crashes saved[0m, state: [0;31mfinished...[0m, mode=explore, perf_score=100, weight=1, favorite=0, was_fuzzed=1, exec_us=4824, hits=0, map=80, ascii=0, run_time=0:00:05:18, cvg=25.00%) FS (t=0:00:00:10 (3.41%), st=2065, avg=205 ms, found=2/53)...[0m
[1;94m[*] [0mFuzzing test case #1 (53 total, 0 crashes saved[0m, state: [0;31mfinished...[0m, mode=explore, perf_score=100, weight=1, favorite=1, was_fuzzed=1, exec_us=4130, hits=0, map=62, ascii=0, run_time=0:00:05:19, cvg=25.00%) FS (t=0:00:00:10 (3.40%), st=2065, avg=205 ms, found=2/53)...[0m
[1;94m[*] [0mFuzzing test case #1 (53 total, 0 crashes saved[0m, state: [0;31mfinished...[0m, mode=explore, perf_score=100, weight=1, favorite=1, was_fuzzed=1, exec_us=4130, hits=0, map=62, ascii=0, run_time=0:00:05:19, cvg=25.00%) FS (t=0:00:00:10 (3.40%), st=2065, avg=205 ms, found=2/53)...[0m
[1;94m[*] [0mFuzzing test case #21 (53 total, 0 crashes saved[0m, state: [0;31mfinished...[0m, mode=explore, perf_score=100, weight=1, favorite=0, was_fuzzed=1, exec_us=4293, hits=0, map=62, ascii=0, run_time=0:00:05:20, cvg=25.00%) FS (t=0:00:00:10 (3.39%), st=2065, avg=205 ms, found=2/53)...[0m
[1;94m[*] [0mFuzzing test case #51 (53 total, 0 crashes saved[0m, state: [0;31mfinished...[0m, mode=explore, perf_score=100, weight=1, favorite=0, was_fuzzed=1, exec_us=3746, hits=0, map=78, ascii=0, run_time=0:00:05:20, cvg=25.00%) FS (t=0:00:00:10 (3.39%), st=2065, avg=205 ms, found=2/53)...[0m
[1;94m[*] [0mFuzzing test case #36 (53 total, 0 crashes saved[0m, state: [0;31mfinished...[0m, mode=explore, perf_score=100, weight=1, favorite=1, was_fuzzed=1, exec_us=4435, hits=0, map=73, ascii=0, run_time=0:00:05:21, cvg=25.00%) FS (t=0:00:00:10 (3.38%), st=2065, avg=205 ms, found=2/53)...[0m
[1;94m[*] [0mFuzzing test case #1 (53 total, 0 crashes saved[0m, state: [0;31mfinished...[0m, mode=explore, perf_score=100, weight=1, favorite=1, was_fuzzed=1, exec_us=4130, hits=0, map=62, ascii=0, run_time=0:00:05:21, cvg=25.00%) FS (t=0:00:00:10 (3.38%), st=2065, avg=205 ms, found=2/53)...[0m
[1;94m[*] [0mFuzzing test case #36 (53 total, 0 crashes saved[0m, state: [0;31mfinished...[0m, mode=explore, perf_score=100, weight=1, favorite=1, was_fuzzed=1, exec_us=4435, hits=0, map=73, ascii=0, run_time=0:00:05:22, cvg=25.00%) FS (t=0:00:00:10 (3.37%), st=2065, avg=205 ms, found=2/53)...[0m
[1;94m[*] [0mFuzzing test case #52 (53 total, 0 crashes saved[0m, state: [0;31mfinished...[0m, mode=explore, perf_score=100, weight=1, favorite=0, was_fuzzed=1, exec_us=3001, hits=0, map=85, ascii=0, run_time=0:00:05:22, cvg=25.00%) FS (t=0:00:00:10 (3.37%), st=2065, avg=205 ms, found=2/53)...[0m
[1;94m[*] [0mFuzzing test case #3 (53 total, 0 crashes saved[0m, state: [0;31mfinished...[0m, mode=explore, perf_score=100, weight=1, favorite=1, was_fuzzed=1, exec_us=4402, hits=0, map=75, ascii=0, run_time=0:00:05:23, cvg=25.00%) FS (t=0:00:00:10 (3.36%), st=2065, avg=205 ms, found=2/53)...[0m
[1;94m[*] [0mFuzzing test case #4 (53 total, 0 crashes saved[0m, state: [0;31mfinished...[0m, mode=explore, perf_score=100, weight=1, favorite=1, was_fuzzed=1, exec_us=4440, hits=0, map=57, ascii=0, run_time=0:00:05:23, cvg=25.00%) FS (t=0:00:00:10 (3.35%), st=2065, avg=205 ms, found=2/53)...[0m
[1;94m[*] [0mFuzzing test case #12 (53 total, 0 crashes saved[0m, state: [0;31mfinished...[0m, mode=explore, perf_score=100, weight=1, favorite=0, was_fuzzed=1, exec_us=4530, hits=0, map=83, ascii=0, run_time=0:00:05:24, cvg=25.00%) FS (t=0:00:00:10 (3.35%), st=2065, avg=205 ms, found=2/53)...[0m
[1;94m[*] [0mFuzzing test case #1 (53 total, 0 crashes saved[0m, state: [0;31mfinished...[0m, mode=explore, perf_score=100, weight=1, favorite=1, was_fuzzed=1, exec_us=4130, hits=0, map=62, ascii=0, run_time=0:00:05:25, cvg=25.00%) FS (t=0:00:00:10 (3.34%), st=2065, avg=205 ms, found=2/53)...[0m
[1;94m[*] [0mFuzzing test case #3 (53 total, 0 crashes saved[0m, state: [0;31mfinished...[0m, mode=explore, perf_score=100, weight=1, favorite=1, was_fuzzed=1, exec_us=4402, hits=0, map=75, ascii=0, run_time=0:00:05:25, cvg=25.00%) FS (t=0:00:00:10 (3.34%), st=2065, avg=205 ms, found=2/53)...[0m
[1;94m[*] [0mFuzzing test case #35 (53 total, 0 crashes saved[0m, state: [0;31mfinished...[0m, mode=explore, perf_score=100, weight=1, favorite=0, was_fuzzed=1, exec_us=3900, hits=0, map=62, ascii=0, run_time=0:00:05:26, cvg=25.00%) FS (t=0:00:00:10 (3.33%), st=2065, avg=205 ms, found=2/53)...[0m
[1;94m[*] [0mFuzzing test case #39 (53 total, 0 crashes saved[0m, state: [0;31mfinished...[0m, mode=explore, perf_score=100, weight=1, favorite=0, was_fuzzed=1, exec_us=5207, hits=0, map=78, ascii=0, run_time=0:00:05:27, cvg=25.00%) FS (t=0:00:00:10 (3.32%), st=2065, avg=205 ms, found=2/53)...[0m
[1;94m[*] [0mFuzzing test case #11 (53 total, 0 crashes saved[0m, state: [0;31mfinished...[0m, mode=explore, perf_score=100, weight=1, favorite=0, was_fuzzed=1, exec_us=5057, hits=0, map=83, ascii=0, run_time=0:00:05:27, cvg=25.00%) FS (t=0:00:00:10 (3.31%), st=2065, avg=205 ms, found=2/53)...[0m
[1;94m[*] [0mFuzzing test case #36 (53 total, 0 crashes saved[0m, state: [0;31mfinished...[0m, mode=explore, perf_score=100, weight=1, favorite=1, was_fuzzed=1, exec_us=4435, hits=0, map=73, ascii=0, run_time=0:00:05:28, cvg=25.00%) FS (t=0:00:00:10 (3.31%), st=2065, avg=205 ms, found=2/53)...[0m
[1;94m[*] [0mFuzzing test case #1 (53 total, 0 crashes saved[0m, state: [0;31mfinished...[0m, mode=explore, perf_score=100, weight=1, favorite=1, was_fuzzed=1, exec_us=4130, hits=0, map=62, ascii=0, run_time=0:00:05:29, cvg=25.00%) FS (t=0:00:00:10 (3.30%), st=2065, avg=205 ms, found=2/53)...[0m
[1;94m[*] [0mFuzzing test case #31 (53 total, 0 crashes saved[0m, state: [0;31mfinished...[0m, mode=explore, perf_score=100, weight=1, favorite=0, was_fuzzed=1, exec_us=4830, hits=0, map=80, ascii=0, run_time=0:00:05:29, cvg=25.00%) FS (t=0:00:00:10 (3.30%), st=2065, avg=205 ms, found=2/53)...[0m
[1;94m[*] [0mFuzzing test case #26 (53 total, 0 crashes saved[0m, state: [0;31mfinished...[0m, mode=explore, perf_score=100, weight=1, favorite=0, was_fuzzed=1, exec_us=4480, hits=0, map=68, ascii=0, run_time=0:00:05:30, cvg=25.00%) FS (t=0:00:00:10 (3.29%), st=2065, avg=205 ms, found=2/53)...[0m
[1;94m[*] [0mFuzzing test case #3 (53 total, 0 crashes saved[0m, state: [0;31mfinished...[0m, mode=explore, perf_score=100, weight=1, favorite=1, was_fuzzed=1, exec_us=4402, hits=0, map=75, ascii=0, run_time=0:00:05:30, cvg=25.00%) FS (t=0:00:00:10 (3.29%), st=2065, avg=205 ms, found=2/53)...[0m
[1;94m[*] [0mFuzzing test case #3 (53 total, 0 crashes saved[0m, state: [0;31mfinished...[0m, mode=explore, perf_score=100, weight=1, favorite=1, was_fuzzed=1, exec_us=4402, hits=0, map=75, ascii=0, run_time=0:00:05:30, cvg=25.00%) FS (t=0:00:00:10 (3.29%), st=2065, avg=205 ms, found=2/53)...[0m
[1;94m[*] [0mFuzzing test case #0 (53 total, 0 crashes saved[0m, state: [0;31mfinished...[0m, mode=explore, perf_score=100, weight=1, favorite=0, was_fuzzed=1, exec_us=4673, hits=0, map=57, ascii=0, run_time=0:00:05:31, cvg=25.00%) FS (t=0:00:00:10 (3.28%), st=2065, avg=205 ms, found=2/53)...[0m
[1;94m[*] [0mFuzzing test case #44 (53 total, 0 crashes saved[0m, state: [0;31mfinished...[0m, mode=explore, perf_score=100, weight=1, favorite=0, was_fuzzed=1, exec_us=4147, hits=0, map=85, ascii=0, run_time=0:00:05:31, cvg=25.00%) FS (t=0:00:00:10 (3.28%), st=2065, avg=205 ms, found=2/53)...[0m
[1;94m[*] [0mFuzzing test case #36 (53 total, 0 crashes saved[0m, state: [0;31mfinished...[0m, mode=explore, perf_score=100, weight=1, favorite=1, was_fuzzed=1, exec_us=4435, hits=0, map=73, ascii=0, run_time=0:00:05:32, cvg=25.00%) FS (t=0:00:00:10 (3.27%), st=2065, avg=205 ms, found=2/53)...[0m
[1;94m[*] [0mFuzzing test case #15 (53 total, 0 crashes saved[0m, state: [0;31mfinished...[0m, mode=explore, perf_score=100, weight=1, favorite=1, was_fuzzed=1, exec_us=4441, hits=0, map=65, ascii=0, run_time=0:00:05:32, cvg=25.00%) FS (t=0:00:00:10 (3.27%), st=2065, avg=205 ms, found=2/53)...[0m
[1;94m[*] [0mFuzzing test case #41 (53 total, 0 crashes saved[0m, state: [0;31mfinished...[0m, mode=explore, perf_score=100, weight=1, favorite=0, was_fuzzed=1, exec_us=4811, hits=0, map=85, ascii=0, run_time=0:00:05:32, cvg=25.00%) FS (t=0:00:00:10 (3.26%), st=2065, avg=205 ms, found=2/53)...[0m
[1;94m[*] [0mFuzzing test case #40 (53 total, 0 crashes saved[0m, state: [0;31mfinished...[0m, mode=explore, perf_score=75, weight=1, favorite=0, was_fuzzed=1, exec_us=8627, hits=0, map=78, ascii=0, run_time=0:00:05:33, cvg=25.00%) FS (t=0:00:00:10 (3.26%), st=2065, avg=205 ms, found=2/53)...[0m
[1;94m[*] [0mFuzzing test case #1 (53 total, 0 crashes saved[0m, state: [0;31mfinished...[0m, mode=explore, perf_score=100, weight=1, favorite=1, was_fuzzed=1, exec_us=4130, hits=0, map=62, ascii=0, run_time=0:00:05:33, cvg=25.00%) FS (t=0:00:00:10 (3.26%), st=2065, avg=205 ms, found=2/53)...[0m
[1;94m[*] [0mFuzzing test case #32 (53 total, 0 crashes saved[0m, state: [0;31mfinished...[0m, mode=explore, perf_score=100, weight=1, favorite=0, was_fuzzed=1, exec_us=4702, hits=0, map=82, ascii=0, run_time=0:00:05:34, cvg=25.00%) FS (t=0:00:00:10 (3.25%), st=2065, avg=205 ms, found=2/53)...[0m
[1;94m[*] [0mFuzzing test case #36 (53 total, 0 crashes saved[0m, state: [0;31mfinished...[0m, mode=explore, perf_score=100, weight=1, favorite=1, was_fuzzed=1, exec_us=4435, hits=0, map=73, ascii=0, run_time=0:00:05:34, cvg=25.00%) FS (t=0:00:00:10 (3.25%), st=2065, avg=205 ms, found=2/53)...[0m
[1;94m[*] [0mFuzzing test case #36 (53 total, 0 crashes saved[0m, state: [0;31mfinished...[0m, mode=explore, perf_score=100, weight=1, favorite=1, was_fuzzed=1, exec_us=4435, hits=0, map=73, ascii=0, run_time=0:00:05:35, cvg=25.00%) FS (t=0:00:00:10 (3.24%), st=2065, avg=205 ms, found=2/53)...[0m
[1;94m[*] [0mFuzzing test case #40 (53 total, 0 crashes saved[0m, state: [0;31mfinished...[0m, mode=explore, perf_score=75, weight=1, favorite=0, was_fuzzed=1, exec_us=8627, hits=0, map=78, ascii=0, run_time=0:00:05:35, cvg=25.00%) FS (t=0:00:00:10 (3.24%), st=2065, avg=205 ms, found=2/53)...[0m
[1;94m[*] [0mFuzzing test case #36 (53 total, 0 crashes saved[0m, state: [0;31mfinished...[0m, mode=explore, perf_score=100, weight=1, favorite=1, was_fuzzed=1, exec_us=4435, hits=0, map=73, ascii=0, run_time=0:00:05:36, cvg=25.00%) FS (t=0:00:00:10 (3.23%), st=2065, avg=205 ms, found=2/53)...[0m
[1;94m[*] [0mFuzzing test case #4 (53 total, 0 crashes saved[0m, state: [0;31mfinished...[0m, mode=explore, perf_score=100, weight=1, favorite=1, was_fuzzed=1, exec_us=4440, hits=0, map=57, ascii=0, run_time=0:00:05:36, cvg=25.00%) FS (t=0:00:00:10 (3.23%), st=2065, avg=205 ms, found=2/53)...[0m
[1;94m[*] [0mFuzzing test case #36 (53 total, 0 crashes saved[0m, state: [0;31mfinished...[0m, mode=explore, perf_score=100, weight=1, favorite=1, was_fuzzed=1, exec_us=4435, hits=0, map=73, ascii=0, run_time=0:00:05:36, cvg=25.00%) FS (t=0:00:00:10 (3.23%), st=2065, avg=205 ms, found=2/53)...[0m
[1;94m[*] [0mFuzzing test case #15 (53 total, 0 crashes saved[0m, state: [0;31mfinished...[0m, mode=explore, perf_score=100, weight=1, favorite=1, was_fuzzed=1, exec_us=4441, hits=0, map=65, ascii=0, run_time=0:00:05:37, cvg=25.00%) FS (t=0:00:00:10 (3.22%), st=2065, avg=205 ms, found=2/53)...[0m
[1;94m[*] [0mFuzzing test case #3 (53 total, 0 crashes saved[0m, state: [0;31mfinished...[0m, mode=explore, perf_score=100, weight=1, favorite=1, was_fuzzed=1, exec_us=4402, hits=0, map=75, ascii=0, run_time=0:00:05:37, cvg=25.00%) FS (t=0:00:00:10 (3.22%), st=2065, avg=205 ms, found=2/53)...[0m
[1;94m[*] [0mFuzzing test case #36 (53 total, 0 crashes saved[0m, state: [0;31mfinished...[0m, mode=explore, perf_score=100, weight=1, favorite=1, was_fuzzed=1, exec_us=4435, hits=0, map=73, ascii=0, run_time=0:00:05:38, cvg=25.00%) FS (t=0:00:00:10 (3.21%), st=2065, avg=205 ms, found=2/53)...[0m
[1;94m[*] [0mFuzzing test case #1 (53 total, 0 crashes saved[0m, state: [0;31mfinished...[0m, mode=explore, perf_score=100, weight=1, favorite=1, was_fuzzed=1, exec_us=4130, hits=0, map=62, ascii=0, run_time=0:00:05:39, cvg=25.00%) FS (t=0:00:00:10 (3.20%), st=2065, avg=205 ms, found=2/53)...[0m
[1;94m[*] [0mFuzzing test case #48 (53 total, 0 crashes saved[0m, state: [0;31mfinished...[0m, mode=explore, perf_score=200, weight=1, favorite=0, was_fuzzed=1, exec_us=2859, hits=0, map=57, ascii=0, run_time=0:00:05:39, cvg=25.00%) FS (t=0:00:00:10 (3.20%), st=2065, avg=205 ms, found=2/53)...[0m
[1;94m[*] [0mFuzzing test case #2 (53 total, 0 crashes saved[0m, state: [0;31mfinished...[0m, mode=explore, perf_score=100, weight=1, favorite=0, was_fuzzed=1, exec_us=5035, hits=0, map=68, ascii=0, run_time=0:00:05:40, cvg=25.00%) FS (t=0:00:00:10 (3.19%), st=2065, avg=205 ms, found=2/53)...[0m
[1;94m[*] [0mEntering queue cycle 4
[0m
[1;94m[*] [0mFuzzing test case #36 (53 total, 0 crashes saved[0m, state: [0;31mfinished...[0m, mode=explore, perf_score=100, weight=1, favorite=1, was_fuzzed=1, exec_us=4435, hits=0, map=73, ascii=0, run_time=0:00:05:41, cvg=25.00%) FS (t=0:00:00:10 (3.18%), st=2065, avg=205 ms, found=2/53)...[0m
[1;94m[*] [0mFuzzing test case #1 (53 total, 0 crashes saved[0m, state: [0;31mfinished...[0m, mode=explore, perf_score=100, weight=1, favorite=1, was_fuzzed=1, exec_us=4130, hits=0, map=62, ascii=0, run_time=0:00:05:41, cvg=25.00%) FS (t=0:00:00:10 (3.18%), st=2065, avg=205 ms, found=2/53)...[0m
[1;94m[*] [0mFuzzing test case #3 (53 total, 0 crashes saved[0m, state: [0;31mfinished...[0m, mode=explore, perf_score=100, weight=1, favorite=1, was_fuzzed=1, exec_us=4402, hits=0, map=75, ascii=0, run_time=0:00:05:42, cvg=25.00%) FS (t=0:00:00:10 (3.17%), st=2065, avg=205 ms, found=2/53)...[0m
[1;94m[*] [0mFuzzing test case #39 (53 total, 0 crashes saved[0m, state: [0;31mfinished...[0m, mode=explore, perf_score=100, weight=1, favorite=0, was_fuzzed=1, exec_us=5207, hits=0, map=78, ascii=0, run_time=0:00:05:43, cvg=25.00%) FS (t=0:00:00:10 (3.17%), st=2065, avg=205 ms, found=2/53)...[0m
[1;94m[*] [0mFuzzing test case #1 (53 total, 0 crashes saved[0m, state: [0;31mfinished...[0m, mode=explore, perf_score=100, weight=1, favorite=1, was_fuzzed=1, exec_us=4130, hits=0, map=62, ascii=0, run_time=0:00:05:43, cvg=25.00%) FS (t=0:00:00:10 (3.16%), st=2065, avg=205 ms, found=2/53)...[0m
[1;94m[*] [0mFuzzing test case #36 (53 total, 0 crashes saved[0m, state: [0;31mfinished...[0m, mode=explore, perf_score=100, weight=1, favorite=1, was_fuzzed=1, exec_us=4435, hits=0, map=73, ascii=0, run_time=0:00:05:44, cvg=25.00%) FS (t=0:00:00:10 (3.16%), st=2065, avg=205 ms, found=2/53)...[0m
[1;94m[*] [0mFuzzing test case #39 (53 total, 0 crashes saved[0m, state: [0;31mfinished...[0m, mode=explore, perf_score=100, weight=1, favorite=0, was_fuzzed=1, exec_us=5207, hits=0, map=78, ascii=0, run_time=0:00:05:44, cvg=25.00%) FS (t=0:00:00:10 (3.15%), st=2065, avg=205 ms, found=2/53)...[0m
[1;94m[*] [0mFuzzing test case #36 (53 total, 0 crashes saved[0m, state: [0;31mfinished...[0m, mode=explore, perf_score=100, weight=1, favorite=1, was_fuzzed=1, exec_us=4435, hits=0, map=73, ascii=0, run_time=0:00:05:45, cvg=25.00%) FS (t=0:00:00:10 (3.15%), st=2065, avg=205 ms, found=2/53)...[0m
[1;94m[*] [0mFuzzing test case #47 (53 total, 0 crashes saved[0m, state: [0;31mfinished...[0m, mode=explore, perf_score=100, weight=1, favorite=0, was_fuzzed=1, exec_us=4601, hits=0, map=83, ascii=0, run_time=0:00:05:45, cvg=25.00%) FS (t=0:00:00:10 (3.14%), st=2065, avg=205 ms, found=2/53)...[0m
[1;94m[*] [0mFuzzing test case #3 (53 total, 0 crashes saved[0m, state: [0;31mfinished...[0m, mode=explore, perf_score=100, weight=1, favorite=1, was_fuzzed=1, exec_us=4402, hits=0, map=75, ascii=0, run_time=0:00:05:46, cvg=25.00%) FS (t=0:00:00:10 (3.14%), st=2065, avg=205 ms, found=2/53)...[0m
[1;94m[*] [0mFuzzing test case #0 (53 total, 0 crashes saved[0m, state: [0;31mfinished...[0m, mode=explore, perf_score=100, weight=1, favorite=0, was_fuzzed=1, exec_us=4673, hits=0, map=57, ascii=0, run_time=0:00:05:46, cvg=25.00%) FS (t=0:00:00:10 (3.13%), st=2065, avg=205 ms, found=2/53)...[0m
[1;94m[*] [0mFuzzing test case #31 (53 total, 0 crashes saved[0m, state: [0;31mfinished...[0m, mode=explore, perf_score=100, weight=1, favorite=0, was_fuzzed=1, exec_us=4830, hits=0, map=80, ascii=0, run_time=0:00:05:47, cvg=25.00%) FS (t=0:00:00:10 (3.13%), st=2065, avg=205 ms, found=2/53)...[0m
[1;94m[*] [0mFuzzing test case #3 (53 total, 0 crashes saved[0m, state: [0;31mfinished...[0m, mode=explore, perf_score=100, weight=1, favorite=1, was_fuzzed=1, exec_us=4402, hits=0, map=75, ascii=0, run_time=0:00:05:47, cvg=25.00%) FS (t=0:00:00:10 (3.12%), st=2065, avg=205 ms, found=2/53)...[0m
[1;94m[*] [0mFuzzing test case #4 (53 total, 0 crashes saved[0m, state: [0;31mfinished...[0m, mode=explore, perf_score=100, weight=1, favorite=1, was_fuzzed=1, exec_us=4440, hits=0, map=57, ascii=0, run_time=0:00:05:48, cvg=25.00%) FS (t=0:00:00:10 (3.12%), st=2065, avg=205 ms, found=2/53)...[0m
[1;94m[*] [0mFuzzing test case #36 (53 total, 0 crashes saved[0m, state: [0;31mfinished...[0m, mode=explore, perf_score=100, weight=1, favorite=1, was_fuzzed=1, exec_us=4435, hits=0, map=73, ascii=0, run_time=0:00:05:49, cvg=25.00%) FS (t=0:00:00:10 (3.11%), st=2065, avg=205 ms, found=2/53)...[0m
[1;94m[*] [0mFuzzing test case #4 (53 total, 0 crashes saved[0m, state: [0;31mfinished...[0m, mode=explore, perf_score=100, weight=1, favorite=1, was_fuzzed=1, exec_us=4440, hits=0, map=57, ascii=0, run_time=0:00:05:50, cvg=25.00%) FS (t=0:00:00:10 (3.10%), st=2065, avg=205 ms, found=2/53)...[0m
[1;94m[*] [0mFuzzing test case #36 (53 total, 0 crashes saved[0m, state: [0;31mfinished...[0m, mode=explore, perf_score=100, weight=1, favorite=1, was_fuzzed=1, exec_us=4435, hits=0, map=73, ascii=0, run_time=0:00:05:50, cvg=25.00%) FS (t=0:00:00:10 (3.10%), st=2065, avg=205 ms, found=2/53)...[0m
[1;94m[*] [0mFuzzing test case #14 (53 total, 0 crashes saved[0m, state: [0;31mfinished...[0m, mode=explore, perf_score=100, weight=1, favorite=0, was_fuzzed=1, exec_us=4172, hits=0, map=62, ascii=0, run_time=0:00:05:51, cvg=25.00%) FS (t=0:00:00:10 (3.09%), st=2065, avg=205 ms, found=2/53)...[0m
[1;94m[*] [0mFuzzing test case #4 (53 total, 0 crashes saved[0m, state: [0;31mfinished...[0m, mode=explore, perf_score=100, weight=1, favorite=1, was_fuzzed=1, exec_us=4440, hits=0, map=57, ascii=0, run_time=0:00:05:52, cvg=25.00%) FS (t=0:00:00:10 (3.09%), st=2065, avg=205 ms, found=2/53)...[0m
[1;94m[*] [0mFuzzing test case #4 (53 total, 0 crashes saved[0m, state: [0;31mfinished...[0m, mode=explore, perf_score=100, weight=1, favorite=1, was_fuzzed=1, exec_us=4440, hits=0, map=57, ascii=0, run_time=0:00:05:52, cvg=25.00%) FS (t=0:00:00:10 (3.08%), st=2065, avg=205 ms, found=2/53)...[0m
[1;94m[*] [0mFuzzing test case #4 (53 total, 0 crashes saved[0m, state: [0;31mfinished...[0m, mode=explore, perf_score=100, weight=1, favorite=1, was_fuzzed=1, exec_us=4440, hits=0, map=57, ascii=0, run_time=0:00:05:52, cvg=25.00%) FS (t=0:00:00:10 (3.08%), st=2065, avg=205 ms, found=2/53)...[0m
[1;94m[*] [0mFuzzing test case #7 (53 total, 0 crashes saved[0m, state: [0;31mfinished...[0m, mode=explore, perf_score=50, weight=1, favorite=0, was_fuzzed=1, exec_us=17222, hits=0, map=62, ascii=0, run_time=0:00:05:53, cvg=25.00%) FS (t=0:00:00:10 (3.08%), st=2065, avg=205 ms, found=2/53)...[0m
[1;94m[*] [0mFuzzing test case #36 (53 total, 0 crashes saved[0m, state: [0;31mfinished...[0m, mode=explore, perf_score=100, weight=1, favorite=1, was_fuzzed=1, exec_us=4435, hits=0, map=73, ascii=0, run_time=0:00:05:53, cvg=25.00%) FS (t=0:00:00:10 (3.07%), st=2065, avg=205 ms, found=2/53)...[0m
[1;94m[*] [0mFuzzing test case #45 (53 total, 0 crashes saved[0m, state: [0;31mfinished...[0m, mode=explore, perf_score=100, weight=1, favorite=0, was_fuzzed=1, exec_us=4064, hits=0, map=82, ascii=0, run_time=0:00:05:54, cvg=25.00%) FS (t=0:00:00:10 (3.07%), st=2065, avg=205 ms, found=2/53)...[0m
[1;94m[*] [0mFuzzing test case #15 (53 total, 0 crashes saved[0m, state: [0;31mfinished...[0m, mode=explore, perf_score=100, weight=1, favorite=1, was_fuzzed=1, exec_us=4441, hits=0, map=65, ascii=0, run_time=0:00:05:55, cvg=25.00%) FS (t=0:00:00:10 (3.06%), st=2065, avg=205 ms, found=2/53)...[0m
[1;94m[*] [0mFuzzing test case #15 (53 total, 0 crashes saved[0m, state: [0;31mfinished...[0m, mode=explore, perf_score=100, weight=1, favorite=1, was_fuzzed=1, exec_us=4441, hits=0, map=65, ascii=0, run_time=0:00:05:55, cvg=25.00%) FS (t=0:00:00:10 (3.06%), st=2065, avg=205 ms, found=2/53)...[0m
[1;94m[*] [0mFuzzing test case #1 (53 total, 0 crashes saved[0m, state: [0;31mfinished...[0m, mode=explore, perf_score=100, weight=1, favorite=1, was_fuzzed=1, exec_us=4130, hits=0, map=62, ascii=0, run_time=0:00:05:55, cvg=25.00%) FS (t=0:00:00:10 (3.05%), st=2065, avg=205 ms, found=2/53)...[0m
[1;94m[*] [0mFuzzing test case #15 (53 total, 0 crashes saved[0m, state: [0;31mfinished...[0m, mode=explore, perf_score=100, weight=1, favorite=1, was_fuzzed=1, exec_us=4441, hits=0, map=65, ascii=0, run_time=0:00:05:56, cvg=25.00%) FS (t=0:00:00:10 (3.05%), st=2065, avg=205 ms, found=2/53)...[0m
[1;94m[*] [0mFuzzing test case #36 (53 total, 0 crashes saved[0m, state: [0;31mfinished...[0m, mode=explore, perf_score=100, weight=1, favorite=1, was_fuzzed=1, exec_us=4435, hits=0, map=73, ascii=0, run_time=0:00:05:56, cvg=25.00%) FS (t=0:00:00:10 (3.05%), st=2065, avg=205 ms, found=2/53)...[0m
[1;94m[*] [0mFuzzing test case #36 (53 total, 0 crashes saved[0m, state: [0;31mfinished...[0m, mode=explore, perf_score=100, weight=1, favorite=1, was_fuzzed=1, exec_us=4435, hits=0, map=73, ascii=0, run_time=0:00:05:57, cvg=25.00%) FS (t=0:00:00:10 (3.04%), st=2065, avg=205 ms, found=2/53)...[0m
[1;94m[*] [0mFuzzing test case #15 (53 total, 0 crashes saved[0m, state: [0;31mfinished...[0m, mode=explore, perf_score=100, weight=1, favorite=1, was_fuzzed=1, exec_us=4441, hits=0, map=65, ascii=0, run_time=0:00:05:58, cvg=25.00%) FS (t=0:00:00:10 (3.03%), st=2065, avg=205 ms, found=2/53)...[0m
[1;94m[*] [0mFuzzing test case #36 (53 total, 0 crashes saved[0m, state: [0;31mfinished...[0m, mode=explore, perf_score=100, weight=1, favorite=1, was_fuzzed=1, exec_us=4435, hits=0, map=73, ascii=0, run_time=0:00:05:59, cvg=25.00%) FS (t=0:00:00:10 (3.03%), st=2065, avg=205 ms, found=2/53)...[0m
[1;94m[*] [0mFuzzing test case #15 (53 total, 0 crashes saved[0m, state: [0;31mfinished...[0m, mode=explore, perf_score=100, weight=1, favorite=1, was_fuzzed=1, exec_us=4441, hits=0, map=65, ascii=0, run_time=0:00:05:59, cvg=25.00%) FS (t=0:00:00:10 (3.02%), st=2065, avg=205 ms, found=2/53)...[0m
[1;94m[*] [0mFuzzing test case #1 (53 total, 0 crashes saved[0m, state: [0;31mfinished...[0m, mode=explore, perf_score=100, weight=1, favorite=1, was_fuzzed=1, exec_us=4130, hits=0, map=62, ascii=0, run_time=0:00:06:00, cvg=25.00%) FS (t=0:00:00:10 (3.02%), st=2065, avg=205 ms, found=2/53)...[0m
[1;94m[*] [0mFuzzing test case #15 (53 total, 0 crashes saved[0m, state: [0;31mfinished...[0m, mode=explore, perf_score=100, weight=1, favorite=1, was_fuzzed=1, exec_us=4441, hits=0, map=65, ascii=0, run_time=0:00:06:00, cvg=25.00%) FS (t=0:00:00:10 (3.01%), st=2065, avg=205 ms, found=2/53)...[0m
[1;94m[*] [0mFuzzing test case #28 (53 total, 0 crashes saved[0m, state: [0;31mfinished...[0m, mode=explore, perf_score=100, weight=1, favorite=0, was_fuzzed=1, exec_us=4995, hits=0, map=85, ascii=0, run_time=0:00:06:01, cvg=25.00%) FS (t=0:00:00:10 (3.01%), st=2065, avg=205 ms, found=2/53)...[0m
[1;94m[*] [0mFuzzing test case #15 (53 total, 0 crashes saved[0m, state: [0;31mfinished...[0m, mode=explore, perf_score=100, weight=1, favorite=1, was_fuzzed=1, exec_us=4441, hits=0, map=65, ascii=0, run_time=0:00:06:01, cvg=25.00%) FS (t=0:00:00:10 (3.00%), st=2065, avg=205 ms, found=2/53)...[0m
[1;94m[*] [0mFuzzing test case #4 (53 total, 0 crashes saved[0m, state: [0;31mfinished...[0m, mode=explore, perf_score=100, weight=1, favorite=1, was_fuzzed=1, exec_us=4440, hits=0, map=57, ascii=0, run_time=0:00:06:02, cvg=25.00%) FS (t=0:00:00:10 (3.00%), st=2065, avg=205 ms, found=2/53)...[0m
[1;94m[*] [0mFuzzing test case #47 (53 total, 0 crashes saved[0m, state: [0;31mfinished...[0m, mode=explore, perf_score=100, weight=1, favorite=0, was_fuzzed=1, exec_us=4601, hits=0, map=83, ascii=0, run_time=0:00:06:03, cvg=25.00%) FS (t=0:00:00:10 (2.99%), st=2065, avg=205 ms, found=2/53)...[0m
[1;94m[*] [0mFuzzing test case #3 (53 total, 0 crashes saved[0m, state: [0;31mfinished...[0m, mode=explore, perf_score=100, weight=1, favorite=1, was_fuzzed=1, exec_us=4402, hits=0, map=75, ascii=0, run_time=0:00:06:03, cvg=25.00%) FS (t=0:00:00:10 (2.99%), st=2065, avg=205 ms, found=2/53)...[0m
[1;94m[*] [0mFuzzing test case #24 (53 total, 0 crashes saved[0m, state: [0;31mfinished...[0m, mode=explore, perf_score=100, weight=1, favorite=0, was_fuzzed=1, exec_us=5061, hits=0, map=73, ascii=0, run_time=0:00:06:04, cvg=25.00%) FS (t=0:00:00:10 (2.98%), st=2065, avg=205 ms, found=2/53)...[0m
[1;94m[*] [0mFuzzing test case #29 (53 total, 0 crashes saved[0m, state: [0;31mfinished...[0m, mode=explore, perf_score=75, weight=1, favorite=0, was_fuzzed=1, exec_us=7845, hits=0, map=78, ascii=0, run_time=0:00:06:05, cvg=25.00%) FS (t=0:00:00:10 (2.98%), st=2065, avg=205 ms, found=2/53)...[0m
[1;94m[*] [0mFuzzing test case #15 (53 total, 0 crashes saved[0m, state: [0;31mfinished...[0m, mode=explore, perf_score=100, weight=1, favorite=1, was_fuzzed=1, exec_us=4441, hits=0, map=65, ascii=0, run_time=0:00:06:05, cvg=25.00%) FS (t=0:00:00:10 (2.97%), st=2065, avg=205 ms, found=2/53)...[0m
[1;94m[*] [0mFuzzing test case #36 (53 total, 0 crashes saved[0m, state: [0;31mfinished...[0m, mode=explore, perf_score=100, weight=1, favorite=1, was_fuzzed=1, exec_us=4435, hits=0, map=73, ascii=0, run_time=0:00:06:05, cvg=25.00%) FS (t=0:00:00:10 (2.97%), st=2065, avg=205 ms, found=2/53)...[0m
[1;94m[*] [0mFuzzing test case #36 (53 total, 0 crashes saved[0m, state: [0;31mfinished...[0m, mode=explore, perf_score=100, weight=1, favorite=1, was_fuzzed=1, exec_us=4435, hits=0, map=73, ascii=0, run_time=0:00:06:06, cvg=25.00%) FS (t=0:00:00:10 (2.96%), st=2065, avg=205 ms, found=2/53)...[0m
[1;94m[*] [0mFuzzing test case #19 (53 total, 0 crashes saved[0m, state: [0;31mfinished...[0m, mode=explore, perf_score=100, weight=1, favorite=0, was_fuzzed=1, exec_us=4467, hits=0, map=83, ascii=0, run_time=0:00:06:07, cvg=25.00%) FS (t=0:00:00:10 (2.96%), st=2065, avg=205 ms, found=2/53)...[0m
[1;94m[*] [0mFuzzing test case #36 (53 total, 0 crashes saved[0m, state: [0;31mfinished...[0m, mode=explore, perf_score=100, weight=1, favorite=1, was_fuzzed=1, exec_us=4435, hits=0, map=73, ascii=0, run_time=0:00:06:07, cvg=25.00%) FS (t=0:00:00:10 (2.96%), st=2065, avg=205 ms, found=2/53)...[0m
[1;94m[*] [0mFuzzing test case #1 (53 total, 0 crashes saved[0m, state: [0;31mfinished...[0m, mode=explore, perf_score=100, weight=1, favorite=1, was_fuzzed=1, exec_us=4130, hits=0, map=62, ascii=0, run_time=0:00:06:08, cvg=25.00%) FS (t=0:00:00:10 (2.95%), st=2065, avg=205 ms, found=2/53)...[0m
[1;94m[*] [0mFuzzing test case #3 (53 total, 0 crashes saved[0m, state: [0;31mfinished...[0m, mode=explore, perf_score=100, weight=1, favorite=1, was_fuzzed=1, exec_us=4402, hits=0, map=75, ascii=0, run_time=0:00:06:09, cvg=25.00%) FS (t=0:00:00:10 (2.94%), st=2065, avg=205 ms, found=2/53)...[0m
[1;94m[*] [0mFuzzing test case #1 (53 total, 0 crashes saved[0m, state: [0;31mfinished...[0m, mode=explore, perf_score=100, weight=1, favorite=1, was_fuzzed=1, exec_us=4130, hits=0, map=62, ascii=0, run_time=0:00:06:09, cvg=25.00%) FS (t=0:00:00:10 (2.94%), st=2065, avg=205 ms, found=2/53)...[0m
[1;94m[*] [0mFuzzing test case #1 (53 total, 0 crashes saved[0m, state: [0;31mfinished...[0m, mode=explore, perf_score=100, weight=1, favorite=1, was_fuzzed=1, exec_us=4130, hits=0, map=62, ascii=0, run_time=0:00:06:10, cvg=25.00%) FS (t=0:00:00:10 (2.93%), st=2065, avg=205 ms, found=2/53)...[0m
[1;94m[*] [0mFuzzing test case #47 (53 total, 0 crashes saved[0m, state: [0;31mfinished...[0m, mode=explore, perf_score=100, weight=1, favorite=0, was_fuzzed=1, exec_us=4601, hits=0, map=83, ascii=0, run_time=0:00:06:10, cvg=25.00%) FS (t=0:00:00:10 (2.93%), st=2065, avg=205 ms, found=2/53)...[0m
[1;94m[*] [0mFuzzing test case #33 (54 total, 0 crashes saved[0m, state: [0;31mfinished...[0m, mode=explore, perf_score=25, weight=1, favorite=0, was_fuzzed=1, exec_us=22617, hits=0, map=78, ascii=0, run_time=0:00:06:11, cvg=25.00%) FS (t=0:00:00:10 (2.92%), st=2065, avg=205 ms, found=2/53)...[0m
[1;94m[*] [0mFuzzing test case #50 (54 total, 0 crashes saved[0m, state: [0;31mfinished...[0m, mode=explore, perf_score=200, weight=1, favorite=0, was_fuzzed=1, exec_us=4000, hits=0, map=82, ascii=0, run_time=0:00:06:11, cvg=25.00%) FS (t=0:00:00:10 (2.92%), st=2065, avg=205 ms, found=2/53)...[0m
[1;94m[*] [0mFuzzing test case #43 (54 total, 0 crashes saved[0m, state: [0;31mfinished...[0m, mode=explore, perf_score=100, weight=1, favorite=0, was_fuzzed=1, exec_us=3665, hits=0, map=83, ascii=0, run_time=0:00:06:13, cvg=25.00%) FS (t=0:00:00:10 (2.91%), st=2065, avg=205 ms, found=2/53)...[0m
[1;94m[*] [0mFuzzing test case #4 (54 total, 0 crashes saved[0m, state: [0;31mfinished...[0m, mode=explore, perf_score=100, weight=1, favorite=1, was_fuzzed=1, exec_us=4440, hits=0, map=57, ascii=0, run_time=0:00:06:13, cvg=25.00%) FS (t=0:00:00:10 (2.91%), st=2065, avg=205 ms, found=2/53)...[0m
[1;94m[*] [0mEntering queue cycle 5
[0m
[1;94m[*] [0mFuzzing test case #52 (54 total, 0 crashes saved[0m, state: [0;31mfinished...[0m, mode=explore, perf_score=100, weight=1, favorite=0, was_fuzzed=1, exec_us=3001, hits=0, map=85, ascii=0, run_time=0:00:06:14, cvg=25.00%) FS (t=0:00:00:10 (2.90%), st=2065, avg=205 ms, found=2/53)...[0m
[1;94m[*] [0mFuzzing test case #4 (54 total, 0 crashes saved[0m, state: [0;31mfinished...[0m, mode=explore, perf_score=100, weight=1, favorite=1, was_fuzzed=1, exec_us=4440, hits=0, map=57, ascii=0, run_time=0:00:06:15, cvg=25.00%) FS (t=0:00:00:10 (2.89%), st=2065, avg=205 ms, found=2/53)...[0m
[1;94m[*] [0mFuzzing test case #1 (54 total, 0 crashes saved[0m, state: [0;31mfinished...[0m, mode=explore, perf_score=100, weight=1, favorite=1, was_fuzzed=1, exec_us=4130, hits=0, map=62, ascii=0, run_time=0:00:06:15, cvg=25.00%) FS (t=0:00:00:10 (2.89%), st=2065, avg=205 ms, found=2/53)...[0m
[1;94m[*] [0mFuzzing test case #43 (54 total, 0 crashes saved[0m, state: [0;31mfinished...[0m, mode=explore, perf_score=100, weight=1, favorite=0, was_fuzzed=1, exec_us=3665, hits=0, map=83, ascii=0, run_time=0:00:06:16, cvg=25.00%) FS (t=0:00:00:10 (2.89%), st=2065, avg=205 ms, found=2/53)...[0m
[1;94m[*] [0mFuzzing test case #1 (54 total, 0 crashes saved[0m, state: [0;31mfinished...[0m, mode=explore, perf_score=100, weight=1, favorite=1, was_fuzzed=1, exec_us=4130, hits=0, map=62, ascii=0, run_time=0:00:06:16, cvg=25.00%) FS (t=0:00:00:10 (2.88%), st=2065, avg=205 ms, found=2/53)...[0m
[1;94m[*] [0mFuzzing test case #1 (54 total, 0 crashes saved[0m, state: [0;31mfinished...[0m, mode=explore, perf_score=100, weight=1, favorite=1, was_fuzzed=1, exec_us=4130, hits=0, map=62, ascii=0, run_time=0:00:06:17, cvg=25.00%) FS (t=0:00:00:10 (2.88%), st=2065, avg=205 ms, found=2/53)...[0m
[1;94m[*] [0mFuzzing test case #14 (54 total, 0 crashes saved[0m, state: [0;31mfinished...[0m, mode=explore, perf_score=100, weight=1, favorite=0, was_fuzzed=1, exec_us=4172, hits=0, map=62, ascii=0, run_time=0:00:06:18, cvg=25.00%) FS (t=0:00:00:10 (2.87%), st=2065, avg=205 ms, found=2/53)...[0m
[1;94m[*] [0mFuzzing test case #3 (54 total, 0 crashes saved[0m, state: [0;31mfinished...[0m, mode=explore, perf_score=100, weight=1, favorite=1, was_fuzzed=1, exec_us=4402, hits=0, map=75, ascii=0, run_time=0:00:06:18, cvg=25.00%) FS (t=0:00:00:10 (2.87%), st=2065, avg=205 ms, found=2/53)...[0m
[1;94m[*] [0mFuzzing test case #1 (54 total, 0 crashes saved[0m, state: [0;31mfinished...[0m, mode=explore, perf_score=100, weight=1, favorite=1, was_fuzzed=1, exec_us=4130, hits=0, map=62, ascii=0, run_time=0:00:06:19, cvg=25.00%) FS (t=0:00:00:10 (2.87%), st=2065, avg=205 ms, found=2/53)...[0m
[1;94m[*] [0mFuzzing test case #25 (54 total, 0 crashes saved[0m, state: [0;31mfinished...[0m, mode=explore, perf_score=100, weight=1, favorite=0, was_fuzzed=1, exec_us=4402, hits=0, map=85, ascii=0, run_time=0:00:06:19, cvg=25.00%) FS (t=0:00:00:10 (2.86%), st=2065, avg=205 ms, found=2/53)...[0m
[1;94m[*] [0mFuzzing test case #51 (54 total, 0 crashes saved[0m, state: [0;31mfinished...[0m, mode=explore, perf_score=100, weight=1, favorite=0, was_fuzzed=1, exec_us=3746, hits=0, map=78, ascii=0, run_time=0:00:06:20, cvg=25.00%) FS (t=0:00:00:10 (2.86%), st=2065, avg=205 ms, found=2/53)...[0m
[1;94m[*] [0mFuzzing test case #53 (54 total, 0 crashes saved[0m, state: [0;31mfinished...[0m, mode=explore, perf_score=400, weight=3, favorite=0, was_fuzzed=0, exec_us=3447, hits=0, map=85, ascii=0, run_time=0:00:06:21, cvg=25.00%) FS (t=0:00:00:10 (2.85%), st=2065, avg=205 ms, found=2/53)...[0m
[1;94m[*] [0mFuzzing test case #38 (55 total, 0 crashes saved[0m, state: [0;31mfinished...[0m, mode=explore, perf_score=100, weight=1, favorite=0, was_fuzzed=1, exec_us=4729, hits=0, map=68, ascii=0, run_time=0:00:06:26, cvg=25.00%) FS (t=0:00:00:11 (3.01%), st=2208, avg=215 ms, found=2/54)...[0m
[1;94m[*] [0mFuzzing test case #0 (55 total, 0 crashes saved[0m, state: [0;31mfinished...[0m, mode=explore, perf_score=100, weight=1, favorite=0, was_fuzzed=1, exec_us=4673, hits=0, map=57, ascii=0, run_time=0:00:06:27, cvg=25.00%) FS (t=0:00:00:11 (3.01%), st=2208, avg=215 ms, found=2/54)...[0m
[1;94m[*] [0mFuzzing test case #26 (55 total, 0 crashes saved[0m, state: [0;31mfinished...[0m, mode=explore, perf_score=100, weight=1, favorite=0, was_fuzzed=1, exec_us=4480, hits=0, map=68, ascii=0, run_time=0:00:06:27, cvg=25.00%) FS (t=0:00:00:11 (3.00%), st=2208, avg=215 ms, found=2/54)...[0m
[1;94m[*] [0mFuzzing test case #3 (55 total, 0 crashes saved[0m, state: [0;31mfinished...[0m, mode=explore, perf_score=100, weight=1, favorite=1, was_fuzzed=1, exec_us=4402, hits=0, map=75, ascii=0, run_time=0:00:06:28, cvg=25.00%) FS (t=0:00:00:11 (3.00%), st=2208, avg=215 ms, found=2/54)...[0m
[1;94m[*] [0mFuzzing test case #19 (55 total, 0 crashes saved[0m, state: [0;31mfinished...[0m, mode=explore, perf_score=100, weight=1, favorite=0, was_fuzzed=1, exec_us=4467, hits=0, map=83, ascii=0, run_time=0:00:06:28, cvg=25.00%) FS (t=0:00:00:11 (2.99%), st=2208, avg=215 ms, found=2/54)...[0m
[1;94m[*] [0mFuzzing test case #15 (55 total, 0 crashes saved[0m, state: [0;31mfinished...[0m, mode=explore, perf_score=100, weight=1, favorite=1, was_fuzzed=1, exec_us=4441, hits=0, map=65, ascii=0, run_time=0:00:06:29, cvg=25.00%) FS (t=0:00:00:11 (2.99%), st=2208, avg=215 ms, found=2/54)...[0m
[1;94m[*] [0mFuzzing test case #38 (55 total, 0 crashes saved[0m, state: [0;31mfinished...[0m, mode=explore, perf_score=100, weight=1, favorite=0, was_fuzzed=1, exec_us=4729, hits=0, map=68, ascii=0, run_time=0:00:06:29, cvg=25.00%) FS (t=0:00:00:11 (2.99%), st=2208, avg=215 ms, found=2/54)...[0m
[1;94m[*] [0mFuzzing test case #1 (55 total, 0 crashes saved[0m, state: [0;31mfinished...[0m, mode=explore, perf_score=100, weight=1, favorite=1, was_fuzzed=1, exec_us=4130, hits=0, map=62, ascii=0, run_time=0:00:06:30, cvg=25.00%) FS (t=0:00:00:11 (2.98%), st=2208, avg=215 ms, found=2/54)...[0m
[1;94m[*] [0mFuzzing test case #15 (55 total, 0 crashes saved[0m, state: [0;31mfinished...[0m, mode=explore, perf_score=100, weight=1, favorite=1, was_fuzzed=1, exec_us=4441, hits=0, map=65, ascii=0, run_time=0:00:06:31, cvg=25.00%) FS (t=0:00:00:11 (2.98%), st=2208, avg=215 ms, found=2/54)...[0m
[1;94m[*] [0mFuzzing test case #36 (55 total, 0 crashes saved[0m, state: [0;31mfinished...[0m, mode=explore, perf_score=100, weight=1, favorite=1, was_fuzzed=1, exec_us=4435, hits=0, map=73, ascii=0, run_time=0:00:06:31, cvg=25.00%) FS (t=0:00:00:11 (2.97%), st=2208, avg=215 ms, found=2/54)...[0m
[1;94m[*] [0mFuzzing test case #3 (55 total, 0 crashes saved[0m, state: [0;31mfinished...[0m, mode=explore, perf_score=100, weight=1, favorite=1, was_fuzzed=1, exec_us=4402, hits=0, map=75, ascii=0, run_time=0:00:06:32, cvg=25.00%) FS (t=0:00:00:11 (2.97%), st=2208, avg=215 ms, found=2/54)...[0m
[1;94m[*] [0mFuzzing test case #7 (55 total, 0 crashes saved[0m, state: [0;31mfinished...[0m, mode=explore, perf_score=50, weight=1, favorite=0, was_fuzzed=1, exec_us=17222, hits=0, map=62, ascii=0, run_time=0:00:06:32, cvg=25.00%) FS (t=0:00:00:11 (2.97%), st=2208, avg=215 ms, found=2/54)...[0m
[1;94m[*] [0mFuzzing test case #20 (55 total, 0 crashes saved[0m, state: [0;31mfinished...[0m, mode=explore, perf_score=100, weight=1, favorite=0, was_fuzzed=1, exec_us=4596, hits=0, map=83, ascii=0, run_time=0:00:06:32, cvg=25.00%) FS (t=0:00:00:11 (2.97%), st=2208, avg=215 ms, found=2/54)...[0m
[1;94m[*] [0mFuzzing test case #45 (55 total, 0 crashes saved[0m, state: [0;31mfinished...[0m, mode=explore, perf_score=100, weight=1, favorite=0, was_fuzzed=1, exec_us=4064, hits=0, map=82, ascii=0, run_time=0:00:06:33, cvg=25.00%) FS (t=0:00:00:11 (2.96%), st=2208, avg=215 ms, found=2/54)...[0m
[1;94m[*] [0mFuzzing test case #3 (55 total, 0 crashes saved[0m, state: [0;31mfinished...[0m, mode=explore, perf_score=100, weight=1, favorite=1, was_fuzzed=1, exec_us=4402, hits=0, map=75, ascii=0, run_time=0:00:06:34, cvg=25.00%) FS (t=0:00:00:11 (2.95%), st=2208, avg=215 ms, found=2/54)...[0m
[1;94m[*] [0mFuzzing test case #1 (55 total, 0 crashes saved[0m, state: [0;31mfinished...[0m, mode=explore, perf_score=100, weight=1, favorite=1, was_fuzzed=1, exec_us=4130, hits=0, map=62, ascii=0, run_time=0:00:06:34, cvg=25.00%) FS (t=0:00:00:11 (2.95%), st=2208, avg=215 ms, found=2/54)...[0m
[1;94m[*] [0mFuzzing test case #34 (55 total, 0 crashes saved[0m, state: [0;31mfinished...[0m, mode=explore, perf_score=50, weight=1, favorite=0, was_fuzzed=1, exec_us=19489, hits=0, map=73, ascii=0, run_time=0:00:06:35, cvg=25.00%) FS (t=0:00:00:11 (2.94%), st=2208, avg=215 ms, found=2/54)...[0m
[1;94m[*] [0mFuzzing test case #1 (55 total, 0 crashes saved[0m, state: [0;31mfinished...[0m, mode=explore, perf_score=100, weight=1, favorite=1, was_fuzzed=1, exec_us=4130, hits=0, map=62, ascii=0, run_time=0:00:06:35, cvg=25.00%) FS (t=0:00:00:11 (2.94%), st=2208, avg=215 ms, found=2/54)...[0m
[1;94m[*] [0mFuzzing test case #36 (55 total, 0 crashes saved[0m, state: [0;31mfinished...[0m, mode=explore, perf_score=100, weight=1, favorite=1, was_fuzzed=1, exec_us=4435, hits=0, map=73, ascii=0, run_time=0:00:06:36, cvg=25.00%) FS (t=0:00:00:11 (2.94%), st=2208, avg=215 ms, found=2/54)...[0m
[1;94m[*] [0mFuzzing test case #54 (55 total, 0 crashes saved[0m, state: [0;31mfinished...[0m, mode=explore, perf_score=800, weight=4, favorite=0, was_fuzzed=0, exec_us=4225, hits=0, map=83, ascii=0, run_time=0:00:06:36, cvg=25.00%) FS (t=0:00:00:11 (2.94%), st=2208, avg=215 ms, found=2/54)...[0m
[1;94m[*] [0mFuzzing test case #36 (55 total, 0 crashes saved[0m, state: [0;31mfinished...[0m, mode=explore, perf_score=100, weight=1, favorite=1, was_fuzzed=1, exec_us=4435, hits=0, map=73, ascii=0, run_time=0:00:06:41, cvg=25.00%) FS (t=0:00:00:12 (3.07%), st=2392, avg=224 ms, found=2/55)...[0m
[1;94m[*] [0mFuzzing test case #1 (55 total, 0 crashes saved[0m, state: [0;31mfinished...[0m, mode=explore, perf_score=100, weight=1, favorite=1, was_fuzzed=1, exec_us=4130, hits=0, map=62, ascii=0, run_time=0:00:06:42, cvg=25.00%) FS (t=0:00:00:12 (3.07%), st=2392, avg=224 ms, found=2/55)...[0m
[1;94m[*] [0mFuzzing test case #3 (55 total, 0 crashes saved[0m, state: [0;31mfinished...[0m, mode=explore, perf_score=100, weight=1, favorite=1, was_fuzzed=1, exec_us=4402, hits=0, map=75, ascii=0, run_time=0:00:06:42, cvg=25.00%) FS (t=0:00:00:12 (3.06%), st=2392, avg=224 ms, found=2/55)...[0m
[1;94m[*] [0mFuzzing test case #26 (55 total, 0 crashes saved[0m, state: [0;31mfinished...[0m, mode=explore, perf_score=100, weight=1, favorite=0, was_fuzzed=1, exec_us=4480, hits=0, map=68, ascii=0, run_time=0:00:06:43, cvg=25.00%) FS (t=0:00:00:12 (3.06%), st=2392, avg=224 ms, found=2/55)...[0m
[1;94m[*] [0mFuzzing test case #37 (55 total, 0 crashes saved[0m, state: [0;31mfinished...[0m, mode=explore, perf_score=100, weight=1, favorite=0, was_fuzzed=1, exec_us=4461, hits=0, map=83, ascii=0, run_time=0:00:06:44, cvg=25.00%) FS (t=0:00:00:12 (3.05%), st=2392, avg=224 ms, found=2/55)...[0m
[1;94m[*] [0mFuzzing test case #1 (55 total, 0 crashes saved[0m, state: [0;31mfinished...[0m, mode=explore, perf_score=100, weight=1, favorite=1, was_fuzzed=1, exec_us=4130, hits=0, map=62, ascii=0, run_time=0:00:06:44, cvg=25.00%) FS (t=0:00:00:12 (3.05%), st=2392, avg=224 ms, found=2/55)...[0m
[1;94m[*] [0mFuzzing test case #4 (55 total, 0 crashes saved[0m, state: [0;31mfinished...[0m, mode=explore, perf_score=100, weight=1, favorite=1, was_fuzzed=1, exec_us=4440, hits=0, map=57, ascii=0, run_time=0:00:06:45, cvg=25.00%) FS (t=0:00:00:12 (3.05%), st=2392, avg=224 ms, found=2/55)...[0m
[1;94m[*] [0mFuzzing test case #1 (55 total, 0 crashes saved[0m, state: [0;31mfinished...[0m, mode=explore, perf_score=100, weight=1, favorite=1, was_fuzzed=1, exec_us=4130, hits=0, map=62, ascii=0, run_time=0:00:06:45, cvg=25.00%) FS (t=0:00:00:12 (3.04%), st=2392, avg=224 ms, found=2/55)...[0m
[1;94m[*] [0mFuzzing test case #9 (55 total, 0 crashes saved[0m, state: [0;31mfinished...[0m, mode=explore, perf_score=100, weight=1, favorite=0, was_fuzzed=1, exec_us=4287, hits=0, map=83, ascii=0, run_time=0:00:06:46, cvg=25.00%) FS (t=0:00:00:12 (3.04%), st=2392, avg=224 ms, found=2/55)...[0m
[1;94m[*] [0mFuzzing test case #1 (55 total, 0 crashes saved[0m, state: [0;31mfinished...[0m, mode=explore, perf_score=100, weight=1, favorite=1, was_fuzzed=1, exec_us=4130, hits=0, map=62, ascii=0, run_time=0:00:06:46, cvg=25.00%) FS (t=0:00:00:12 (3.03%), st=2392, avg=224 ms, found=2/55)...[0m
[1;94m[*] [0mFuzzing test case #52 (55 total, 0 crashes saved[0m, state: [0;31mfinished...[0m, mode=explore, perf_score=100, weight=1, favorite=0, was_fuzzed=1, exec_us=3001, hits=0, map=85, ascii=0, run_time=0:00:06:46, cvg=25.00%) FS (t=0:00:00:12 (3.03%), st=2392, avg=224 ms, found=2/55)...[0m
[1;94m[*] [0mFuzzing test case #36 (55 total, 0 crashes saved[0m, state: [0;31mfinished...[0m, mode=explore, perf_score=100, weight=1, favorite=1, was_fuzzed=1, exec_us=4435, hits=0, map=73, ascii=0, run_time=0:00:06:47, cvg=25.00%) FS (t=0:00:00:12 (3.03%), st=2392, avg=224 ms, found=2/55)...[0m
[1;94m[*] [0mFuzzing test case #3 (55 total, 0 crashes saved[0m, state: [0;31mfinished...[0m, mode=explore, perf_score=100, weight=1, favorite=1, was_fuzzed=1, exec_us=4402, hits=0, map=75, ascii=0, run_time=0:00:06:47, cvg=25.00%) FS (t=0:00:00:12 (3.03%), st=2392, avg=224 ms, found=2/55)...[0m
[1;94m[*] [0mFuzzing test case #1 (55 total, 0 crashes saved[0m, state: [0;31mfinished...[0m, mode=explore, perf_score=100, weight=1, favorite=1, was_fuzzed=1, exec_us=4130, hits=0, map=62, ascii=0, run_time=0:00:06:48, cvg=25.00%) FS (t=0:00:00:12 (3.02%), st=2392, avg=224 ms, found=2/55)...[0m
[1;94m[*] [0mFuzzing test case #36 (55 total, 0 crashes saved[0m, state: [0;31mfinished...[0m, mode=explore, perf_score=100, weight=1, favorite=1, was_fuzzed=1, exec_us=4435, hits=0, map=73, ascii=0, run_time=0:00:06:48, cvg=25.00%) FS (t=0:00:00:12 (3.02%), st=2392, avg=224 ms, found=2/55)...[0m
[1;94m[*] [0mFuzzing test case #36 (55 total, 0 crashes saved[0m, state: [0;31mfinished...[0m, mode=explore, perf_score=100, weight=1, favorite=1, was_fuzzed=1, exec_us=4435, hits=0, map=73, ascii=0, run_time=0:00:06:49, cvg=25.00%) FS (t=0:00:00:12 (3.01%), st=2392, avg=224 ms, found=2/55)...[0m
[1;94m[*] [0mFuzzing test case #1 (55 total, 0 crashes saved[0m, state: [0;31mfinished...[0m, mode=explore, perf_score=100, weight=1, favorite=1, was_fuzzed=1, exec_us=4130, hits=0, map=62, ascii=0, run_time=0:00:06:49, cvg=25.00%) FS (t=0:00:00:12 (3.01%), st=2392, avg=224 ms, found=2/55)...[0m
[1;94m[*] [0mFuzzing test case #18 (55 total, 0 crashes saved[0m, state: [0;31mfinished...[0m, mode=explore, perf_score=100, weight=1, favorite=0, was_fuzzed=1, exec_us=4465, hits=0, map=82, ascii=0, run_time=0:00:06:50, cvg=25.00%) FS (t=0:00:00:12 (3.01%), st=2392, avg=224 ms, found=2/55)...[0m
[1;94m[*] [0mFuzzing test case #36 (55 total, 0 crashes saved[0m, state: [0;31mfinished...[0m, mode=explore, perf_score=100, weight=1, favorite=1, was_fuzzed=1, exec_us=4435, hits=0, map=73, ascii=0, run_time=0:00:06:51, cvg=25.00%) FS (t=0:00:00:12 (3.00%), st=2392, avg=224 ms, found=2/55)...[0m
[1;94m[*] [0mFuzzing test case #52 (55 total, 0 crashes saved[0m, state: [0;31mfinished...[0m, mode=explore, perf_score=100, weight=1, favorite=0, was_fuzzed=1, exec_us=3001, hits=0, map=85, ascii=0, run_time=0:00:06:51, cvg=25.00%) FS (t=0:00:00:12 (3.00%), st=2392, avg=224 ms, found=2/55)...[0m
[1;94m[*] [0mFuzzing test case #7 (55 total, 0 crashes saved[0m, state: [0;31mfinished...[0m, mode=explore, perf_score=50, weight=1, favorite=0, was_fuzzed=1, exec_us=17222, hits=0, map=62, ascii=0, run_time=0:00:06:51, cvg=25.00%) FS (t=0:00:00:12 (3.00%), st=2392, avg=224 ms, found=2/55)...[0m
[1;94m[*] [0mFuzzing test case #13 (55 total, 0 crashes saved[0m, state: [0;31mfinished...[0m, mode=explore, perf_score=100, weight=1, favorite=0, was_fuzzed=1, exec_us=4299, hits=0, map=76, ascii=0, run_time=0:00:06:51, cvg=25.00%) FS (t=0:00:00:12 (2.99%), st=2392, avg=224 ms, found=2/55)...[0m
[1;94m[*] [0mFuzzing test case #1 (55 total, 0 crashes saved[0m, state: [0;31mfinished...[0m, mode=explore, perf_score=100, weight=1, favorite=1, was_fuzzed=1, exec_us=4130, hits=0, map=62, ascii=0, run_time=0:00:06:52, cvg=25.00%) FS (t=0:00:00:12 (2.99%), st=2392, avg=224 ms, found=2/55)...[0m
[1;94m[*] [0mFuzzing test case #36 (55 total, 0 crashes saved[0m, state: [0;31mfinished...[0m, mode=explore, perf_score=100, weight=1, favorite=1, was_fuzzed=1, exec_us=4435, hits=0, map=73, ascii=0, run_time=0:00:06:52, cvg=25.00%) FS (t=0:00:00:12 (2.99%), st=2392, avg=224 ms, found=2/55)...[0m
[1;94m[*] [0mFuzzing test case #34 (55 total, 0 crashes saved[0m, state: [0;31mfinished...[0m, mode=explore, perf_score=50, weight=1, favorite=0, was_fuzzed=1, exec_us=19489, hits=0, map=73, ascii=0, run_time=0:00:06:53, cvg=25.00%) FS (t=0:00:00:12 (2.98%), st=2392, avg=224 ms, found=2/55)...[0m
[1;94m[*] [0mEntering queue cycle 6
[0m
[1;94m[*] [0mFuzzing test case #51 (55 total, 0 crashes saved[0m, state: [0;31mfinished...[0m, mode=explore, perf_score=100, weight=1, favorite=0, was_fuzzed=1, exec_us=3746, hits=0, map=78, ascii=0, run_time=0:00:06:53, cvg=25.00%) FS (t=0:00:00:12 (2.98%), st=2392, avg=224 ms, found=2/55)...[0m
[1;94m[*] [0mFuzzing test case #53 (55 total, 0 crashes saved[0m, state: [0;31mfinished...[0m, mode=explore, perf_score=400, weight=1, favorite=0, was_fuzzed=1, exec_us=3447, hits=0, map=85, ascii=0, run_time=0:00:06:54, cvg=25.00%) FS (t=0:00:00:12 (2.98%), st=2392, avg=224 ms, found=2/55)...[0m
[1;94m[*] [0mFuzzing test case #36 (55 total, 0 crashes saved[0m, state: [0;31mfinished...[0m, mode=explore, perf_score=100, weight=1, favorite=1, was_fuzzed=1, exec_us=4435, hits=0, map=73, ascii=0, run_time=0:00:06:56, cvg=25.00%) FS (t=0:00:00:12 (2.96%), st=2392, avg=224 ms, found=2/55)...[0m
[1;94m[*] [0mFuzzing test case #4 (55 total, 0 crashes saved[0m, state: [0;31mfinished...[0m, mode=explore, perf_score=100, weight=1, favorite=1, was_fuzzed=1, exec_us=4440, hits=0, map=57, ascii=0, run_time=0:00:06:57, cvg=25.00%) FS (t=0:00:00:12 (2.96%), st=2392, avg=224 ms, found=2/55)...[0m
[1;94m[*] [0mFuzzing test case #15 (55 total, 0 crashes saved[0m, state: [0;31mfinished...[0m, mode=explore, perf_score=100, weight=1, favorite=1, was_fuzzed=1, exec_us=4441, hits=0, map=65, ascii=0, run_time=0:00:06:57, cvg=25.00%) FS (t=0:00:00:12 (2.95%), st=2392, avg=224 ms, found=2/55)...[0m
[1;94m[*] [0mFuzzing test case #32 (55 total, 0 crashes saved[0m, state: [0;31mfinished...[0m, mode=explore, perf_score=100, weight=1, favorite=0, was_fuzzed=1, exec_us=4702, hits=0, map=82, ascii=0, run_time=0:00:06:57, cvg=25.00%) FS (t=0:00:00:12 (2.95%), st=2392, avg=224 ms, found=2/55)...[0m
[1;94m[*] [0mFuzzing test case #36 (55 total, 0 crashes saved[0m, state: [0;31mfinished...[0m, mode=explore, perf_score=100, weight=1, favorite=1, was_fuzzed=1, exec_us=4435, hits=0, map=73, ascii=0, run_time=0:00:06:58, cvg=25.00%) FS (t=0:00:00:12 (2.95%), st=2392, avg=224 ms, found=2/55)...[0m
[1;94m[*] [0mFuzzing test case #49 (55 total, 0 crashes saved[0m, state: [0;31mfinished...[0m, mode=explore, perf_score=200, weight=1, favorite=0, was_fuzzed=1, exec_us=3121, hits=0, map=57, ascii=0, run_time=0:00:06:58, cvg=25.00%) FS (t=0:00:00:12 (2.95%), st=2392, avg=224 ms, found=2/55)...[0m
[1;94m[*] [0mFuzzing test case #1 (55 total, 0 crashes saved[0m, state: [0;31mfinished...[0m, mode=explore, perf_score=100, weight=1, favorite=1, was_fuzzed=1, exec_us=4130, hits=0, map=62, ascii=0, run_time=0:00:06:59, cvg=25.00%) FS (t=0:00:00:12 (2.94%), st=2392, avg=224 ms, found=2/55)...[0m
[1;94m[*] [0mFuzzing test case #3 (55 total, 0 crashes saved[0m, state: [0;31mfinished...[0m, mode=explore, perf_score=100, weight=1, favorite=1, was_fuzzed=1, exec_us=4402, hits=0, map=75, ascii=0, run_time=0:00:07:00, cvg=25.00%) FS (t=0:00:00:12 (2.94%), st=2392, avg=224 ms, found=2/55)...[0m
[1;94m[*] [0mFuzzing test case #47 (55 total, 0 crashes saved[0m, state: [0;31mfinished...[0m, mode=explore, perf_score=100, weight=1, favorite=0, was_fuzzed=1, exec_us=4601, hits=0, map=83, ascii=0, run_time=0:00:07:00, cvg=25.00%) FS (t=0:00:00:12 (2.93%), st=2392, avg=224 ms, found=2/55)...[0m
[1;94m[*] [0mFuzzing test case #1 (55 total, 0 crashes saved[0m, state: [0;31mfinished...[0m, mode=explore, perf_score=100, weight=1, favorite=1, was_fuzzed=1, exec_us=4130, hits=0, map=62, ascii=0, run_time=0:00:07:01, cvg=25.00%) FS (t=0:00:00:12 (2.93%), st=2392, avg=224 ms, found=2/55)...[0m
[1;94m[*] [0mFuzzing test case #36 (55 total, 0 crashes saved[0m, state: [0;31mfinished...[0m, mode=explore, perf_score=100, weight=1, favorite=1, was_fuzzed=1, exec_us=4435, hits=0, map=73, ascii=0, run_time=0:00:07:01, cvg=25.00%) FS (t=0:00:00:12 (2.92%), st=2392, avg=224 ms, found=2/55)...[0m
[1;94m[*] [0mFuzzing test case #44 (55 total, 0 crashes saved[0m, state: [0;31mfinished...[0m, mode=explore, perf_score=100, weight=1, favorite=0, was_fuzzed=1, exec_us=4147, hits=0, map=85, ascii=0, run_time=0:00:07:02, cvg=25.00%) FS (t=0:00:00:12 (2.92%), st=2392, avg=224 ms, found=2/55)...[0m
[1;94m[*] [0mFuzzing test case #16 (55 total, 0 crashes saved[0m, state: [0;31mfinished...[0m, mode=explore, perf_score=100, weight=1, favorite=0, was_fuzzed=1, exec_us=4278, hits=0, map=57, ascii=0, run_time=0:00:07:02, cvg=25.00%) FS (t=0:00:00:12 (2.92%), st=2392, avg=224 ms, found=2/55)...[0m
[1;94m[*] [0mFuzzing test case #3 (55 total, 0 crashes saved[0m, state: [0;31mfinished...[0m, mode=explore, perf_score=100, weight=1, favorite=1, was_fuzzed=1, exec_us=4402, hits=0, map=75, ascii=0, run_time=0:00:07:03, cvg=25.00%) FS (t=0:00:00:12 (2.92%), st=2392, avg=224 ms, found=2/55)...[0m
[1;94m[*] [0mFuzzing test case #36 (55 total, 0 crashes saved[0m, state: [0;31mfinished...[0m, mode=explore, perf_score=100, weight=1, favorite=1, was_fuzzed=1, exec_us=4435, hits=0, map=73, ascii=0, run_time=0:00:07:03, cvg=25.00%) FS (t=0:00:00:12 (2.91%), st=2392, avg=224 ms, found=2/55)...[0m
[1;94m[*] [0mFuzzing test case #4 (55 total, 0 crashes saved[0m, state: [0;31mfinished...[0m, mode=explore, perf_score=100, weight=1, favorite=1, was_fuzzed=1, exec_us=4440, hits=0, map=57, ascii=0, run_time=0:00:07:04, cvg=25.00%) FS (t=0:00:00:12 (2.91%), st=2392, avg=224 ms, found=2/55)...[0m
[1;94m[*] [0mFuzzing test case #3 (55 total, 0 crashes saved[0m, state: [0;31mfinished...[0m, mode=explore, perf_score=100, weight=1, favorite=1, was_fuzzed=1, exec_us=4402, hits=0, map=75, ascii=0, run_time=0:00:07:04, cvg=25.00%) FS (t=0:00:00:12 (2.90%), st=2392, avg=224 ms, found=2/55)...[0m
[1;94m[*] [0mFuzzing test case #26 (55 total, 0 crashes saved[0m, state: [0;31mfinished...[0m, mode=explore, perf_score=100, weight=1, favorite=0, was_fuzzed=1, exec_us=4480, hits=0, map=68, ascii=0, run_time=0:00:07:04, cvg=25.00%) FS (t=0:00:00:12 (2.90%), st=2392, avg=224 ms, found=2/55)...[0m
[1;94m[*] [0mFuzzing test case #1 (55 total, 0 crashes saved[0m, state: [0;31mfinished...[0m, mode=explore, perf_score=100, weight=1, favorite=1, was_fuzzed=1, exec_us=4130, hits=0, map=62, ascii=0, run_time=0:00:07:05, cvg=25.00%) FS (t=0:00:00:12 (2.90%), st=2392, avg=224 ms, found=2/55)...[0m
[1;94m[*] [0mFuzzing test case #46 (55 total, 0 crashes saved[0m, state: [0;31mfinished...[0m, mode=explore, perf_score=100, weight=1, favorite=0, was_fuzzed=1, exec_us=3530, hits=0, map=57, ascii=0, run_time=0:00:07:05, cvg=25.00%) FS (t=0:00:00:12 (2.90%), st=2392, avg=224 ms, found=2/55)...[0m
[1;94m[*] [0mFuzzing test case #15 (55 total, 0 crashes saved[0m, state: [0;31mfinished...[0m, mode=explore, perf_score=100, weight=1, favorite=1, was_fuzzed=1, exec_us=4441, hits=0, map=65, ascii=0, run_time=0:00:07:06, cvg=25.00%) FS (t=0:00:00:12 (2.89%), st=2392, avg=224 ms, found=2/55)...[0m
[1;94m[*] [0mFuzzing test case #54 (55 total, 0 crashes saved[0m, state: [0;31mfinished...[0m, mode=explore, perf_score=800, weight=4, favorite=0, was_fuzzed=1, exec_us=4225, hits=0, map=83, ascii=0, run_time=0:00:07:06, cvg=25.00%) FS (t=0:00:00:12 (2.89%), st=2392, avg=224 ms, found=2/55)...[0m
[1;94m[*] [0mFuzzing test case #3 (55 total, 0 crashes saved[0m, state: [0;31mfinished...[0m, mode=explore, perf_score=100, weight=1, favorite=1, was_fuzzed=1, exec_us=4402, hits=0, map=75, ascii=0, run_time=0:00:07:11, cvg=25.00%) FS (t=0:00:00:12 (2.86%), st=2392, avg=224 ms, found=2/55)...[0m
[1;94m[*] [0mFuzzing test case #4 (55 total, 0 crashes saved[0m, state: [0;31mfinished...[0m, mode=explore, perf_score=100, weight=1, favorite=1, was_fuzzed=1, exec_us=4440, hits=0, map=57, ascii=0, run_time=0:00:07:11, cvg=25.00%) FS (t=0:00:00:12 (2.86%), st=2392, avg=224 ms, found=2/55)...[0m
[1;94m[*] [0mFuzzing test case #15 (55 total, 0 crashes saved[0m, state: [0;31mfinished...[0m, mode=explore, perf_score=100, weight=1, favorite=1, was_fuzzed=1, exec_us=4441, hits=0, map=65, ascii=0, run_time=0:00:07:12, cvg=25.00%) FS (t=0:00:00:12 (2.85%), st=2392, avg=224 ms, found=2/55)...[0m
[1;94m[*] [0mFuzzing test case #36 (55 total, 0 crashes saved[0m, state: [0;31mfinished...[0m, mode=explore, perf_score=100, weight=1, favorite=1, was_fuzzed=1, exec_us=4435, hits=0, map=73, ascii=0, run_time=0:00:07:12, cvg=25.00%) FS (t=0:00:00:12 (2.85%), st=2392, avg=224 ms, found=2/55)...[0m
[1;94m[*] [0mFuzzing test case #1 (55 total, 0 crashes saved[0m, state: [0;31mfinished...[0m, mode=explore, perf_score=100, weight=1, favorite=1, was_fuzzed=1, exec_us=4130, hits=0, map=62, ascii=0, run_time=0:00:07:12, cvg=25.00%) FS (t=0:00:00:12 (2.85%), st=2392, avg=224 ms, found=2/55)...[0m
[1;94m[*] [0mFuzzing test case #35 (55 total, 0 crashes saved[0m, state: [0;31mfinished...[0m, mode=explore, perf_score=100, weight=1, favorite=0, was_fuzzed=1, exec_us=3900, hits=0, map=62, ascii=0, run_time=0:00:07:13, cvg=25.00%) FS (t=0:00:00:12 (2.85%), st=2392, avg=224 ms, found=2/55)...[0m
[1;94m[*] [0mFuzzing test case #36 (55 total, 0 crashes saved[0m, state: [0;31mfinished...[0m, mode=explore, perf_score=100, weight=1, favorite=1, was_fuzzed=1, exec_us=4435, hits=0, map=73, ascii=0, run_time=0:00:07:13, cvg=25.00%) FS (t=0:00:00:12 (2.84%), st=2392, avg=224 ms, found=2/55)...[0m
[1;94m[*] [0mFuzzing test case #4 (55 total, 0 crashes saved[0m, state: [0;31mfinished...[0m, mode=explore, perf_score=100, weight=1, favorite=1, was_fuzzed=1, exec_us=4440, hits=0, map=57, ascii=0, run_time=0:00:07:14, cvg=25.00%) FS (t=0:00:00:12 (2.84%), st=2392, avg=224 ms, found=2/55)...[0m
[1;94m[*] [0mFuzzing test case #48 (55 total, 0 crashes saved[0m, state: [0;31mfinished...[0m, mode=explore, perf_score=200, weight=1, favorite=0, was_fuzzed=1, exec_us=2859, hits=0, map=57, ascii=0, run_time=0:00:07:14, cvg=25.00%) FS (t=0:00:00:12 (2.84%), st=2392, avg=224 ms, found=2/55)...[0m
[1;94m[*] [0mFuzzing test case #3 (55 total, 0 crashes saved[0m, state: [0;31mfinished...[0m, mode=explore, perf_score=100, weight=1, favorite=1, was_fuzzed=1, exec_us=4402, hits=0, map=75, ascii=0, run_time=0:00:07:15, cvg=25.00%) FS (t=0:00:00:12 (2.83%), st=2392, avg=224 ms, found=2/55)...[0m
[1;94m[*] [0mFuzzing test case #54 (55 total, 0 crashes saved[0m, state: [0;31mfinished...[0m, mode=explore, perf_score=800, weight=4, favorite=0, was_fuzzed=1, exec_us=4225, hits=0, map=83, ascii=0, run_time=0:00:07:16, cvg=25.00%) FS (t=0:00:00:12 (2.83%), st=2392, avg=224 ms, found=2/55)...[0m
[1;94m[*] [0mFuzzing test case #19 (55 total, 0 crashes saved[0m, state: [0;31mfinished...[0m, mode=explore, perf_score=100, weight=1, favorite=0, was_fuzzed=1, exec_us=4467, hits=0, map=83, ascii=0, run_time=0:00:07:21, cvg=25.00%) FS (t=0:00:00:12 (2.79%), st=2392, avg=224 ms, found=2/55)...[0m
[1;94m[*] [0mFuzzing test case #24 (55 total, 0 crashes saved[0m, state: [0;31mfinished...[0m, mode=explore, perf_score=100, weight=1, favorite=0, was_fuzzed=1, exec_us=5061, hits=0, map=73, ascii=0, run_time=0:00:07:22, cvg=25.00%) FS (t=0:00:00:12 (2.79%), st=2392, avg=224 ms, found=2/55)...[0m
[1;94m[*] [0mFuzzing test case #15 (55 total, 0 crashes saved[0m, state: [0;31mfinished...[0m, mode=explore, perf_score=100, weight=1, favorite=1, was_fuzzed=1, exec_us=4441, hits=0, map=65, ascii=0, run_time=0:00:07:22, cvg=25.00%) FS (t=0:00:00:12 (2.79%), st=2392, avg=224 ms, found=2/55)...[0m
[1;94m[*] [0mFuzzing test case #54 (55 total, 0 crashes saved[0m, state: [0;31mfinished...[0m, mode=explore, perf_score=800, weight=4, favorite=0, was_fuzzed=1, exec_us=4225, hits=0, map=83, ascii=0, run_time=0:00:07:23, cvg=25.00%) FS (t=0:00:00:12 (2.78%), st=2392, avg=224 ms, found=2/55)...[0m
[1;94m[*] [0mFuzzing test case #1 (55 total, 0 crashes saved[0m, state: [0;31mfinished...[0m, mode=explore, perf_score=100, weight=1, favorite=1, was_fuzzed=1, exec_us=4130, hits=0, map=62, ascii=0, run_time=0:00:07:27, cvg=25.00%) FS (t=0:00:00:12 (2.75%), st=2392, avg=224 ms, found=2/55)...[0m
[1;94m[*] [0mFuzzing test case #3 (55 total, 0 crashes saved[0m, state: [0;31mfinished...[0m, mode=explore, perf_score=100, weight=1, favorite=1, was_fuzzed=1, exec_us=4402, hits=0, map=75, ascii=0, run_time=0:00:07:28, cvg=25.00%) FS (t=0:00:00:12 (2.75%), st=2392, avg=224 ms, found=2/55)...[0m
[1;94m[*] [0mFuzzing test case #40 (55 total, 0 crashes saved[0m, state: [0;31mfinished...[0m, mode=explore, perf_score=75, weight=1, favorite=0, was_fuzzed=1, exec_us=8627, hits=0, map=78, ascii=0, run_time=0:00:07:28, cvg=25.00%) FS (t=0:00:00:12 (2.75%), st=2392, avg=224 ms, found=2/55)...[0m
[1;94m[*] [0mFuzzing test case #12 (55 total, 0 crashes saved[0m, state: [0;31mfinished...[0m, mode=explore, perf_score=100, weight=1, favorite=0, was_fuzzed=1, exec_us=4530, hits=0, map=83, ascii=0, run_time=0:00:07:28, cvg=25.00%) FS (t=0:00:00:12 (2.75%), st=2392, avg=224 ms, found=2/55)...[0m
[1;94m[*] [0mFuzzing test case #1 (55 total, 0 crashes saved[0m, state: [0;31mfinished...[0m, mode=explore, perf_score=100, weight=1, favorite=1, was_fuzzed=1, exec_us=4130, hits=0, map=62, ascii=0, run_time=0:00:07:29, cvg=25.00%) FS (t=0:00:00:12 (2.75%), st=2392, avg=224 ms, found=2/55)...[0m
[1;94m[*] [0mFuzzing test case #36 (55 total, 0 crashes saved[0m, state: [0;31mfinished...[0m, mode=explore, perf_score=100, weight=1, favorite=1, was_fuzzed=1, exec_us=4435, hits=0, map=73, ascii=0, run_time=0:00:07:29, cvg=25.00%) FS (t=0:00:00:12 (2.74%), st=2392, avg=224 ms, found=2/55)...[0m
[1;94m[*] [0mFuzzing test case #36 (55 total, 0 crashes saved[0m, state: [0;31mfinished...[0m, mode=explore, perf_score=100, weight=1, favorite=1, was_fuzzed=1, exec_us=4435, hits=0, map=73, ascii=0, run_time=0:00:07:30, cvg=25.00%) FS (t=0:00:00:12 (2.74%), st=2392, avg=224 ms, found=2/55)...[0m
[1;94m[*] [0mFuzzing test case #36 (55 total, 0 crashes saved[0m, state: [0;31mfinished...[0m, mode=explore, perf_score=100, weight=1, favorite=1, was_fuzzed=1, exec_us=4435, hits=0, map=73, ascii=0, run_time=0:00:07:30, cvg=25.00%) FS (t=0:00:00:12 (2.74%), st=2392, avg=224 ms, found=2/55)...[0m
[1;94m[*] [0mFuzzing test case #30 (55 total, 0 crashes saved[0m, state: [0;31mfinished...[0m, mode=explore, perf_score=100, weight=1, favorite=0, was_fuzzed=1, exec_us=4521, hits=0, map=82, ascii=0, run_time=0:00:07:31, cvg=25.00%) FS (t=0:00:00:12 (2.74%), st=2392, avg=224 ms, found=2/55)...[0m
[1;94m[*] [0mFuzzing test case #1 (55 total, 0 crashes saved[0m, state: [0;31mfinished...[0m, mode=explore, perf_score=100, weight=1, favorite=1, was_fuzzed=1, exec_us=4130, hits=0, map=62, ascii=0, run_time=0:00:07:31, cvg=25.00%) FS (t=0:00:00:12 (2.73%), st=2392, avg=224 ms, found=2/55)...[0m
[1;94m[*] [0mFuzzing test case #4 (55 total, 0 crashes saved[0m, state: [0;31mfinished...[0m, mode=explore, perf_score=100, weight=1, favorite=1, was_fuzzed=1, exec_us=4440, hits=0, map=57, ascii=0, run_time=0:00:07:32, cvg=25.00%) FS (t=0:00:00:12 (2.73%), st=2392, avg=224 ms, found=2/55)...[0m
[1;94m[*] [0mFuzzing test case #36 (55 total, 0 crashes saved[0m, state: [0;31mfinished...[0m, mode=explore, perf_score=100, weight=1, favorite=1, was_fuzzed=1, exec_us=4435, hits=0, map=73, ascii=0, run_time=0:00:07:32, cvg=25.00%) FS (t=0:00:00:12 (2.73%), st=2392, avg=224 ms, found=2/55)...[0m
[1;94m[*] [0mFuzzing test case #41 (55 total, 0 crashes saved[0m, state: [0;31mfinished...[0m, mode=explore, perf_score=100, weight=1, favorite=0, was_fuzzed=1, exec_us=4811, hits=0, map=85, ascii=0, run_time=0:00:07:32, cvg=25.00%) FS (t=0:00:00:12 (2.72%), st=2392, avg=224 ms, found=2/55)...[0m
[1;94m[*] [0mFuzzing test case #4 (55 total, 0 crashes saved[0m, state: [0;31mfinished...[0m, mode=explore, perf_score=100, weight=1, favorite=1, was_fuzzed=1, exec_us=4440, hits=0, map=57, ascii=0, run_time=0:00:07:33, cvg=25.00%) FS (t=0:00:00:12 (2.72%), st=2392, avg=224 ms, found=2/55)...[0m
[1;94m[*] [0mFuzzing test case #1 (55 total, 0 crashes saved[0m, state: [0;31mfinished...[0m, mode=explore, perf_score=100, weight=1, favorite=1, was_fuzzed=1, exec_us=4130, hits=0, map=62, ascii=0, run_time=0:00:07:33, cvg=25.00%) FS (t=0:00:00:12 (2.72%), st=2392, avg=224 ms, found=2/55)...[0m
[1;94m[*] [0mFuzzing test case #36 (55 total, 0 crashes saved[0m, state: [0;31mfinished...[0m, mode=explore, perf_score=100, weight=1, favorite=1, was_fuzzed=1, exec_us=4435, hits=0, map=73, ascii=0, run_time=0:00:07:34, cvg=25.00%) FS (t=0:00:00:12 (2.72%), st=2392, avg=224 ms, found=2/55)...[0m
[1;94m[*] [0mFuzzing test case #14 (55 total, 0 crashes saved[0m, state: [0;31mfinished...[0m, mode=explore, perf_score=100, weight=1, favorite=0, was_fuzzed=1, exec_us=4172, hits=0, map=62, ascii=0, run_time=0:00:07:34, cvg=25.00%) FS (t=0:00:00:12 (2.71%), st=2392, avg=224 ms, found=2/55)...[0m
[1;94m[*] [0mFuzzing test case #3 (55 total, 0 crashes saved[0m, state: [0;31mfinished...[0m, mode=explore, perf_score=100, weight=1, favorite=1, was_fuzzed=1, exec_us=4402, hits=0, map=75, ascii=0, run_time=0:00:07:35, cvg=25.00%) FS (t=0:00:00:12 (2.71%), st=2392, avg=224 ms, found=2/55)...[0m
[1;94m[*] [0mEntering queue cycle 7
[0m
[1;94m[*] [0mFuzzing test case #41 (55 total, 0 crashes saved[0m, state: [0;31mfinished...[0m, mode=explore, perf_score=100, weight=1, favorite=0, was_fuzzed=1, exec_us=4811, hits=0, map=85, ascii=0, run_time=0:00:07:35, cvg=25.00%) FS (t=0:00:00:12 (2.71%), st=2392, avg=224 ms, found=2/55)...[0m
[1;94m[*] [0mFuzzing test case #1 (55 total, 0 crashes saved[0m, state: [0;31mfinished...[0m, mode=explore, perf_score=100, weight=1, favorite=1, was_fuzzed=1, exec_us=4130, hits=0, map=62, ascii=0, run_time=0:00:07:36, cvg=25.00%) FS (t=0:00:00:12 (2.70%), st=2392, avg=224 ms, found=2/55)...[0m
[1;94m[*] [0mFuzzing test case #1 (55 total, 0 crashes saved[0m, state: [0;31mfinished...[0m, mode=explore, perf_score=100, weight=1, favorite=1, was_fuzzed=1, exec_us=4130, hits=0, map=62, ascii=0, run_time=0:00:07:36, cvg=25.00%) FS (t=0:00:00:12 (2.70%), st=2392, avg=224 ms, found=2/55)...[0m
[1;94m[*] [0mFuzzing test case #1 (55 total, 0 crashes saved[0m, state: [0;31mfinished...[0m, mode=explore, perf_score=100, weight=1, favorite=1, was_fuzzed=1, exec_us=4130, hits=0, map=62, ascii=0, run_time=0:00:07:37, cvg=25.00%) FS (t=0:00:00:12 (2.70%), st=2392, avg=224 ms, found=2/55)...[0m
[1;94m[*] [0mFuzzing test case #1 (55 total, 0 crashes saved[0m, state: [0;31mfinished...[0m, mode=explore, perf_score=100, weight=1, favorite=1, was_fuzzed=1, exec_us=4130, hits=0, map=62, ascii=0, run_time=0:00:07:37, cvg=25.00%) FS (t=0:00:00:12 (2.70%), st=2392, avg=224 ms, found=2/55)...[0m
[1;94m[*] [0mFuzzing test case #1 (55 total, 0 crashes saved[0m, state: [0;31mfinished...[0m, mode=explore, perf_score=100, weight=1, favorite=1, was_fuzzed=1, exec_us=4130, hits=0, map=62, ascii=0, run_time=0:00:07:37, cvg=25.00%) FS (t=0:00:00:12 (2.69%), st=2392, avg=224 ms, found=2/55)...[0m
[1;94m[*] [0mFuzzing test case #4 (55 total, 0 crashes saved[0m, state: [0;31mfinished...[0m, mode=explore, perf_score=100, weight=1, favorite=1, was_fuzzed=1, exec_us=4440, hits=0, map=57, ascii=0, run_time=0:00:07:38, cvg=25.00%) FS (t=0:00:00:12 (2.69%), st=2392, avg=224 ms, found=2/55)...[0m
[1;94m[*] [0mFuzzing test case #3 (55 total, 0 crashes saved[0m, state: [0;31mfinished...[0m, mode=explore, perf_score=100, weight=1, favorite=1, was_fuzzed=1, exec_us=4402, hits=0, map=75, ascii=0, run_time=0:00:07:39, cvg=25.00%) FS (t=0:00:00:12 (2.69%), st=2392, avg=224 ms, found=2/55)...[0m
[1;94m[*] [0mFuzzing test case #36 (55 total, 0 crashes saved[0m, state: [0;31mfinished...[0m, mode=explore, perf_score=100, weight=1, favorite=1, was_fuzzed=1, exec_us=4435, hits=0, map=73, ascii=0, run_time=0:00:07:39, cvg=25.00%) FS (t=0:00:00:12 (2.68%), st=2392, avg=224 ms, found=2/55)...[0m
[1;94m[*] [0mFuzzing test case #53 (55 total, 0 crashes saved[0m, state: [0;31mfinished...[0m, mode=explore, perf_score=400, weight=1, favorite=0, was_fuzzed=1, exec_us=3447, hits=0, map=85, ascii=0, run_time=0:00:07:39, cvg=25.00%) FS (t=0:00:00:12 (2.68%), st=2392, avg=224 ms, found=2/55)...[0m
[1;94m[*] [0mFuzzing test case #24 (55 total, 0 crashes saved[0m, state: [0;31mfinished...[0m, mode=explore, perf_score=100, weight=1, favorite=0, was_fuzzed=1, exec_us=5061, hits=0, map=73, ascii=0, run_time=0:00:07:42, cvg=25.00%) FS (t=0:00:00:12 (2.67%), st=2392, avg=224 ms, found=2/55)...[0m
[1;94m[*] [0mFuzzing test case #36 (55 total, 0 crashes saved[0m, state: [0;31mfinished...[0m, mode=explore, perf_score=100, weight=1, favorite=1, was_fuzzed=1, exec_us=4435, hits=0, map=73, ascii=0, run_time=0:00:07:43, cvg=25.00%) FS (t=0:00:00:12 (2.66%), st=2392, avg=224 ms, found=2/55)...[0m
[1;94m[*] [0mFuzzing test case #27 (55 total, 0 crashes saved[0m, state: [0;31mfinished...[0m, mode=explore, perf_score=100, weight=1, favorite=0, was_fuzzed=1, exec_us=4322, hits=0, map=62, ascii=0, run_time=0:00:07:43, cvg=25.00%) FS (t=0:00:00:12 (2.66%), st=2392, avg=224 ms, found=2/55)...[0m
[1;94m[*] [0mFuzzing test case #36 (55 total, 0 crashes saved[0m, state: [0;31mfinished...[0m, mode=explore, perf_score=100, weight=1, favorite=1, was_fuzzed=1, exec_us=4435, hits=0, map=73, ascii=0, run_time=0:00:07:44, cvg=25.00%) FS (t=0:00:00:12 (2.66%), st=2392, avg=224 ms, found=2/55)...[0m
[1;94m[*] [0mFuzzing test case #36 (55 total, 0 crashes saved[0m, state: [0;31mfinished...[0m, mode=explore, perf_score=100, weight=1, favorite=1, was_fuzzed=1, exec_us=4435, hits=0, map=73, ascii=0, run_time=0:00:07:44, cvg=25.00%) FS (t=0:00:00:12 (2.66%), st=2392, avg=224 ms, found=2/55)...[0m
[1;94m[*] [0mFuzzing test case #15 (55 total, 0 crashes saved[0m, state: [0;31mfinished...[0m, mode=explore, perf_score=100, weight=1, favorite=1, was_fuzzed=1, exec_us=4441, hits=0, map=65, ascii=0, run_time=0:00:07:44, cvg=25.00%) FS (t=0:00:00:12 (2.65%), st=2392, avg=224 ms, found=2/55)...[0m
[1;94m[*] [0mFuzzing test case #4 (55 total, 0 crashes saved[0m, state: [0;31mfinished...[0m, mode=explore, perf_score=100, weight=1, favorite=1, was_fuzzed=1, exec_us=4440, hits=0, map=57, ascii=0, run_time=0:00:07:45, cvg=25.00%) FS (t=0:00:00:12 (2.65%), st=2392, avg=224 ms, found=2/55)...[0m
[1;94m[*] [0mFuzzing test case #22 (55 total, 0 crashes saved[0m, state: [0;31mfinished...[0m, mode=explore, perf_score=100, weight=1, favorite=0, was_fuzzed=1, exec_us=5361, hits=0, map=83, ascii=0, run_time=0:00:07:45, cvg=25.00%) FS (t=0:00:00:12 (2.65%), st=2392, avg=224 ms, found=2/55)...[0m
[1;94m[*] [0mFuzzing test case #2 (55 total, 0 crashes saved[0m, state: [0;31mfinished...[0m, mode=explore, perf_score=100, weight=1, favorite=0, was_fuzzed=1, exec_us=5035, hits=0, map=68, ascii=0, run_time=0:00:07:46, cvg=25.00%) FS (t=0:00:00:12 (2.65%), st=2392, avg=224 ms, found=2/55)...[0m
[1;94m[*] [0mFuzzing test case #4 (55 total, 0 crashes saved[0m, state: [0;31mfinished...[0m, mode=explore, perf_score=100, weight=1, favorite=1, was_fuzzed=1, exec_us=4440, hits=0, map=57, ascii=0, run_time=0:00:07:47, cvg=25.00%) FS (t=0:00:00:12 (2.64%), st=2392, avg=224 ms, found=2/55)...[0m
[1;94m[*] [0mFuzzing test case #22 (55 total, 0 crashes saved[0m, state: [0;31mfinished...[0m, mode=explore, perf_score=100, weight=1, favorite=0, was_fuzzed=1, exec_us=5361, hits=0, map=83, ascii=0, run_time=0:00:07:47, cvg=25.00%) FS (t=0:00:00:12 (2.64%), st=2392, avg=224 ms, found=2/55)...[0m
[1;94m[*] [0mFuzzing test case #15 (55 total, 0 crashes saved[0m, state: [0;31mfinished...[0m, mode=explore, perf_score=100, weight=1, favorite=1, was_fuzzed=1, exec_us=4441, hits=0, map=65, ascii=0, run_time=0:00:07:48, cvg=25.00%) FS (t=0:00:00:12 (2.63%), st=2392, avg=224 ms, found=2/55)...[0m
[1;94m[*] [0mFuzzing test case #37 (55 total, 0 crashes saved[0m, state: [0;31mfinished...[0m, mode=explore, perf_score=100, weight=1, favorite=0, was_fuzzed=1, exec_us=4461, hits=0, map=83, ascii=0, run_time=0:00:07:48, cvg=25.00%) FS (t=0:00:00:12 (2.63%), st=2392, avg=224 ms, found=2/55)...[0m
[1;94m[*] [0mFuzzing test case #8 (55 total, 0 crashes saved[0m, state: [0;31mfinished...[0m, mode=explore, perf_score=100, weight=1, favorite=0, was_fuzzed=1, exec_us=4262, hits=0, map=62, ascii=0, run_time=0:00:07:49, cvg=25.00%) FS (t=0:00:00:12 (2.63%), st=2392, avg=224 ms, found=2/55)...[0m
[1;94m[*] [0mFuzzing test case #52 (55 total, 0 crashes saved[0m, state: [0;31mfinished...[0m, mode=explore, perf_score=100, weight=1, favorite=0, was_fuzzed=1, exec_us=3001, hits=0, map=85, ascii=0, run_time=0:00:07:49, cvg=25.00%) FS (t=0:00:00:12 (2.63%), st=2392, avg=224 ms, found=2/55)...[0m
[1;94m[*] [0mFuzzing test case #36 (55 total, 0 crashes saved[0m, state: [0;31mfinished...[0m, mode=explore, perf_score=100, weight=1, favorite=1, was_fuzzed=1, exec_us=4435, hits=0, map=73, ascii=0, run_time=0:00:07:50, cvg=25.00%) FS (t=0:00:00:12 (2.62%), st=2392, avg=224 ms, found=2/55)...[0m
[1;94m[*] [0mFuzzing test case #15 (55 total, 0 crashes saved[0m, state: [0;31mfinished...[0m, mode=explore, perf_score=100, weight=1, favorite=1, was_fuzzed=1, exec_us=4441, hits=0, map=65, ascii=0, run_time=0:00:07:50, cvg=25.00%) FS (t=0:00:00:12 (2.62%), st=2392, avg=224 ms, found=2/55)...[0m
[1;94m[*] [0mFuzzing test case #10 (55 total, 0 crashes saved[0m, state: [0;31mfinished...[0m, mode=explore, perf_score=100, weight=1, favorite=0, was_fuzzed=1, exec_us=4180, hits=0, map=80, ascii=0, run_time=0:00:07:51, cvg=25.00%) FS (t=0:00:00:12 (2.62%), st=2392, avg=224 ms, found=2/55)...[0m
[1;94m[*] [0mFuzzing test case #36 (55 total, 0 crashes saved[0m, state: [0;31mfinished...[0m, mode=explore, perf_score=100, weight=1, favorite=1, was_fuzzed=1, exec_us=4435, hits=0, map=73, ascii=0, run_time=0:00:07:51, cvg=25.00%) FS (t=0:00:00:12 (2.62%), st=2392, avg=224 ms, found=2/55)...[0m
[1;94m[*] [0mFuzzing test case #3 (55 total, 0 crashes saved[0m, state: [0;31mfinished...[0m, mode=explore, perf_score=100, weight=1, favorite=1, was_fuzzed=1, exec_us=4402, hits=0, map=75, ascii=0, run_time=0:00:07:52, cvg=25.00%) FS (t=0:00:00:12 (2.61%), st=2392, avg=224 ms, found=2/55)...[0m
[1;94m[*] [0mFuzzing test case #20 (55 total, 0 crashes saved[0m, state: [0;31mfinished...[0m, mode=explore, perf_score=100, weight=1, favorite=0, was_fuzzed=1, exec_us=4596, hits=0, map=83, ascii=0, run_time=0:00:07:52, cvg=25.00%) FS (t=0:00:00:12 (2.61%), st=2392, avg=224 ms, found=2/55)...[0m
[1;94m[*] [0mFuzzing test case #1 (55 total, 0 crashes saved[0m, state: [0;31mfinished...[0m, mode=explore, perf_score=100, weight=1, favorite=1, was_fuzzed=1, exec_us=4130, hits=0, map=62, ascii=0, run_time=0:00:07:53, cvg=25.00%) FS (t=0:00:00:12 (2.61%), st=2392, avg=224 ms, found=2/55)...[0m
[1;94m[*] [0mFuzzing test case #54 (55 total, 0 crashes saved[0m, state: [0;31mfinished...[0m, mode=explore, perf_score=800, weight=4, favorite=0, was_fuzzed=1, exec_us=4225, hits=0, map=83, ascii=0, run_time=0:00:07:53, cvg=25.00%) FS (t=0:00:00:12 (2.61%), st=2392, avg=224 ms, found=2/55)...[0m
[1;94m[*] [0mFuzzing test case #15 (55 total, 0 crashes saved[0m, state: [0;31mfinished...[0m, mode=explore, perf_score=100, weight=1, favorite=1, was_fuzzed=1, exec_us=4441, hits=0, map=65, ascii=0, run_time=0:00:07:58, cvg=25.00%) FS (t=0:00:00:12 (2.58%), st=2392, avg=224 ms, found=2/55)...[0m
[1;94m[*] [0mFuzzing test case #54 (55 total, 0 crashes saved[0m, state: [0;31mfinished...[0m, mode=explore, perf_score=800, weight=4, favorite=0, was_fuzzed=1, exec_us=4225, hits=0, map=83, ascii=0, run_time=0:00:07:58, cvg=25.00%) FS (t=0:00:00:12 (2.58%), st=2392, avg=224 ms, found=2/55)...[0m
[1;94m[*] [0mFuzzing test case #50 (55 total, 0 crashes saved[0m, state: [0;31mfinished...[0m, mode=explore, perf_score=200, weight=1, favorite=0, was_fuzzed=1, exec_us=4000, hits=0, map=82, ascii=0, run_time=0:00:08:03, cvg=25.00%) FS (t=0:00:00:12 (2.55%), st=2392, avg=224 ms, found=2/55)...[0m
[1;94m[*] [0mFuzzing test case #36 (55 total, 0 crashes saved[0m, state: [0;31mfinished...[0m, mode=explore, perf_score=100, weight=1, favorite=1, was_fuzzed=1, exec_us=4435, hits=0, map=73, ascii=0, run_time=0:00:08:04, cvg=25.00%) FS (t=0:00:00:12 (2.55%), st=2392, avg=224 ms, found=2/55)...[0m
[1;94m[*] [0mFuzzing test case #4 (55 total, 0 crashes saved[0m, state: [0;31mfinished...[0m, mode=explore, perf_score=100, weight=1, favorite=1, was_fuzzed=1, exec_us=4440, hits=0, map=57, ascii=0, run_time=0:00:08:04, cvg=25.00%) FS (t=0:00:00:12 (2.55%), st=2392, avg=224 ms, found=2/55)...[0m
[1;94m[*] [0mFuzzing test case #21 (55 total, 0 crashes saved[0m, state: [0;31mfinished...[0m, mode=explore, perf_score=100, weight=1, favorite=0, was_fuzzed=1, exec_us=4293, hits=0, map=62, ascii=0, run_time=0:00:08:05, cvg=25.00%) FS (t=0:00:00:12 (2.54%), st=2392, avg=224 ms, found=2/55)...[0m
[1;94m[*] [0mFuzzing test case #36 (55 total, 0 crashes saved[0m, state: [0;31mfinished...[0m, mode=explore, perf_score=100, weight=1, favorite=1, was_fuzzed=1, exec_us=4435, hits=0, map=73, ascii=0, run_time=0:00:08:05, cvg=25.00%) FS (t=0:00:00:12 (2.54%), st=2392, avg=224 ms, found=2/55)...[0m
[1;94m[*] [0mFuzzing test case #1 (55 total, 0 crashes saved[0m, state: [0;31mfinished...[0m, mode=explore, perf_score=100, weight=1, favorite=1, was_fuzzed=1, exec_us=4130, hits=0, map=62, ascii=0, run_time=0:00:08:06, cvg=25.00%) FS (t=0:00:00:12 (2.54%), st=2392, avg=224 ms, found=2/55)...[0m
[1;94m[*] [0mFuzzing test case #1 (55 total, 0 crashes saved[0m, state: [0;31mfinished...[0m, mode=explore, perf_score=100, weight=1, favorite=1, was_fuzzed=1, exec_us=4130, hits=0, map=62, ascii=0, run_time=0:00:08:06, cvg=25.00%) FS (t=0:00:00:12 (2.54%), st=2392, avg=224 ms, found=2/55)...[0m
[1;94m[*] [0mFuzzing test case #1 (55 total, 0 crashes saved[0m, state: [0;31mfinished...[0m, mode=explore, perf_score=100, weight=1, favorite=1, was_fuzzed=1, exec_us=4130, hits=0, map=62, ascii=0, run_time=0:00:08:06, cvg=25.00%) FS (t=0:00:00:12 (2.53%), st=2392, avg=224 ms, found=2/55)...[0m
[1;94m[*] [0mFuzzing test case #53 (55 total, 0 crashes saved[0m, state: [0;31mfinished...[0m, mode=explore, perf_score=400, weight=1, favorite=0, was_fuzzed=1, exec_us=3447, hits=0, map=85, ascii=0, run_time=0:00:08:07, cvg=25.00%) FS (t=0:00:00:12 (2.53%), st=2392, avg=224 ms, found=2/55)...[0m
[1;94m[*] [0mFuzzing test case #36 (55 total, 0 crashes saved[0m, state: [0;31mfinished...[0m, mode=explore, perf_score=100, weight=1, favorite=1, was_fuzzed=1, exec_us=4435, hits=0, map=73, ascii=0, run_time=0:00:08:09, cvg=25.00%) FS (t=0:00:00:12 (2.52%), st=2392, avg=224 ms, found=2/55)...[0m
[1;94m[*] [0mFuzzing test case #22 (55 total, 0 crashes saved[0m, state: [0;31mfinished...[0m, mode=explore, perf_score=100, weight=1, favorite=0, was_fuzzed=1, exec_us=5361, hits=0, map=83, ascii=0, run_time=0:00:08:09, cvg=25.00%) FS (t=0:00:00:12 (2.52%), st=2392, avg=224 ms, found=2/55)...[0m
[1;94m[*] [0mFuzzing test case #34 (55 total, 0 crashes saved[0m, state: [0;31mfinished...[0m, mode=explore, perf_score=50, weight=1, favorite=0, was_fuzzed=1, exec_us=19489, hits=0, map=73, ascii=0, run_time=0:00:08:10, cvg=25.00%) FS (t=0:00:00:12 (2.52%), st=2392, avg=224 ms, found=2/55)...[0m
[1;94m[*] [0mFuzzing test case #40 (55 total, 0 crashes saved[0m, state: [0;31mfinished...[0m, mode=explore, perf_score=75, weight=1, favorite=0, was_fuzzed=1, exec_us=8627, hits=0, map=78, ascii=0, run_time=0:00:08:10, cvg=25.00%) FS (t=0:00:00:12 (2.51%), st=2392, avg=224 ms, found=2/55)...[0m
[1;94m[*] [0mFuzzing test case #5 (55 total, 0 crashes saved[0m, state: [0;31mfinished...[0m, mode=explore, perf_score=100, weight=1, favorite=0, was_fuzzed=1, exec_us=4824, hits=0, map=80, ascii=0, run_time=0:00:08:11, cvg=25.00%) FS (t=0:00:00:12 (2.51%), st=2392, avg=224 ms, found=2/55)...[0m
[1;94m[*] [0mFuzzing test case #1 (55 total, 0 crashes saved[0m, state: [0;31mfinished...[0m, mode=explore, perf_score=100, weight=1, favorite=1, was_fuzzed=1, exec_us=4130, hits=0, map=62, ascii=0, run_time=0:00:08:11, cvg=25.00%) FS (t=0:00:00:12 (2.51%), st=2392, avg=224 ms, found=2/55)...[0m
[1;94m[*] [0mFuzzing test case #1 (55 total, 0 crashes saved[0m, state: [0;31mfinished...[0m, mode=explore, perf_score=100, weight=1, favorite=1, was_fuzzed=1, exec_us=4130, hits=0, map=62, ascii=0, run_time=0:00:08:12, cvg=25.00%) FS (t=0:00:00:12 (2.51%), st=2392, avg=224 ms, found=2/55)...[0m
[1;94m[*] [0mFuzzing test case #15 (55 total, 0 crashes saved[0m, state: [0;31mfinished...[0m, mode=explore, perf_score=100, weight=1, favorite=1, was_fuzzed=1, exec_us=4441, hits=0, map=65, ascii=0, run_time=0:00:08:12, cvg=25.00%) FS (t=0:00:00:12 (2.51%), st=2392, avg=224 ms, found=2/55)...[0m
[1;94m[*] [0mFuzzing test case #36 (55 total, 0 crashes saved[0m, state: [0;31mfinished...[0m, mode=explore, perf_score=100, weight=1, favorite=1, was_fuzzed=1, exec_us=4435, hits=0, map=73, ascii=0, run_time=0:00:08:12, cvg=25.00%) FS (t=0:00:00:12 (2.50%), st=2392, avg=224 ms, found=2/55)...[0m
[1;94m[*] [0mFuzzing test case #36 (55 total, 0 crashes saved[0m, state: [0;31mfinished...[0m, mode=explore, perf_score=100, weight=1, favorite=1, was_fuzzed=1, exec_us=4435, hits=0, map=73, ascii=0, run_time=0:00:08:13, cvg=25.00%) FS (t=0:00:00:12 (2.50%), st=2392, avg=224 ms, found=2/55)...[0m
[1;94m[*] [0mFuzzing test case #36 (55 total, 0 crashes saved[0m, state: [0;31mfinished...[0m, mode=explore, perf_score=100, weight=1, favorite=1, was_fuzzed=1, exec_us=4435, hits=0, map=73, ascii=0, run_time=0:00:08:13, cvg=25.00%) FS (t=0:00:00:12 (2.50%), st=2392, avg=224 ms, found=2/55)...[0m
[1;94m[*] [0mFuzzing test case #28 (55 total, 0 crashes saved[0m, state: [0;31mfinished...[0m, mode=explore, perf_score=100, weight=1, favorite=0, was_fuzzed=1, exec_us=4995, hits=0, map=85, ascii=0, run_time=0:00:08:14, cvg=25.00%) FS (t=0:00:00:12 (2.50%), st=2392, avg=224 ms, found=2/55)...[0m
[1;94m[*] [0mFuzzing test case #27 (55 total, 0 crashes saved[0m, state: [0;31mfinished...[0m, mode=explore, perf_score=100, weight=1, favorite=0, was_fuzzed=1, exec_us=4322, hits=0, map=62, ascii=0, run_time=0:00:08:14, cvg=25.00%) FS (t=0:00:00:12 (2.50%), st=2392, avg=224 ms, found=2/55)...[0m
[1;94m[*] [0mEntering queue cycle 8
[0m
[1;94m[*] [0mFuzzing test case #4 (55 total, 0 crashes saved[0m, state: [0;31mfinished...[0m, mode=explore, perf_score=100, weight=1, favorite=1, was_fuzzed=1, exec_us=4440, hits=0, map=57, ascii=0, run_time=0:00:08:14, cvg=25.00%) FS (t=0:00:00:12 (2.49%), st=2392, avg=224 ms, found=2/55)...[0m
[1;94m[*] [0mFuzzing test case #14 (55 total, 0 crashes saved[0m, state: [0;31mfinished...[0m, mode=explore, perf_score=100, weight=1, favorite=0, was_fuzzed=1, exec_us=4172, hits=0, map=62, ascii=0, run_time=0:00:08:15, cvg=25.00%) FS (t=0:00:00:12 (2.49%), st=2392, avg=224 ms, found=2/55)...[0m
[1;94m[*] [0mFuzzing test case #1 (55 total, 0 crashes saved[0m, state: [0;31mfinished...[0m, mode=explore, perf_score=100, weight=1, favorite=1, was_fuzzed=1, exec_us=4130, hits=0, map=62, ascii=0, run_time=0:00:08:15, cvg=25.00%) FS (t=0:00:00:12 (2.49%), st=2392, avg=224 ms, found=2/55)...[0m
[1;94m[*] [0mFuzzing test case #51 (55 total, 0 crashes saved[0m, state: [0;31mfinished...[0m, mode=explore, perf_score=100, weight=1, favorite=0, was_fuzzed=1, exec_us=3746, hits=0, map=78, ascii=0, run_time=0:00:08:16, cvg=25.00%) FS (t=0:00:00:12 (2.49%), st=2392, avg=224 ms, found=2/55)...[0m
[1;94m[*] [0mFuzzing test case #36 (55 total, 0 crashes saved[0m, state: [0;31mfinished...[0m, mode=explore, perf_score=100, weight=1, favorite=1, was_fuzzed=1, exec_us=4435, hits=0, map=73, ascii=0, run_time=0:00:08:17, cvg=25.00%) FS (t=0:00:00:12 (2.48%), st=2392, avg=224 ms, found=2/55)...[0m
[1;94m[*] [0mFuzzing test case #33 (55 total, 0 crashes saved[0m, state: [0;31mfinished...[0m, mode=explore, perf_score=25, weight=1, favorite=0, was_fuzzed=1, exec_us=22617, hits=0, map=78, ascii=0, run_time=0:00:08:17, cvg=25.00%) FS (t=0:00:00:12 (2.48%), st=2392, avg=224 ms, found=2/55)...[0m
[1;94m[*] [0mFuzzing test case #15 (55 total, 0 crashes saved[0m, state: [0;31mfinished...[0m, mode=explore, perf_score=100, weight=1, favorite=1, was_fuzzed=1, exec_us=4441, hits=0, map=65, ascii=0, run_time=0:00:08:17, cvg=25.00%) FS (t=0:00:00:12 (2.48%), st=2392, avg=224 ms, found=2/55)...[0m
[1;94m[*] [0mFuzzing test case #36 (55 total, 0 crashes saved[0m, state: [0;31mfinished...[0m, mode=explore, perf_score=100, weight=1, favorite=1, was_fuzzed=1, exec_us=4435, hits=0, map=73, ascii=0, run_time=0:00:08:18, cvg=25.00%) FS (t=0:00:00:12 (2.48%), st=2392, avg=224 ms, found=2/55)...[0m
[1;94m[*] [0mFuzzing test case #2 (55 total, 0 crashes saved[0m, state: [0;31mfinished...[0m, mode=explore, perf_score=100, weight=1, favorite=0, was_fuzzed=1, exec_us=5035, hits=0, map=68, ascii=0, run_time=0:00:08:18, cvg=25.00%) FS (t=0:00:00:12 (2.47%), st=2392, avg=224 ms, found=2/55)...[0m
[1;94m[*] [0mFuzzing test case #0 (55 total, 0 crashes saved[0m, state: [0;31mfinished...[0m, mode=explore, perf_score=100, weight=1, favorite=0, was_fuzzed=1, exec_us=4673, hits=0, map=57, ascii=0, run_time=0:00:08:18, cvg=25.00%) FS (t=0:00:00:12 (2.47%), st=2392, avg=224 ms, found=2/55)...[0m
[1;94m[*] [0mFuzzing test case #36 (55 total, 0 crashes saved[0m, state: [0;31mfinished...[0m, mode=explore, perf_score=100, weight=1, favorite=1, was_fuzzed=1, exec_us=4435, hits=0, map=73, ascii=0, run_time=0:00:08:19, cvg=25.00%) FS (t=0:00:00:12 (2.47%), st=2392, avg=224 ms, found=2/55)...[0m
[1;94m[*] [0mFuzzing test case #36 (55 total, 0 crashes saved[0m, state: [0;31mfinished...[0m, mode=explore, perf_score=100, weight=1, favorite=1, was_fuzzed=1, exec_us=4435, hits=0, map=73, ascii=0, run_time=0:00:08:19, cvg=25.00%) FS (t=0:00:00:12 (2.47%), st=2392, avg=224 ms, found=2/55)...[0m
[1;94m[*] [0mFuzzing test case #1 (55 total, 0 crashes saved[0m, state: [0;31mfinished...[0m, mode=explore, perf_score=100, weight=1, favorite=1, was_fuzzed=1, exec_us=4130, hits=0, map=62, ascii=0, run_time=0:00:08:20, cvg=25.00%) FS (t=0:00:00:12 (2.47%), st=2392, avg=224 ms, found=2/55)...[0m
[1;94m[*] [0mFuzzing test case #5 (55 total, 0 crashes saved[0m, state: [0;31mfinished...[0m, mode=explore, perf_score=100, weight=1, favorite=0, was_fuzzed=1, exec_us=4824, hits=0, map=80, ascii=0, run_time=0:00:08:20, cvg=25.00%) FS (t=0:00:00:12 (2.46%), st=2392, avg=224 ms, found=2/55)...[0m
[1;94m[*] [0mFuzzing test case #1 (55 total, 0 crashes saved[0m, state: [0;31mfinished...[0m, mode=explore, perf_score=100, weight=1, favorite=1, was_fuzzed=1, exec_us=4130, hits=0, map=62, ascii=0, run_time=0:00:08:21, cvg=25.00%) FS (t=0:00:00:12 (2.46%), st=2392, avg=224 ms, found=2/55)...[0m
[1;94m[*] [0mFuzzing test case #27 (55 total, 0 crashes saved[0m, state: [0;31mfinished...[0m, mode=explore, perf_score=100, weight=1, favorite=0, was_fuzzed=1, exec_us=4322, hits=0, map=62, ascii=0, run_time=0:00:08:21, cvg=25.00%) FS (t=0:00:00:12 (2.46%), st=2392, avg=224 ms, found=2/55)...[0m
[1;94m[*] [0mFuzzing test case #11 (55 total, 0 crashes saved[0m, state: [0;31mfinished...[0m, mode=explore, perf_score=100, weight=1, favorite=0, was_fuzzed=1, exec_us=5057, hits=0, map=83, ascii=0, run_time=0:00:08:22, cvg=25.00%) FS (t=0:00:00:12 (2.46%), st=2392, avg=224 ms, found=2/55)...[0m
[1;94m[*] [0mFuzzing test case #36 (55 total, 0 crashes saved[0m, state: [0;31mfinished...[0m, mode=explore, perf_score=100, weight=1, favorite=1, was_fuzzed=1, exec_us=4435, hits=0, map=73, ascii=0, run_time=0:00:08:22, cvg=25.00%) FS (t=0:00:00:12 (2.45%), st=2392, avg=224 ms, found=2/55)...[0m
[1;94m[*] [0mFuzzing test case #8 (55 total, 0 crashes saved[0m, state: [0;31mfinished...[0m, mode=explore, perf_score=100, weight=1, favorite=0, was_fuzzed=1, exec_us=4262, hits=0, map=62, ascii=0, run_time=0:00:08:23, cvg=25.00%) FS (t=0:00:00:12 (2.45%), st=2392, avg=224 ms, found=2/55)...[0m
[1;94m[*] [0mFuzzing test case #4 (55 total, 0 crashes saved[0m, state: [0;31mfinished...[0m, mode=explore, perf_score=100, weight=1, favorite=1, was_fuzzed=1, exec_us=4440, hits=0, map=57, ascii=0, run_time=0:00:08:24, cvg=25.00%) FS (t=0:00:00:12 (2.45%), st=2392, avg=224 ms, found=2/55)...[0m
[1;94m[*] [0mFuzzing test case #15 (55 total, 0 crashes saved[0m, state: [0;31mfinished...[0m, mode=explore, perf_score=100, weight=1, favorite=1, was_fuzzed=1, exec_us=4441, hits=0, map=65, ascii=0, run_time=0:00:08:24, cvg=25.00%) FS (t=0:00:00:12 (2.45%), st=2392, avg=224 ms, found=2/55)...[0m
[1;94m[*] [0mFuzzing test case #23 (55 total, 0 crashes saved[0m, state: [0;31mfinished...[0m, mode=explore, perf_score=100, weight=1, favorite=0, was_fuzzed=1, exec_us=4964, hits=0, map=85, ascii=0, run_time=0:00:08:24, cvg=25.00%) FS (t=0:00:00:12 (2.45%), st=2392, avg=224 ms, found=2/55)...[0m
[1;94m[*] [0mFuzzing test case #36 (55 total, 0 crashes saved[0m, state: [0;31mfinished...[0m, mode=explore, perf_score=100, weight=1, favorite=1, was_fuzzed=1, exec_us=4435, hits=0, map=73, ascii=0, run_time=0:00:08:24, cvg=25.00%) FS (t=0:00:00:12 (2.44%), st=2392, avg=224 ms, found=2/55)...[0m
[1;94m[*] [0mFuzzing test case #14 (55 total, 0 crashes saved[0m, state: [0;31mfinished...[0m, mode=explore, perf_score=100, weight=1, favorite=0, was_fuzzed=1, exec_us=4172, hits=0, map=62, ascii=0, run_time=0:00:08:25, cvg=25.00%) FS (t=0:00:00:12 (2.44%), st=2392, avg=224 ms, found=2/55)...[0m
[1;94m[*] [0mFuzzing test case #44 (55 total, 0 crashes saved[0m, state: [0;31mfinished...[0m, mode=explore, perf_score=100, weight=1, favorite=0, was_fuzzed=1, exec_us=4147, hits=0, map=85, ascii=0, run_time=0:00:08:25, cvg=25.00%) FS (t=0:00:00:12 (2.44%), st=2392, avg=224 ms, found=2/55)...[0m
[1;94m[*] [0mFuzzing test case #0 (55 total, 0 crashes saved[0m, state: [0;31mfinished...[0m, mode=explore, perf_score=100, weight=1, favorite=0, was_fuzzed=1, exec_us=4673, hits=0, map=57, ascii=0, run_time=0:00:08:26, cvg=25.00%) FS (t=0:00:00:12 (2.44%), st=2392, avg=224 ms, found=2/55)...[0m
[1;94m[*] [0mFuzzing test case #50 (55 total, 0 crashes saved[0m, state: [0;31mfinished...[0m, mode=explore, perf_score=200, weight=1, favorite=0, was_fuzzed=1, exec_us=4000, hits=0, map=82, ascii=0, run_time=0:00:08:26, cvg=25.00%) FS (t=0:00:00:12 (2.43%), st=2392, avg=224 ms, found=2/55)...[0m
[1;94m[*] [0mFuzzing test case #4 (55 total, 0 crashes saved[0m, state: [0;31mfinished...[0m, mode=explore, perf_score=100, weight=1, favorite=1, was_fuzzed=1, exec_us=4440, hits=0, map=57, ascii=0, run_time=0:00:08:27, cvg=25.00%) FS (t=0:00:00:12 (2.43%), st=2392, avg=224 ms, found=2/55)...[0m
[1;94m[*] [0mFuzzing test case #1 (55 total, 0 crashes saved[0m, state: [0;31mfinished...[0m, mode=explore, perf_score=100, weight=1, favorite=1, was_fuzzed=1, exec_us=4130, hits=0, map=62, ascii=0, run_time=0:00:08:28, cvg=25.00%) FS (t=0:00:00:12 (2.43%), st=2392, avg=224 ms, found=2/55)...[0m
[1;94m[*] [0mFuzzing test case #3 (55 total, 0 crashes saved[0m, state: [0;31mfinished...[0m, mode=explore, perf_score=100, weight=1, favorite=1, was_fuzzed=1, exec_us=4402, hits=0, map=75, ascii=0, run_time=0:00:08:28, cvg=25.00%) FS (t=0:00:00:12 (2.42%), st=2392, avg=224 ms, found=2/55)...[0m
[1;94m[*] [0mFuzzing test case #3 (55 total, 0 crashes saved[0m, state: [0;31mfinished...[0m, mode=explore, perf_score=100, weight=1, favorite=1, was_fuzzed=1, exec_us=4402, hits=0, map=75, ascii=0, run_time=0:00:08:29, cvg=25.00%) FS (t=0:00:00:12 (2.42%), st=2392, avg=224 ms, found=2/55)...[0m
[1;94m[*] [0mFuzzing test case #17 (55 total, 0 crashes saved[0m, state: [0;31mfinished...[0m, mode=explore, perf_score=100, weight=1, favorite=0, was_fuzzed=1, exec_us=4495, hits=0, map=83, ascii=0, run_time=0:00:08:30, cvg=25.00%) FS (t=0:00:00:12 (2.42%), st=2392, avg=224 ms, found=2/55)...[0m
[1;94m[*] [0mFuzzing test case #36 (55 total, 0 crashes saved[0m, state: [0;31mfinished...[0m, mode=explore, perf_score=100, weight=1, favorite=1, was_fuzzed=1, exec_us=4435, hits=0, map=73, ascii=0, run_time=0:00:08:30, cvg=25.00%) FS (t=0:00:00:12 (2.42%), st=2392, avg=224 ms, found=2/55)...[0m
[1;94m[*] [0mFuzzing test case #15 (55 total, 0 crashes saved[0m, state: [0;31mfinished...[0m, mode=explore, perf_score=100, weight=1, favorite=1, was_fuzzed=1, exec_us=4441, hits=0, map=65, ascii=0, run_time=0:00:08:31, cvg=25.00%) FS (t=0:00:00:12 (2.41%), st=2392, avg=224 ms, found=2/55)...[0m
[1;94m[*] [0mFuzzing test case #3 (55 total, 0 crashes saved[0m, state: [0;31mfinished...[0m, mode=explore, perf_score=100, weight=1, favorite=1, was_fuzzed=1, exec_us=4402, hits=0, map=75, ascii=0, run_time=0:00:08:31, cvg=25.00%) FS (t=0:00:00:12 (2.41%), st=2392, avg=224 ms, found=2/55)...[0m
[1;94m[*] [0mFuzzing test case #1 (55 total, 0 crashes saved[0m, state: [0;31mfinished...[0m, mode=explore, perf_score=100, weight=1, favorite=1, was_fuzzed=1, exec_us=4130, hits=0, map=62, ascii=0, run_time=0:00:08:31, cvg=25.00%) FS (t=0:00:00:12 (2.41%), st=2392, avg=224 ms, found=2/55)...[0m
[1;94m[*] [0mFuzzing test case #36 (55 total, 0 crashes saved[0m, state: [0;31mfinished...[0m, mode=explore, perf_score=100, weight=1, favorite=1, was_fuzzed=1, exec_us=4435, hits=0, map=73, ascii=0, run_time=0:00:08:32, cvg=25.00%) FS (t=0:00:00:12 (2.41%), st=2392, avg=224 ms, found=2/55)...[0m
[1;94m[*] [0mFuzzing test case #3 (55 total, 0 crashes saved[0m, state: [0;31mfinished...[0m, mode=explore, perf_score=100, weight=1, favorite=1, was_fuzzed=1, exec_us=4402, hits=0, map=75, ascii=0, run_time=0:00:08:33, cvg=25.00%) FS (t=0:00:00:12 (2.40%), st=2392, avg=224 ms, found=2/55)...[0m
[1;94m[*] [0mFuzzing test case #54 (55 total, 0 crashes saved[0m, state: [0;31mfinished...[0m, mode=explore, perf_score=800, weight=4, favorite=0, was_fuzzed=1, exec_us=4225, hits=0, map=83, ascii=0, run_time=0:00:08:33, cvg=25.00%) FS (t=0:00:00:12 (2.40%), st=2392, avg=224 ms, found=2/55)...[0m
[1;94m[*] [0mFuzzing test case #48 (55 total, 0 crashes saved[0m, state: [0;31mfinished...[0m, mode=explore, perf_score=200, weight=1, favorite=0, was_fuzzed=1, exec_us=2859, hits=0, map=57, ascii=0, run_time=0:00:08:37, cvg=25.00%) FS (t=0:00:00:12 (2.38%), st=2392, avg=224 ms, found=2/55)...[0m
[1;94m[*] [0mFuzzing test case #15 (55 total, 0 crashes saved[0m, state: [0;31mfinished...[0m, mode=explore, perf_score=100, weight=1, favorite=1, was_fuzzed=1, exec_us=4441, hits=0, map=65, ascii=0, run_time=0:00:08:38, cvg=25.00%) FS (t=0:00:00:12 (2.38%), st=2392, avg=224 ms, found=2/55)...[0m
[1;94m[*] [0mFuzzing test case #1 (55 total, 0 crashes saved[0m, state: [0;31mfinished...[0m, mode=explore, perf_score=100, weight=1, favorite=1, was_fuzzed=1, exec_us=4130, hits=0, map=62, ascii=0, run_time=0:00:08:39, cvg=25.00%) FS (t=0:00:00:12 (2.38%), st=2392, avg=224 ms, found=2/55)...[0m
[1;94m[*] [0mFuzzing test case #21 (55 total, 0 crashes saved[0m, state: [0;31mfinished...[0m, mode=explore, perf_score=100, weight=1, favorite=0, was_fuzzed=1, exec_us=4293, hits=0, map=62, ascii=0, run_time=0:00:08:39, cvg=25.00%) FS (t=0:00:00:12 (2.37%), st=2392, avg=224 ms, found=2/55)...[0m
[1;94m[*] [0mFuzzing test case #23 (55 total, 0 crashes saved[0m, state: [0;31mfinished...[0m, mode=explore, perf_score=100, weight=1, favorite=0, was_fuzzed=1, exec_us=4964, hits=0, map=85, ascii=0, run_time=0:00:08:40, cvg=25.00%) FS (t=0:00:00:12 (2.37%), st=2392, avg=224 ms, found=2/55)...[0m
[1;94m[*] [0mFuzzing test case #4 (55 total, 0 crashes saved[0m, state: [0;31mfinished...[0m, mode=explore, perf_score=100, weight=1, favorite=1, was_fuzzed=1, exec_us=4440, hits=0, map=57, ascii=0, run_time=0:00:08:40, cvg=25.00%) FS (t=0:00:00:12 (2.37%), st=2392, avg=224 ms, found=2/55)...[0m
[1;94m[*] [0mFuzzing test case #36 (55 total, 0 crashes saved[0m, state: [0;31mfinished...[0m, mode=explore, perf_score=100, weight=1, favorite=1, was_fuzzed=1, exec_us=4435, hits=0, map=73, ascii=0, run_time=0:00:08:40, cvg=25.00%) FS (t=0:00:00:12 (2.37%), st=2392, avg=224 ms, found=2/55)...[0m
[1;94m[*] [0mFuzzing test case #1 (55 total, 0 crashes saved[0m, state: [0;31mfinished...[0m, mode=explore, perf_score=100, weight=1, favorite=1, was_fuzzed=1, exec_us=4130, hits=0, map=62, ascii=0, run_time=0:00:08:41, cvg=25.00%) FS (t=0:00:00:12 (2.37%), st=2392, avg=224 ms, found=2/55)...[0m
[1;94m[*] [0mFuzzing test case #30 (55 total, 0 crashes saved[0m, state: [0;31mfinished...[0m, mode=explore, perf_score=100, weight=1, favorite=0, was_fuzzed=1, exec_us=4521, hits=0, map=82, ascii=0, run_time=0:00:08:41, cvg=25.00%) FS (t=0:00:00:12 (2.36%), st=2392, avg=224 ms, found=2/55)...[0m
[1;94m[*] [0mFuzzing test case #45 (55 total, 0 crashes saved[0m, state: [0;31mfinished...[0m, mode=explore, perf_score=100, weight=1, favorite=0, was_fuzzed=1, exec_us=4064, hits=0, map=82, ascii=0, run_time=0:00:08:42, cvg=25.00%) FS (t=0:00:00:12 (2.36%), st=2392, avg=224 ms, found=2/55)...[0m
[1;94m[*] [0mFuzzing test case #20 (55 total, 0 crashes saved[0m, state: [0;31mfinished...[0m, mode=explore, perf_score=100, weight=1, favorite=0, was_fuzzed=1, exec_us=4596, hits=0, map=83, ascii=0, run_time=0:00:08:42, cvg=25.00%) FS (t=0:00:00:12 (2.36%), st=2392, avg=224 ms, found=2/55)...[0m
[1;94m[*] [0mFuzzing test case #11 (55 total, 0 crashes saved[0m, state: [0;31mfinished...[0m, mode=explore, perf_score=100, weight=1, favorite=0, was_fuzzed=1, exec_us=5057, hits=0, map=83, ascii=0, run_time=0:00:08:42, cvg=25.00%) FS (t=0:00:00:12 (2.36%), st=2392, avg=224 ms, found=2/55)...[0m
[1;94m[*] [0mFuzzing test case #18 (55 total, 0 crashes saved[0m, state: [0;31mfinished...[0m, mode=explore, perf_score=100, weight=1, favorite=0, was_fuzzed=1, exec_us=4465, hits=0, map=82, ascii=0, run_time=0:00:08:43, cvg=25.00%) FS (t=0:00:00:12 (2.36%), st=2392, avg=224 ms, found=2/55)...[0m
[1;94m[*] [0mFuzzing test case #4 (55 total, 0 crashes saved[0m, state: [0;31mfinished...[0m, mode=explore, perf_score=100, weight=1, favorite=1, was_fuzzed=1, exec_us=4440, hits=0, map=57, ascii=0, run_time=0:00:08:44, cvg=25.00%) FS (t=0:00:00:12 (2.35%), st=2392, avg=224 ms, found=2/55)...[0m
[1;94m[*] [0mFuzzing test case #1 (55 total, 0 crashes saved[0m, state: [0;31mfinished...[0m, mode=explore, perf_score=100, weight=1, favorite=1, was_fuzzed=1, exec_us=4130, hits=0, map=62, ascii=0, run_time=0:00:08:44, cvg=25.00%) FS (t=0:00:00:12 (2.35%), st=2392, avg=224 ms, found=2/55)...[0m
[1;94m[*] [0mFuzzing test case #1 (55 total, 0 crashes saved[0m, state: [0;31mfinished...[0m, mode=explore, perf_score=100, weight=1, favorite=1, was_fuzzed=1, exec_us=4130, hits=0, map=62, ascii=0, run_time=0:00:08:44, cvg=25.00%) FS (t=0:00:00:12 (2.35%), st=2392, avg=224 ms, found=2/55)...[0m
[1;94m[*] [0mFuzzing test case #36 (55 total, 0 crashes saved[0m, state: [0;31mfinished...[0m, mode=explore, perf_score=100, weight=1, favorite=1, was_fuzzed=1, exec_us=4435, hits=0, map=73, ascii=0, run_time=0:00:08:45, cvg=25.00%) FS (t=0:00:00:12 (2.35%), st=2392, avg=224 ms, found=2/55)...[0m
[1;94m[*] [0mFuzzing test case #4 (55 total, 0 crashes saved[0m, state: [0;31mfinished...[0m, mode=explore, perf_score=100, weight=1, favorite=1, was_fuzzed=1, exec_us=4440, hits=0, map=57, ascii=0, run_time=0:00:08:45, cvg=25.00%) FS (t=0:00:00:12 (2.35%), st=2392, avg=224 ms, found=2/55)...[0m
[1;94m[*] [0mEntering queue cycle 9
[0m
[1;94m[*] [0mFuzzing test case #51 (55 total, 0 crashes saved[0m, state: [0;31mfinished...[0m, mode=explore, perf_score=100, weight=1, favorite=0, was_fuzzed=1, exec_us=3746, hits=0, map=78, ascii=0, run_time=0:00:08:46, cvg=25.00%) FS (t=0:00:00:12 (2.34%), st=2392, avg=224 ms, found=2/55)...[0m
[1;94m[*] [0mFuzzing test case #21 (55 total, 0 crashes saved[0m, state: [0;31mfinished...[0m, mode=explore, perf_score=100, weight=1, favorite=0, was_fuzzed=1, exec_us=4293, hits=0, map=62, ascii=0, run_time=0:00:08:46, cvg=25.00%) FS (t=0:00:00:12 (2.34%), st=2392, avg=224 ms, found=2/55)...[0m
[1;94m[*] [0mFuzzing test case #4 (55 total, 0 crashes saved[0m, state: [0;31mfinished...[0m, mode=explore, perf_score=100, weight=1, favorite=1, was_fuzzed=1, exec_us=4440, hits=0, map=57, ascii=0, run_time=0:00:08:47, cvg=25.00%) FS (t=0:00:00:12 (2.34%), st=2392, avg=224 ms, found=2/55)...[0m
[1;94m[*] [0mFuzzing test case #0 (55 total, 0 crashes saved[0m, state: [0;31mfinished...[0m, mode=explore, perf_score=100, weight=1, favorite=0, was_fuzzed=1, exec_us=4673, hits=0, map=57, ascii=0, run_time=0:00:08:47, cvg=25.00%) FS (t=0:00:00:12 (2.34%), st=2392, avg=224 ms, found=2/55)...[0m
[1;94m[*] [0mFuzzing test case #2 (55 total, 0 crashes saved[0m, state: [0;31mfinished...[0m, mode=explore, perf_score=100, weight=1, favorite=0, was_fuzzed=1, exec_us=5035, hits=0, map=68, ascii=0, run_time=0:00:08:48, cvg=25.00%) FS (t=0:00:00:12 (2.34%), st=2392, avg=224 ms, found=2/55)...[0m
[1;94m[*] [0mFuzzing test case #15 (55 total, 0 crashes saved[0m, state: [0;31mfinished...[0m, mode=explore, perf_score=100, weight=1, favorite=1, was_fuzzed=1, exec_us=4441, hits=0, map=65, ascii=0, run_time=0:00:08:49, cvg=25.00%) FS (t=0:00:00:12 (2.33%), st=2392, avg=224 ms, found=2/55)...[0m
[1;94m[*] [0mFuzzing test case #8 (55 total, 0 crashes saved[0m, state: [0;31mfinished...[0m, mode=explore, perf_score=100, weight=1, favorite=0, was_fuzzed=1, exec_us=4262, hits=0, map=62, ascii=0, run_time=0:00:08:49, cvg=25.00%) FS (t=0:00:00:12 (2.33%), st=2392, avg=224 ms, found=2/55)...[0m
[1;94m[*] [0mFuzzing test case #36 (55 total, 0 crashes saved[0m, state: [0;31mfinished...[0m, mode=explore, perf_score=100, weight=1, favorite=1, was_fuzzed=1, exec_us=4435, hits=0, map=73, ascii=0, run_time=0:00:08:49, cvg=25.00%) FS (t=0:00:00:12 (2.33%), st=2392, avg=224 ms, found=2/55)...[0m
[1;94m[*] [0mFuzzing test case #36 (55 total, 0 crashes saved[0m, state: [0;31mfinished...[0m, mode=explore, perf_score=100, weight=1, favorite=1, was_fuzzed=1, exec_us=4435, hits=0, map=73, ascii=0, run_time=0:00:08:50, cvg=25.00%) FS (t=0:00:00:12 (2.33%), st=2392, avg=224 ms, found=2/55)...[0m
[1;94m[*] [0mFuzzing test case #15 (55 total, 0 crashes saved[0m, state: [0;31mfinished...[0m, mode=explore, perf_score=100, weight=1, favorite=1, was_fuzzed=1, exec_us=4441, hits=0, map=65, ascii=0, run_time=0:00:08:50, cvg=25.00%) FS (t=0:00:00:12 (2.33%), st=2392, avg=224 ms, found=2/55)...[0m
[1;94m[*] [0mFuzzing test case #48 (55 total, 0 crashes saved[0m, state: [0;31mfinished...[0m, mode=explore, perf_score=200, weight=1, favorite=0, was_fuzzed=1, exec_us=2859, hits=0, map=57, ascii=0, run_time=0:00:08:50, cvg=25.00%) FS (t=0:00:00:12 (2.32%), st=2392, avg=224 ms, found=2/55)...[0m
[1;94m[*] [0mFuzzing test case #1 (55 total, 0 crashes saved[0m, state: [0;31mfinished...[0m, mode=explore, perf_score=100, weight=1, favorite=1, was_fuzzed=1, exec_us=4130, hits=0, map=62, ascii=0, run_time=0:00:08:51, cvg=25.00%) FS (t=0:00:00:12 (2.32%), st=2392, avg=224 ms, found=2/55)...[0m
[1;94m[*] [0mFuzzing test case #4 (55 total, 0 crashes saved[0m, state: [0;31mfinished...[0m, mode=explore, perf_score=100, weight=1, favorite=1, was_fuzzed=1, exec_us=4440, hits=0, map=57, ascii=0, run_time=0:00:08:52, cvg=25.00%) FS (t=0:00:00:12 (2.32%), st=2392, avg=224 ms, found=2/55)...[0m
[1;94m[*] [0mFuzzing test case #32 (55 total, 0 crashes saved[0m, state: [0;31mfinished...[0m, mode=explore, perf_score=100, weight=1, favorite=0, was_fuzzed=1, exec_us=4702, hits=0, map=82, ascii=0, run_time=0:00:08:52, cvg=25.00%) FS (t=0:00:00:12 (2.31%), st=2392, avg=224 ms, found=2/55)...[0m
[1;94m[*] [0mFuzzing test case #34 (55 total, 0 crashes saved[0m, state: [0;31mfinished...[0m, mode=explore, perf_score=50, weight=1, favorite=0, was_fuzzed=1, exec_us=19489, hits=0, map=73, ascii=0, run_time=0:00:08:53, cvg=25.00%) FS (t=0:00:00:12 (2.31%), st=2392, avg=224 ms, found=2/55)...[0m
[1;94m[*] [0mFuzzing test case #38 (55 total, 0 crashes saved[0m, state: [0;31mfinished...[0m, mode=explore, perf_score=100, weight=1, favorite=0, was_fuzzed=1, exec_us=4729, hits=0, map=68, ascii=0, run_time=0:00:08:54, cvg=25.00%) FS (t=0:00:00:12 (2.31%), st=2392, avg=224 ms, found=2/55)...[0m
[1;94m[*] [0mFuzzing test case #25 (55 total, 0 crashes saved[0m, state: [0;31mfinished...[0m, mode=explore, perf_score=100, weight=1, favorite=0, was_fuzzed=1, exec_us=4402, hits=0, map=85, ascii=0, run_time=0:00:08:54, cvg=25.00%) FS (t=0:00:00:12 (2.31%), st=2392, avg=224 ms, found=2/55)...[0m
[1;94m[*] [0mFuzzing test case #36 (55 total, 0 crashes saved[0m, state: [0;31mfinished...[0m, mode=explore, perf_score=100, weight=1, favorite=1, was_fuzzed=1, exec_us=4435, hits=0, map=73, ascii=0, run_time=0:00:08:54, cvg=25.00%) FS (t=0:00:00:12 (2.31%), st=2392, avg=224 ms, found=2/55)...[0m
[1;94m[*] [0mFuzzing test case #51 (55 total, 0 crashes saved[0m, state: [0;31mfinished...[0m, mode=explore, perf_score=100, weight=1, favorite=0, was_fuzzed=1, exec_us=3746, hits=0, map=78, ascii=0, run_time=0:00:08:55, cvg=25.00%) FS (t=0:00:00:12 (2.30%), st=2392, avg=224 ms, found=2/55)...[0m
[1;94m[*] [0mFuzzing test case #36 (55 total, 0 crashes saved[0m, state: [0;31mfinished...[0m, mode=explore, perf_score=100, weight=1, favorite=1, was_fuzzed=1, exec_us=4435, hits=0, map=73, ascii=0, run_time=0:00:08:56, cvg=25.00%) FS (t=0:00:00:12 (2.30%), st=2392, avg=224 ms, found=2/55)...[0m
[1;94m[*] [0mFuzzing test case #1 (55 total, 0 crashes saved[0m, state: [0;31mfinished...[0m, mode=explore, perf_score=100, weight=1, favorite=1, was_fuzzed=1, exec_us=4130, hits=0, map=62, ascii=0, run_time=0:00:08:56, cvg=25.00%) FS (t=0:00:00:12 (2.30%), st=2392, avg=224 ms, found=2/55)...[0m
[1;94m[*] [0mFuzzing test case #4 (55 total, 0 crashes saved[0m, state: [0;31mfinished...[0m, mode=explore, perf_score=100, weight=1, favorite=1, was_fuzzed=1, exec_us=4440, hits=0, map=57, ascii=0, run_time=0:00:08:56, cvg=25.00%) FS (t=0:00:00:12 (2.30%), st=2392, avg=224 ms, found=2/55)...[0m
[1;94m[*] [0mFuzzing test case #3 (55 total, 0 crashes saved[0m, state: [0;31mfinished...[0m, mode=explore, perf_score=100, weight=1, favorite=1, was_fuzzed=1, exec_us=4402, hits=0, map=75, ascii=0, run_time=0:00:08:57, cvg=25.00%) FS (t=0:00:00:12 (2.30%), st=2392, avg=224 ms, found=2/55)...[0m
[1;94m[*] [0mFuzzing test case #3 (55 total, 0 crashes saved[0m, state: [0;31mfinished...[0m, mode=explore, perf_score=100, weight=1, favorite=1, was_fuzzed=1, exec_us=4402, hits=0, map=75, ascii=0, run_time=0:00:08:57, cvg=25.00%) FS (t=0:00:00:12 (2.29%), st=2392, avg=224 ms, found=2/55)...[0m
[1;94m[*] [0mFuzzing test case #4 (55 total, 0 crashes saved[0m, state: [0;31mfinished...[0m, mode=explore, perf_score=100, weight=1, favorite=1, was_fuzzed=1, exec_us=4440, hits=0, map=57, ascii=0, run_time=0:00:08:58, cvg=25.00%) FS (t=0:00:00:12 (2.29%), st=2392, avg=224 ms, found=2/55)...[0m
[1;94m[*] [0mFuzzing test case #1 (55 total, 0 crashes saved[0m, state: [0;31mfinished...[0m, mode=explore, perf_score=100, weight=1, favorite=1, was_fuzzed=1, exec_us=4130, hits=0, map=62, ascii=0, run_time=0:00:08:58, cvg=25.00%) FS (t=0:00:00:12 (2.29%), st=2392, avg=224 ms, found=2/55)...[0m
[1;94m[*] [0mFuzzing test case #48 (55 total, 0 crashes saved[0m, state: [0;31mfinished...[0m, mode=explore, perf_score=200, weight=1, favorite=0, was_fuzzed=1, exec_us=2859, hits=0, map=57, ascii=0, run_time=0:00:08:59, cvg=25.00%) FS (t=0:00:00:12 (2.29%), st=2392, avg=224 ms, found=2/55)...[0m
[1;94m[*] [0mFuzzing test case #15 (55 total, 0 crashes saved[0m, state: [0;31mfinished...[0m, mode=explore, perf_score=100, weight=1, favorite=1, was_fuzzed=1, exec_us=4441, hits=0, map=65, ascii=0, run_time=0:00:09:00, cvg=25.00%) FS (t=0:00:00:12 (2.28%), st=2392, avg=224 ms, found=2/55)...[0m
[1;94m[*] [0mFuzzing test case #1 (55 total, 0 crashes saved[0m, state: [0;31mfinished...[0m, mode=explore, perf_score=100, weight=1, favorite=1, was_fuzzed=1, exec_us=4130, hits=0, map=62, ascii=0, run_time=0:00:09:01, cvg=25.00%) FS (t=0:00:00:12 (2.28%), st=2392, avg=224 ms, found=2/55)...[0m
[1;94m[*] [0mFuzzing test case #36 (55 total, 0 crashes saved[0m, state: [0;31mfinished...[0m, mode=explore, perf_score=100, weight=1, favorite=1, was_fuzzed=1, exec_us=4435, hits=0, map=73, ascii=0, run_time=0:00:09:02, cvg=25.00%) FS (t=0:00:00:12 (2.28%), st=2392, avg=224 ms, found=2/55)...[0m
[1;94m[*] [0mFuzzing test case #13 (55 total, 0 crashes saved[0m, state: [0;31mfinished...[0m, mode=explore, perf_score=100, weight=1, favorite=0, was_fuzzed=1, exec_us=4299, hits=0, map=76, ascii=0, run_time=0:00:09:02, cvg=25.00%) FS (t=0:00:00:12 (2.27%), st=2392, avg=224 ms, found=2/55)...[0m
[1;94m[*] [0mFuzzing test case #37 (55 total, 0 crashes saved[0m, state: [0;31mfinished...[0m, mode=explore, perf_score=100, weight=1, favorite=0, was_fuzzed=1, exec_us=4461, hits=0, map=83, ascii=0, run_time=0:00:09:03, cvg=25.00%) FS (t=0:00:00:12 (2.27%), st=2392, avg=224 ms, found=2/55)...[0m
[1;94m[*] [0mFuzzing test case #4 (55 total, 0 crashes saved[0m, state: [0;31mfinished...[0m, mode=explore, perf_score=100, weight=1, favorite=1, was_fuzzed=1, exec_us=4440, hits=0, map=57, ascii=0, run_time=0:00:09:03, cvg=25.00%) FS (t=0:00:00:12 (2.27%), st=2392, avg=224 ms, found=2/55)...[0m
[1;94m[*] [0mFuzzing test case #46 (55 total, 0 crashes saved[0m, state: [0;31mfinished...[0m, mode=explore, perf_score=100, weight=1, favorite=0, was_fuzzed=1, exec_us=3530, hits=0, map=57, ascii=0, run_time=0:00:09:04, cvg=25.00%) FS (t=0:00:00:12 (2.27%), st=2392, avg=224 ms, found=2/55)...[0m
[1;94m[*] [0mFuzzing test case #17 (55 total, 0 crashes saved[0m, state: [0;31mfinished...[0m, mode=explore, perf_score=100, weight=1, favorite=0, was_fuzzed=1, exec_us=4495, hits=0, map=83, ascii=0, run_time=0:00:09:04, cvg=25.00%) FS (t=0:00:00:12 (2.26%), st=2392, avg=224 ms, found=2/55)...[0m
[1;94m[*] [0mFuzzing test case #54 (55 total, 0 crashes saved[0m, state: [0;31mfinished...[0m, mode=explore, perf_score=800, weight=4, favorite=0, was_fuzzed=1, exec_us=4225, hits=0, map=83, ascii=0, run_time=0:00:09:05, cvg=25.00%) FS (t=0:00:00:12 (2.26%), st=2392, avg=224 ms, found=2/55)...[0m
[1;94m[*] [0mFuzzing test case #36 (55 total, 0 crashes saved[0m, state: [0;31mfinished...[0m, mode=explore, perf_score=100, weight=1, favorite=1, was_fuzzed=1, exec_us=4435, hits=0, map=73, ascii=0, run_time=0:00:09:11, cvg=25.00%) FS (t=0:00:00:12 (2.24%), st=2392, avg=224 ms, found=2/55)...[0m
[1;94m[*] [0mFuzzing test case #30 (55 total, 0 crashes saved[0m, state: [0;31mfinished...[0m, mode=explore, perf_score=100, weight=1, favorite=0, was_fuzzed=1, exec_us=4521, hits=0, map=82, ascii=0, run_time=0:00:09:11, cvg=25.00%) FS (t=0:00:00:12 (2.24%), st=2392, avg=224 ms, found=2/55)...[0m
[1;94m[*] [0mFuzzing test case #36 (55 total, 0 crashes saved[0m, state: [0;31mfinished...[0m, mode=explore, perf_score=100, weight=1, favorite=1, was_fuzzed=1, exec_us=4435, hits=0, map=73, ascii=0, run_time=0:00:09:12, cvg=25.00%) FS (t=0:00:00:12 (2.23%), st=2392, avg=224 ms, found=2/55)...[0m
[1;94m[*] [0mFuzzing test case #3 (55 total, 0 crashes saved[0m, state: [0;31mfinished...[0m, mode=explore, perf_score=100, weight=1, favorite=1, was_fuzzed=1, exec_us=4402, hits=0, map=75, ascii=0, run_time=0:00:09:12, cvg=25.00%) FS (t=0:00:00:12 (2.23%), st=2392, avg=224 ms, found=2/55)...[0m
[1;94m[*] [0mFuzzing test case #0 (55 total, 0 crashes saved[0m, state: [0;31mfinished...[0m, mode=explore, perf_score=100, weight=1, favorite=0, was_fuzzed=1, exec_us=4673, hits=0, map=57, ascii=0, run_time=0:00:09:13, cvg=25.00%) FS (t=0:00:00:12 (2.23%), st=2392, avg=224 ms, found=2/55)...[0m
[1;94m[*] [0mFuzzing test case #36 (55 total, 0 crashes saved[0m, state: [0;31mfinished...[0m, mode=explore, perf_score=100, weight=1, favorite=1, was_fuzzed=1, exec_us=4435, hits=0, map=73, ascii=0, run_time=0:00:09:14, cvg=25.00%) FS (t=0:00:00:12 (2.23%), st=2392, avg=224 ms, found=2/55)...[0m
[1;94m[*] [0mFuzzing test case #52 (55 total, 0 crashes saved[0m, state: [0;31mfinished...[0m, mode=explore, perf_score=100, weight=1, favorite=0, was_fuzzed=1, exec_us=3001, hits=0, map=85, ascii=0, run_time=0:00:09:14, cvg=25.00%) FS (t=0:00:00:12 (2.22%), st=2392, avg=224 ms, found=2/55)...[0m
[1;94m[*] [0mFuzzing test case #43 (56 total, 0 crashes saved[0m, state: [0;31mfinished...[0m, mode=explore, perf_score=100, weight=1, favorite=0, was_fuzzed=1, exec_us=3665, hits=0, map=83, ascii=0, run_time=0:00:09:15, cvg=25.00%) FS (t=0:00:00:12 (2.22%), st=2392, avg=224 ms, found=2/55)...[0m
[1;94m[*] [0mFuzzing test case #55 (56 total, 0 crashes saved[0m, state: [0;31mfinished...[0m, mode=explore, perf_score=800, weight=4, favorite=0, was_fuzzed=0, exec_us=3910, hits=0, map=98, ascii=0, run_time=0:00:09:15, cvg=25.00%) FS (t=0:00:00:12 (2.22%), st=2392, avg=224 ms, found=2/55)...[0m
[1;94m[*] [0mFuzzing test case #52 (57 total, 0 crashes saved[0m, state: [0;31mfinished...[0m, mode=explore, perf_score=100, weight=1, favorite=0, was_fuzzed=1, exec_us=3001, hits=0, map=85, ascii=0, run_time=0:00:09:27, cvg=25.00%) FS (t=0:00:00:14 (2.53%), st=2684, avg=256 ms, found=2/56)...[0m
[1;94m[*] [0mFuzzing test case #56 (57 total, 0 crashes saved[0m, state: [0;31mfinished...[0m, mode=explore, perf_score=800, weight=4, favorite=0, was_fuzzed=0, exec_us=3755, hits=0, map=98, ascii=0, run_time=0:00:09:28, cvg=25.00%) FS (t=0:00:00:14 (2.52%), st=2684, avg=256 ms, found=2/56)...[0m
[1;94m[*] [0mFuzzing test case #14 (57 total, 0 crashes saved[0m, state: [0;31mfinished...[0m, mode=explore, perf_score=100, weight=1, favorite=0, was_fuzzed=1, exec_us=4172, hits=0, map=62, ascii=0, run_time=0:00:09:34, cvg=25.00%) FS (t=0:00:00:16 (2.84%), st=3013, avg=286 ms, found=2/57)...[0m
[1;94m[*] [0mFuzzing test case #56 (57 total, 0 crashes saved[0m, state: [0;31mfinished...[0m, mode=explore, perf_score=800, weight=4, favorite=0, was_fuzzed=1, exec_us=3755, hits=0, map=98, ascii=0, run_time=0:00:09:35, cvg=25.00%) FS (t=0:00:00:16 (2.84%), st=3013, avg=286 ms, found=2/57)...[0m
[1;94m[*] [0mFuzzing test case #3 (57 total, 0 crashes saved[0m, state: [0;31mfinished...[0m, mode=explore, perf_score=100, weight=1, favorite=1, was_fuzzed=1, exec_us=4402, hits=0, map=75, ascii=0, run_time=0:00:09:39, cvg=25.00%) FS (t=0:00:00:16 (2.82%), st=3013, avg=286 ms, found=2/57)...[0m
[1;94m[*] [0mFuzzing test case #39 (57 total, 0 crashes saved[0m, state: [0;31mfinished...[0m, mode=explore, perf_score=100, weight=1, favorite=0, was_fuzzed=1, exec_us=5207, hits=0, map=78, ascii=0, run_time=0:00:09:39, cvg=25.00%) FS (t=0:00:00:16 (2.82%), st=3013, avg=286 ms, found=2/57)...[0m
[1;94m[*] [0mFuzzing test case #48 (57 total, 0 crashes saved[0m, state: [0;31mfinished...[0m, mode=explore, perf_score=200, weight=1, favorite=0, was_fuzzed=1, exec_us=2859, hits=0, map=57, ascii=0, run_time=0:00:09:40, cvg=25.00%) FS (t=0:00:00:16 (2.81%), st=3013, avg=286 ms, found=2/57)...[0m
[1;94m[*] [0mFuzzing test case #36 (57 total, 0 crashes saved[0m, state: [0;31mfinished...[0m, mode=explore, perf_score=100, weight=1, favorite=1, was_fuzzed=1, exec_us=4435, hits=0, map=73, ascii=0, run_time=0:00:09:41, cvg=25.00%) FS (t=0:00:00:16 (2.81%), st=3013, avg=286 ms, found=2/57)...[0m
[1;94m[*] [0mFuzzing test case #4 (57 total, 0 crashes saved[0m, state: [0;31mfinished...[0m, mode=explore, perf_score=100, weight=1, favorite=1, was_fuzzed=1, exec_us=4440, hits=0, map=57, ascii=0, run_time=0:00:09:41, cvg=25.00%) FS (t=0:00:00:16 (2.81%), st=3013, avg=286 ms, found=2/57)...[0m
[1;94m[*] [0mFuzzing test case #36 (57 total, 0 crashes saved[0m, state: [0;31mfinished...[0m, mode=explore, perf_score=100, weight=1, favorite=1, was_fuzzed=1, exec_us=4435, hits=0, map=73, ascii=0, run_time=0:00:09:42, cvg=25.00%) FS (t=0:00:00:16 (2.80%), st=3013, avg=286 ms, found=2/57)...[0m
[1;94m[*] [0mFuzzing test case #3 (57 total, 0 crashes saved[0m, state: [0;31mfinished...[0m, mode=explore, perf_score=100, weight=1, favorite=1, was_fuzzed=1, exec_us=4402, hits=0, map=75, ascii=0, run_time=0:00:09:43, cvg=25.00%) FS (t=0:00:00:16 (2.80%), st=3013, avg=286 ms, found=2/57)...[0m
[1;94m[*] [0mFuzzing test case #3 (57 total, 0 crashes saved[0m, state: [0;31mfinished...[0m, mode=explore, perf_score=100, weight=1, favorite=1, was_fuzzed=1, exec_us=4402, hits=0, map=75, ascii=0, run_time=0:00:09:43, cvg=25.00%) FS (t=0:00:00:16 (2.80%), st=3013, avg=286 ms, found=2/57)...[0m
[1;94m[*] [0mFuzzing test case #47 (57 total, 0 crashes saved[0m, state: [0;31mfinished...[0m, mode=explore, perf_score=100, weight=1, favorite=0, was_fuzzed=1, exec_us=4601, hits=0, map=83, ascii=0, run_time=0:00:09:44, cvg=25.00%) FS (t=0:00:00:16 (2.80%), st=3013, avg=286 ms, found=2/57)...[0m
[1;94m[*] [0mFuzzing test case #4 (57 total, 0 crashes saved[0m, state: [0;31mfinished...[0m, mode=explore, perf_score=100, weight=1, favorite=1, was_fuzzed=1, exec_us=4440, hits=0, map=57, ascii=0, run_time=0:00:09:44, cvg=25.00%) FS (t=0:00:00:16 (2.80%), st=3013, avg=286 ms, found=2/57)...[0m
[1;94m[*] [0mEntering queue cycle 10
[0m
[1;94m[*] [0mFuzzing test case #36 (57 total, 0 crashes saved[0m, state: [0;31mfinished...[0m, mode=explore, perf_score=100, weight=1, favorite=1, was_fuzzed=1, exec_us=4435, hits=0, map=73, ascii=0, run_time=0:00:09:44, cvg=25.00%) FS (t=0:00:00:16 (2.79%), st=3013, avg=286 ms, found=2/57)...[0m
[1;94m[*] [0mFuzzing test case #2 (57 total, 0 crashes saved[0m, state: [0;31mfinished...[0m, mode=explore, perf_score=100, weight=1, favorite=0, was_fuzzed=1, exec_us=5035, hits=0, map=68, ascii=0, run_time=0:00:09:45, cvg=25.00%) FS (t=0:00:00:16 (2.79%), st=3013, avg=286 ms, found=2/57)...[0m
[1;94m[*] [0mFuzzing test case #1 (57 total, 0 crashes saved[0m, state: [0;31mfinished...[0m, mode=explore, perf_score=100, weight=1, favorite=1, was_fuzzed=1, exec_us=4130, hits=0, map=62, ascii=0, run_time=0:00:09:45, cvg=25.00%) FS (t=0:00:00:16 (2.79%), st=3013, avg=286 ms, found=2/57)...[0m
[1;94m[*] [0mFuzzing test case #15 (57 total, 0 crashes saved[0m, state: [0;31mfinished...[0m, mode=explore, perf_score=100, weight=1, favorite=1, was_fuzzed=1, exec_us=4441, hits=0, map=65, ascii=0, run_time=0:00:09:46, cvg=25.00%) FS (t=0:00:00:16 (2.79%), st=3013, avg=286 ms, found=2/57)...[0m
[1;94m[*] [0mFuzzing test case #38 (57 total, 0 crashes saved[0m, state: [0;31mfinished...[0m, mode=explore, perf_score=100, weight=1, favorite=0, was_fuzzed=1, exec_us=4729, hits=0, map=68, ascii=0, run_time=0:00:09:47, cvg=25.00%) FS (t=0:00:00:16 (2.78%), st=3013, avg=286 ms, found=2/57)...[0m
[1;94m[*] [0mFuzzing test case #24 (57 total, 0 crashes saved[0m, state: [0;31mfinished...[0m, mode=explore, perf_score=100, weight=1, favorite=0, was_fuzzed=1, exec_us=5061, hits=0, map=73, ascii=0, run_time=0:00:09:47, cvg=25.00%) FS (t=0:00:00:16 (2.78%), st=3013, avg=286 ms, found=2/57)...[0m
[1;94m[*] [0mFuzzing test case #1 (57 total, 0 crashes saved[0m, state: [0;31mfinished...[0m, mode=explore, perf_score=100, weight=1, favorite=1, was_fuzzed=1, exec_us=4130, hits=0, map=62, ascii=0, run_time=0:00:09:48, cvg=25.00%) FS (t=0:00:00:16 (2.78%), st=3013, avg=286 ms, found=2/57)...[0m
[1;94m[*] [0mFuzzing test case #27 (57 total, 0 crashes saved[0m, state: [0;31mfinished...[0m, mode=explore, perf_score=100, weight=1, favorite=0, was_fuzzed=1, exec_us=4322, hits=0, map=62, ascii=0, run_time=0:00:09:48, cvg=25.00%) FS (t=0:00:00:16 (2.78%), st=3013, avg=286 ms, found=2/57)...[0m
[1;94m[*] [0mFuzzing test case #1 (57 total, 0 crashes saved[0m, state: [0;31mfinished...[0m, mode=explore, perf_score=100, weight=1, favorite=1, was_fuzzed=1, exec_us=4130, hits=0, map=62, ascii=0, run_time=0:00:09:49, cvg=25.00%) FS (t=0:00:00:16 (2.77%), st=3013, avg=286 ms, found=2/57)...[0m
[1;94m[*] [0mFuzzing test case #45 (57 total, 0 crashes saved[0m, state: [0;31mfinished...[0m, mode=explore, perf_score=100, weight=1, favorite=0, was_fuzzed=1, exec_us=4064, hits=0, map=82, ascii=0, run_time=0:00:09:49, cvg=25.00%) FS (t=0:00:00:16 (2.77%), st=3013, avg=286 ms, found=2/57)...[0m
[1;94m[*] [0mFuzzing test case #3 (57 total, 0 crashes saved[0m, state: [0;31mfinished...[0m, mode=explore, perf_score=100, weight=1, favorite=1, was_fuzzed=1, exec_us=4402, hits=0, map=75, ascii=0, run_time=0:00:09:50, cvg=25.00%) FS (t=0:00:00:16 (2.77%), st=3013, avg=286 ms, found=2/57)...[0m
[1;94m[*] [0mFuzzing test case #1 (57 total, 0 crashes saved[0m, state: [0;31mfinished...[0m, mode=explore, perf_score=100, weight=1, favorite=1, was_fuzzed=1, exec_us=4130, hits=0, map=62, ascii=0, run_time=0:00:09:50, cvg=25.00%) FS (t=0:00:00:16 (2.77%), st=3013, avg=286 ms, found=2/57)...[0m
[1;94m[*] [0mFuzzing test case #1 (57 total, 0 crashes saved[0m, state: [0;31mfinished...[0m, mode=explore, perf_score=100, weight=1, favorite=1, was_fuzzed=1, exec_us=4130, hits=0, map=62, ascii=0, run_time=0:00:09:51, cvg=25.00%) FS (t=0:00:00:16 (2.76%), st=3013, avg=286 ms, found=2/57)...[0m
[1;94m[*] [0mFuzzing test case #47 (57 total, 0 crashes saved[0m, state: [0;31mfinished...[0m, mode=explore, perf_score=100, weight=1, favorite=0, was_fuzzed=1, exec_us=4601, hits=0, map=83, ascii=0, run_time=0:00:09:51, cvg=25.00%) FS (t=0:00:00:16 (2.76%), st=3013, avg=286 ms, found=2/57)...[0m
[1;94m[*] [0mFuzzing test case #1 (57 total, 0 crashes saved[0m, state: [0;31mfinished...[0m, mode=explore, perf_score=100, weight=1, favorite=1, was_fuzzed=1, exec_us=4130, hits=0, map=62, ascii=0, run_time=0:00:09:51, cvg=25.00%) FS (t=0:00:00:16 (2.76%), st=3013, avg=286 ms, found=2/57)...[0m
[1;94m[*] [0mFuzzing test case #4 (57 total, 0 crashes saved[0m, state: [0;31mfinished...[0m, mode=explore, perf_score=100, weight=1, favorite=1, was_fuzzed=1, exec_us=4440, hits=0, map=57, ascii=0, run_time=0:00:09:52, cvg=25.00%) FS (t=0:00:00:16 (2.76%), st=3013, avg=286 ms, found=2/57)...[0m
[1;94m[*] [0mFuzzing test case #56 (57 total, 0 crashes saved[0m, state: [0;31mfinished...[0m, mode=explore, perf_score=800, weight=4, favorite=0, was_fuzzed=1, exec_us=3755, hits=0, map=98, ascii=0, run_time=0:00:09:52, cvg=25.00%) FS (t=0:00:00:16 (2.76%), st=3013, avg=286 ms, found=2/57)...[0m
[1;94m[*] [0mFuzzing test case #36 (57 total, 0 crashes saved[0m, state: [0;31mfinished...[0m, mode=explore, perf_score=100, weight=1, favorite=1, was_fuzzed=1, exec_us=4435, hits=0, map=73, ascii=0, run_time=0:00:09:57, cvg=25.00%) FS (t=0:00:00:16 (2.74%), st=3013, avg=286 ms, found=2/57)...[0m
[1;94m[*] [0mFuzzing test case #40 (57 total, 0 crashes saved[0m, state: [0;31mfinished...[0m, mode=explore, perf_score=75, weight=1, favorite=0, was_fuzzed=1, exec_us=8627, hits=0, map=78, ascii=0, run_time=0:00:09:57, cvg=25.00%) FS (t=0:00:00:16 (2.73%), st=3013, avg=286 ms, found=2/57)...[0m
[1;94m[*] [0mFuzzing test case #1 (57 total, 0 crashes saved[0m, state: [0;31mfinished...[0m, mode=explore, perf_score=100, weight=1, favorite=1, was_fuzzed=1, exec_us=4130, hits=0, map=62, ascii=0, run_time=0:00:09:57, cvg=25.00%) FS (t=0:00:00:16 (2.73%), st=3013, avg=286 ms, found=2/57)...[0m
[1;94m[*] [0mFuzzing test case #36 (57 total, 0 crashes saved[0m, state: [0;31mfinished...[0m, mode=explore, perf_score=100, weight=1, favorite=1, was_fuzzed=1, exec_us=4435, hits=0, map=73, ascii=0, run_time=0:00:09:58, cvg=25.00%) FS (t=0:00:00:16 (2.73%), st=3013, avg=286 ms, found=2/57)...[0m
[1;94m[*] [0mFuzzing test case #36 (57 total, 0 crashes saved[0m, state: [0;31mfinished...[0m, mode=explore, perf_score=100, weight=1, favorite=1, was_fuzzed=1, exec_us=4435, hits=0, map=73, ascii=0, run_time=0:00:09:58, cvg=25.00%) FS (t=0:00:00:16 (2.73%), st=3013, avg=286 ms, found=2/57)...[0m
[1;94m[*] [0mFuzzing test case #15 (57 total, 0 crashes saved[0m, state: [0;31mfinished...[0m, mode=explore, perf_score=100, weight=1, favorite=1, was_fuzzed=1, exec_us=4441, hits=0, map=65, ascii=0, run_time=0:00:09:59, cvg=25.00%) FS (t=0:00:00:16 (2.72%), st=3013, avg=286 ms, found=2/57)...[0m
[1;94m[*] [0mFuzzing test case #36 (57 total, 0 crashes saved[0m, state: [0;31mfinished...[0m, mode=explore, perf_score=100, weight=1, favorite=1, was_fuzzed=1, exec_us=4435, hits=0, map=73, ascii=0, run_time=0:00:09:59, cvg=25.00%) FS (t=0:00:00:16 (2.72%), st=3013, avg=286 ms, found=2/57)...[0m
[1;94m[*] [0mFuzzing test case #29 (58 total, 0 crashes saved[0m, state: [0;31mfinished...[0m, mode=explore, perf_score=100, weight=1, favorite=0, was_fuzzed=1, exec_us=7845, hits=0, map=78, ascii=0, run_time=0:00:10:01, cvg=25.00%) FS (t=0:00:00:16 (2.72%), st=3013, avg=286 ms, found=2/57)...[0m
[1;94m[*] [0mFuzzing test case #4 (58 total, 0 crashes saved[0m, state: [0;31mfinished...[0m, mode=explore, perf_score=100, weight=1, favorite=1, was_fuzzed=1, exec_us=4440, hits=0, map=57, ascii=0, run_time=0:00:10:02, cvg=25.00%) FS (t=0:00:00:16 (2.71%), st=3013, avg=286 ms, found=2/57)...[0m
[1;94m[*] [0mFuzzing test case #3 (58 total, 0 crashes saved[0m, state: [0;31mfinished...[0m, mode=explore, perf_score=100, weight=1, favorite=1, was_fuzzed=1, exec_us=4402, hits=0, map=75, ascii=0, run_time=0:00:10:02, cvg=25.00%) FS (t=0:00:00:16 (2.71%), st=3013, avg=286 ms, found=2/57)...[0m
[1;94m[*] [0mFuzzing test case #36 (58 total, 0 crashes saved[0m, state: [0;31mfinished...[0m, mode=explore, perf_score=100, weight=1, favorite=1, was_fuzzed=1, exec_us=4435, hits=0, map=73, ascii=0, run_time=0:00:10:03, cvg=25.00%) FS (t=0:00:00:16 (2.71%), st=3013, avg=286 ms, found=2/57)...[0m
[1;94m[*] [0mFuzzing test case #36 (58 total, 0 crashes saved[0m, state: [0;31mfinished...[0m, mode=explore, perf_score=100, weight=1, favorite=1, was_fuzzed=1, exec_us=4435, hits=0, map=73, ascii=0, run_time=0:00:10:04, cvg=25.00%) FS (t=0:00:00:16 (2.70%), st=3013, avg=286 ms, found=2/57)...[0m
[1;94m[*] [0mFuzzing test case #50 (58 total, 0 crashes saved[0m, state: [0;31mfinished...[0m, mode=explore, perf_score=200, weight=1, favorite=0, was_fuzzed=1, exec_us=4000, hits=0, map=82, ascii=0, run_time=0:00:10:04, cvg=25.00%) FS (t=0:00:00:16 (2.70%), st=3013, avg=286 ms, found=2/57)...[0m
[1;94m[*] [0mFuzzing test case #15 (58 total, 0 crashes saved[0m, state: [0;31mfinished...[0m, mode=explore, perf_score=100, weight=1, favorite=1, was_fuzzed=1, exec_us=4441, hits=0, map=65, ascii=0, run_time=0:00:10:06, cvg=25.00%) FS (t=0:00:00:16 (2.69%), st=3013, avg=286 ms, found=2/57)...[0m
[1;94m[*] [0mFuzzing test case #42 (58 total, 0 crashes saved[0m, state: [0;31mfinished...[0m, mode=explore, perf_score=100, weight=1, favorite=0, was_fuzzed=1, exec_us=4123, hits=0, map=95, ascii=0, run_time=0:00:10:06, cvg=25.00%) FS (t=0:00:00:16 (2.69%), st=3013, avg=286 ms, found=2/57)...[0m
[1;94m[*] [0mFuzzing test case #57 (58 total, 0 crashes saved[0m, state: [0;31mfinished...[0m, mode=explore, perf_score=100, weight=4, favorite=0, was_fuzzed=0, exec_us=32183, hits=0, map=62, ascii=0, run_time=0:00:10:07, cvg=25.00%) FS (t=0:00:00:16 (2.69%), st=3013, avg=286 ms, found=2/57)...[0m
[1;94m[*] [0mFuzzing test case #57 (58 total, 0 crashes saved[0m, state: [0;31mfinished...[0m, mode=explore, perf_score=100, weight=4, favorite=0, was_fuzzed=1, exec_us=32183, hits=0, map=62, ascii=0, run_time=0:00:10:31, cvg=25.00%) FS (t=0:00:00:18 (2.91%), st=3107, avg=316 ms, found=2/58)...[0m
[1;94m[*] [0mFuzzing test case #15 (58 total, 0 crashes saved[0m, state: [0;31mfinished...[0m, mode=explore, perf_score=100, weight=1, favorite=1, was_fuzzed=1, exec_us=4441, hits=0, map=65, ascii=0, run_time=0:00:10:33, cvg=25.00%) FS (t=0:00:00:18 (2.90%), st=3107, avg=316 ms, found=2/58)...[0m
[1;94m[*] [0mFuzzing test case #14 (58 total, 0 crashes saved[0m, state: [0;31mfinished...[0m, mode=explore, perf_score=100, weight=1, favorite=0, was_fuzzed=1, exec_us=4172, hits=0, map=62, ascii=0, run_time=0:00:10:35, cvg=25.00%) FS (t=0:00:00:18 (2.89%), st=3107, avg=316 ms, found=2/58)...[0m
[1;94m[*] [0mFuzzing test case #1 (58 total, 0 crashes saved[0m, state: [0;31mfinished...[0m, mode=explore, perf_score=100, weight=1, favorite=1, was_fuzzed=1, exec_us=4130, hits=0, map=62, ascii=0, run_time=0:00:10:35, cvg=25.00%) FS (t=0:00:00:18 (2.89%), st=3107, avg=316 ms, found=2/58)...[0m
[1;94m[*] [0mFuzzing test case #4 (58 total, 0 crashes saved[0m, state: [0;31mfinished...[0m, mode=explore, perf_score=100, weight=1, favorite=1, was_fuzzed=1, exec_us=4440, hits=0, map=57, ascii=0, run_time=0:00:10:36, cvg=25.00%) FS (t=0:00:00:18 (2.88%), st=3107, avg=316 ms, found=2/58)...[0m
[1;94m[*] [0mFuzzing test case #15 (58 total, 0 crashes saved[0m, state: [0;31mfinished...[0m, mode=explore, perf_score=100, weight=1, favorite=1, was_fuzzed=1, exec_us=4441, hits=0, map=65, ascii=0, run_time=0:00:10:37, cvg=25.00%) FS (t=0:00:00:18 (2.88%), st=3107, avg=316 ms, found=2/58)...[0m
[1;94m[*] [0mFuzzing test case #4 (58 total, 0 crashes saved[0m, state: [0;31mfinished...[0m, mode=explore, perf_score=100, weight=1, favorite=1, was_fuzzed=1, exec_us=4440, hits=0, map=57, ascii=0, run_time=0:00:10:38, cvg=25.00%) FS (t=0:00:00:18 (2.88%), st=3107, avg=316 ms, found=2/58)...[0m
[1;94m[*] [0mFuzzing test case #1 (58 total, 0 crashes saved[0m, state: [0;31mfinished...[0m, mode=explore, perf_score=100, weight=1, favorite=1, was_fuzzed=1, exec_us=4130, hits=0, map=62, ascii=0, run_time=0:00:10:38, cvg=25.00%) FS (t=0:00:00:18 (2.87%), st=3107, avg=316 ms, found=2/58)...[0m
[1;94m[*] [0mFuzzing test case #4 (58 total, 0 crashes saved[0m, state: [0;31mfinished...[0m, mode=explore, perf_score=100, weight=1, favorite=1, was_fuzzed=1, exec_us=4440, hits=0, map=57, ascii=0, run_time=0:00:10:39, cvg=25.00%) FS (t=0:00:00:18 (2.87%), st=3107, avg=316 ms, found=2/58)...[0m
[1;94m[*] [0mFuzzing test case #1 (58 total, 0 crashes saved[0m, state: [0;31mfinished...[0m, mode=explore, perf_score=100, weight=1, favorite=1, was_fuzzed=1, exec_us=4130, hits=0, map=62, ascii=0, run_time=0:00:10:40, cvg=25.00%) FS (t=0:00:00:18 (2.87%), st=3107, avg=316 ms, found=2/58)...[0m
[1;94m[*] [0mFuzzing test case #46 (58 total, 0 crashes saved[0m, state: [0;31mfinished...[0m, mode=explore, perf_score=100, weight=1, favorite=0, was_fuzzed=1, exec_us=3530, hits=0, map=57, ascii=0, run_time=0:00:10:40, cvg=25.00%) FS (t=0:00:00:18 (2.87%), st=3107, avg=316 ms, found=2/58)...[0m
[1;94m[*] [0mFuzzing test case #1 (58 total, 0 crashes saved[0m, state: [0;31mfinished...[0m, mode=explore, perf_score=100, weight=1, favorite=1, was_fuzzed=1, exec_us=4130, hits=0, map=62, ascii=0, run_time=0:00:10:41, cvg=25.00%) FS (t=0:00:00:18 (2.86%), st=3107, avg=316 ms, found=2/58)...[0m
[1;94m[*] [0mFuzzing test case #1 (58 total, 0 crashes saved[0m, state: [0;31mfinished...[0m, mode=explore, perf_score=100, weight=1, favorite=1, was_fuzzed=1, exec_us=4130, hits=0, map=62, ascii=0, run_time=0:00:10:41, cvg=25.00%) FS (t=0:00:00:18 (2.86%), st=3107, avg=316 ms, found=2/58)...[0m
[1;94m[*] [0mFuzzing test case #41 (58 total, 0 crashes saved[0m, state: [0;31mfinished...[0m, mode=explore, perf_score=100, weight=1, favorite=0, was_fuzzed=1, exec_us=4811, hits=0, map=85, ascii=0, run_time=0:00:10:42, cvg=25.00%) FS (t=0:00:00:18 (2.86%), st=3107, avg=316 ms, found=2/58)...[0m
[1;94m[*] [0mFuzzing test case #21 (58 total, 0 crashes saved[0m, state: [0;31mfinished...[0m, mode=explore, perf_score=100, weight=1, favorite=0, was_fuzzed=1, exec_us=4293, hits=0, map=62, ascii=0, run_time=0:00:10:42, cvg=25.00%) FS (t=0:00:00:18 (2.86%), st=3107, avg=316 ms, found=2/58)...[0m
[1;94m[*] [0mFuzzing test case #4 (58 total, 0 crashes saved[0m, state: [0;31mfinished...[0m, mode=explore, perf_score=100, weight=1, favorite=1, was_fuzzed=1, exec_us=4440, hits=0, map=57, ascii=0, run_time=0:00:10:43, cvg=25.00%) FS (t=0:00:00:18 (2.85%), st=3107, avg=316 ms, found=2/58)...[0m
[1;94m[*] [0mFuzzing test case #3 (58 total, 0 crashes saved[0m, state: [0;31mfinished...[0m, mode=explore, perf_score=100, weight=1, favorite=1, was_fuzzed=1, exec_us=4402, hits=0, map=75, ascii=0, run_time=0:00:10:44, cvg=25.00%) FS (t=0:00:00:18 (2.85%), st=3107, avg=316 ms, found=2/58)...[0m
[1;94m[*] [0mFuzzing test case #27 (58 total, 0 crashes saved[0m, state: [0;31mfinished...[0m, mode=explore, perf_score=100, weight=1, favorite=0, was_fuzzed=1, exec_us=4322, hits=0, map=62, ascii=0, run_time=0:00:10:45, cvg=25.00%) FS (t=0:00:00:18 (2.84%), st=3107, avg=316 ms, found=2/58)...[0m
[1;94m[*] [0mFuzzing test case #54 (58 total, 0 crashes saved[0m, state: [0;31mfinished...[0m, mode=explore, perf_score=200, weight=1, favorite=0, was_fuzzed=1, exec_us=4225, hits=0, map=83, ascii=0, run_time=0:00:10:46, cvg=25.00%) FS (t=0:00:00:18 (2.84%), st=3107, avg=316 ms, found=2/58)...[0m
[1;94m[*] [0mFuzzing test case #49 (58 total, 0 crashes saved[0m, state: [0;31mfinished...[0m, mode=explore, perf_score=200, weight=1, favorite=0, was_fuzzed=1, exec_us=3121, hits=0, map=57, ascii=0, run_time=0:00:10:47, cvg=25.00%) FS (t=0:00:00:18 (2.83%), st=3107, avg=316 ms, found=2/58)...[0m
[1;94m[*] [0mFuzzing test case #4 (58 total, 0 crashes saved[0m, state: [0;31mfinished...[0m, mode=explore, perf_score=100, weight=1, favorite=1, was_fuzzed=1, exec_us=4440, hits=0, map=57, ascii=0, run_time=0:00:10:48, cvg=25.00%) FS (t=0:00:00:18 (2.83%), st=3107, avg=316 ms, found=2/58)...[0m
[1;94m[*] [0mFuzzing test case #0 (58 total, 0 crashes saved[0m, state: [0;31mfinished...[0m, mode=explore, perf_score=100, weight=1, favorite=0, was_fuzzed=1, exec_us=4673, hits=0, map=57, ascii=0, run_time=0:00:10:48, cvg=25.00%) FS (t=0:00:00:18 (2.83%), st=3107, avg=316 ms, found=2/58)...[0m
[1;94m[*] [0mFuzzing test case #47 (58 total, 0 crashes saved[0m, state: [0;31mfinished...[0m, mode=explore, perf_score=100, weight=1, favorite=0, was_fuzzed=1, exec_us=4601, hits=0, map=83, ascii=0, run_time=0:00:10:50, cvg=25.00%) FS (t=0:00:00:18 (2.82%), st=3107, avg=316 ms, found=2/58)...[0m
[1;94m[*] [0mFuzzing test case #3 (58 total, 0 crashes saved[0m, state: [0;31mfinished...[0m, mode=explore, perf_score=100, weight=1, favorite=1, was_fuzzed=1, exec_us=4402, hits=0, map=75, ascii=0, run_time=0:00:10:50, cvg=25.00%) FS (t=0:00:00:18 (2.82%), st=3107, avg=316 ms, found=2/58)...[0m
[1;94m[*] [0mFuzzing test case #46 (58 total, 0 crashes saved[0m, state: [0;31mfinished...[0m, mode=explore, perf_score=100, weight=1, favorite=0, was_fuzzed=1, exec_us=3530, hits=0, map=57, ascii=0, run_time=0:00:10:51, cvg=25.00%) FS (t=0:00:00:18 (2.82%), st=3107, avg=316 ms, found=2/58)...[0m
[1;94m[*] [0mFuzzing test case #50 (58 total, 0 crashes saved[0m, state: [0;31mfinished...[0m, mode=explore, perf_score=200, weight=1, favorite=0, was_fuzzed=1, exec_us=4000, hits=0, map=82, ascii=0, run_time=0:00:10:52, cvg=25.00%) FS (t=0:00:00:18 (2.81%), st=3107, avg=316 ms, found=2/58)...[0m
[1;94m[*] [0mFuzzing test case #57 (58 total, 0 crashes saved[0m, state: [0;31mfinished...[0m, mode=explore, perf_score=100, weight=4, favorite=0, was_fuzzed=1, exec_us=32183, hits=0, map=62, ascii=0, run_time=0:00:10:53, cvg=25.00%) FS (t=0:00:00:18 (2.81%), st=3107, avg=316 ms, found=2/58)...[0m
[1;94m[*] [0mEntering queue cycle 11
[0m
[1;94m[*] [0mFuzzing test case #4 (58 total, 0 crashes saved[0m, state: [0;31mfinished...[0m, mode=explore, perf_score=100, weight=1, favorite=1, was_fuzzed=1, exec_us=4440, hits=0, map=57, ascii=0, run_time=0:00:10:56, cvg=25.00%) FS (t=0:00:00:18 (2.80%), st=3107, avg=316 ms, found=2/58)...[0m
[1;94m[*] [0mFuzzing test case #12 (58 total, 0 crashes saved[0m, state: [0;31mfinished...[0m, mode=explore, perf_score=100, weight=1, favorite=0, was_fuzzed=1, exec_us=4530, hits=0, map=83, ascii=0, run_time=0:00:10:56, cvg=25.00%) FS (t=0:00:00:18 (2.79%), st=3107, avg=316 ms, found=2/58)...[0m
[1;94m[*] [0mFuzzing test case #1 (58 total, 0 crashes saved[0m, state: [0;31mfinished...[0m, mode=explore, perf_score=100, weight=1, favorite=1, was_fuzzed=1, exec_us=4130, hits=0, map=62, ascii=0, run_time=0:00:10:57, cvg=25.00%) FS (t=0:00:00:18 (2.79%), st=3107, avg=316 ms, found=2/58)...[0m
[1;94m[*] [0mFuzzing test case #49 (58 total, 0 crashes saved[0m, state: [0;31mfinished...[0m, mode=explore, perf_score=200, weight=1, favorite=0, was_fuzzed=1, exec_us=3121, hits=0, map=57, ascii=0, run_time=0:00:10:58, cvg=25.00%) FS (t=0:00:00:18 (2.79%), st=3107, avg=316 ms, found=2/58)...[0m
[1;94m[*] [0mFuzzing test case #34 (58 total, 0 crashes saved[0m, state: [0;31mfinished...[0m, mode=explore, perf_score=50, weight=1, favorite=0, was_fuzzed=1, exec_us=19489, hits=0, map=73, ascii=0, run_time=0:00:10:59, cvg=25.00%) FS (t=0:00:00:18 (2.78%), st=3107, avg=316 ms, found=2/58)...[0m
[1;94m[*] [0mFuzzing test case #39 (58 total, 0 crashes saved[0m, state: [0;31mfinished...[0m, mode=explore, perf_score=100, weight=1, favorite=0, was_fuzzed=1, exec_us=5207, hits=0, map=78, ascii=0, run_time=0:00:11:00, cvg=25.00%) FS (t=0:00:00:18 (2.78%), st=3107, avg=316 ms, found=2/58)...[0m
[1;94m[*] [0mFuzzing test case #36 (58 total, 0 crashes saved[0m, state: [0;31mfinished...[0m, mode=explore, perf_score=100, weight=1, favorite=1, was_fuzzed=1, exec_us=4435, hits=0, map=73, ascii=0, run_time=0:00:11:00, cvg=25.00%) FS (t=0:00:00:18 (2.78%), st=3107, avg=316 ms, found=2/58)...[0m
[1;94m[*] [0mFuzzing test case #4 (58 total, 0 crashes saved[0m, state: [0;31mfinished...[0m, mode=explore, perf_score=100, weight=1, favorite=1, was_fuzzed=1, exec_us=4440, hits=0, map=57, ascii=0, run_time=0:00:11:01, cvg=25.00%) FS (t=0:00:00:18 (2.77%), st=3107, avg=316 ms, found=2/58)...[0m
[1;94m[*] [0mFuzzing test case #4 (58 total, 0 crashes saved[0m, state: [0;31mfinished...[0m, mode=explore, perf_score=100, weight=1, favorite=1, was_fuzzed=1, exec_us=4440, hits=0, map=57, ascii=0, run_time=0:00:11:02, cvg=25.00%) FS (t=0:00:00:18 (2.77%), st=3107, avg=316 ms, found=2/58)...[0m
[1;94m[*] [0mFuzzing test case #3 (58 total, 0 crashes saved[0m, state: [0;31mfinished...[0m, mode=explore, perf_score=100, weight=1, favorite=1, was_fuzzed=1, exec_us=4402, hits=0, map=75, ascii=0, run_time=0:00:11:03, cvg=25.00%) FS (t=0:00:00:18 (2.77%), st=3107, avg=316 ms, found=2/58)...[0m
[1;94m[*] [0mFuzzing test case #53 (58 total, 0 crashes saved[0m, state: [0;31mfinished...[0m, mode=explore, perf_score=200, weight=1, favorite=0, was_fuzzed=1, exec_us=3447, hits=0, map=85, ascii=0, run_time=0:00:11:03, cvg=25.00%) FS (t=0:00:00:18 (2.77%), st=3107, avg=316 ms, found=2/58)...[0m
[1;94m[*] [0mFuzzing test case #23 (58 total, 0 crashes saved[0m, state: [0;31mfinished...[0m, mode=explore, perf_score=100, weight=1, favorite=0, was_fuzzed=1, exec_us=4964, hits=0, map=85, ascii=0, run_time=0:00:11:06, cvg=25.00%) FS (t=0:00:00:18 (2.76%), st=3107, avg=316 ms, found=2/58)...[0m
[1;94m[*] [0mFuzzing test case #25 (58 total, 0 crashes saved[0m, state: [0;31mfinished...[0m, mode=explore, perf_score=100, weight=1, favorite=0, was_fuzzed=1, exec_us=4402, hits=0, map=85, ascii=0, run_time=0:00:11:06, cvg=25.00%) FS (t=0:00:00:18 (2.75%), st=3107, avg=316 ms, found=2/58)...[0m
[1;94m[*] [0mFuzzing test case #3 (58 total, 0 crashes saved[0m, state: [0;31mfinished...[0m, mode=explore, perf_score=100, weight=1, favorite=1, was_fuzzed=1, exec_us=4402, hits=0, map=75, ascii=0, run_time=0:00:11:08, cvg=25.00%) FS (t=0:00:00:18 (2.75%), st=3107, avg=316 ms, found=2/58)...[0m
[1;94m[*] [0mFuzzing test case #36 (58 total, 0 crashes saved[0m, state: [0;31mfinished...[0m, mode=explore, perf_score=100, weight=1, favorite=1, was_fuzzed=1, exec_us=4435, hits=0, map=73, ascii=0, run_time=0:00:11:08, cvg=25.00%) FS (t=0:00:00:18 (2.74%), st=3107, avg=316 ms, found=2/58)...[0m
[1;94m[*] [0mFuzzing test case #1 (58 total, 0 crashes saved[0m, state: [0;31mfinished...[0m, mode=explore, perf_score=100, weight=1, favorite=1, was_fuzzed=1, exec_us=4130, hits=0, map=62, ascii=0, run_time=0:00:11:09, cvg=25.00%) FS (t=0:00:00:18 (2.74%), st=3107, avg=316 ms, found=2/58)...[0m
[1;94m[*] [0mFuzzing test case #57 (58 total, 0 crashes saved[0m, state: [0;31mfinished...[0m, mode=explore, perf_score=100, weight=4, favorite=0, was_fuzzed=1, exec_us=32183, hits=0, map=62, ascii=0, run_time=0:00:11:10, cvg=25.00%) FS (t=0:00:00:18 (2.74%), st=3107, avg=316 ms, found=2/58)...[0m
[1;94m[*] [0mFuzzing test case #42 (58 total, 0 crashes saved[0m, state: [0;31mfinished...[0m, mode=explore, perf_score=100, weight=1, favorite=0, was_fuzzed=1, exec_us=4123, hits=0, map=95, ascii=0, run_time=0:00:11:12, cvg=25.00%) FS (t=0:00:00:18 (2.73%), st=3107, avg=316 ms, found=2/58)...[0m
[1;94m[*] [0mFuzzing test case #3 (58 total, 0 crashes saved[0m, state: [0;31mfinished...[0m, mode=explore, perf_score=100, weight=1, favorite=1, was_fuzzed=1, exec_us=4402, hits=0, map=75, ascii=0, run_time=0:00:11:13, cvg=25.00%) FS (t=0:00:00:18 (2.73%), st=3107, avg=316 ms, found=2/58)...[0m
[1;94m[*] [0mFuzzing test case #4 (58 total, 0 crashes saved[0m, state: [0;31mfinished...[0m, mode=explore, perf_score=100, weight=1, favorite=1, was_fuzzed=1, exec_us=4440, hits=0, map=57, ascii=0, run_time=0:00:11:14, cvg=25.00%) FS (t=0:00:00:18 (2.72%), st=3107, avg=316 ms, found=2/58)...[0m
[1;94m[*] [0mFuzzing test case #11 (58 total, 0 crashes saved[0m, state: [0;31mfinished...[0m, mode=explore, perf_score=100, weight=1, favorite=0, was_fuzzed=1, exec_us=5057, hits=0, map=83, ascii=0, run_time=0:00:11:15, cvg=25.00%) FS (t=0:00:00:18 (2.72%), st=3107, avg=316 ms, found=2/58)...[0m
[1;94m[*] [0mFuzzing test case #37 (58 total, 0 crashes saved[0m, state: [0;31mfinished...[0m, mode=explore, perf_score=100, weight=1, favorite=0, was_fuzzed=1, exec_us=4461, hits=0, map=83, ascii=0, run_time=0:00:11:16, cvg=25.00%) FS (t=0:00:00:18 (2.71%), st=3107, avg=316 ms, found=2/58)...[0m
[1;94m[*] [0mFuzzing test case #56 (58 total, 0 crashes saved[0m, state: [0;31mfinished...[0m, mode=explore, perf_score=200, weight=1, favorite=0, was_fuzzed=1, exec_us=3755, hits=0, map=98, ascii=0, run_time=0:00:11:17, cvg=25.00%) FS (t=0:00:00:18 (2.71%), st=3107, avg=316 ms, found=2/58)...[0m
[1;94m[*] [0mFuzzing test case #1 (58 total, 0 crashes saved[0m, state: [0;31mfinished...[0m, mode=explore, perf_score=100, weight=1, favorite=1, was_fuzzed=1, exec_us=4130, hits=0, map=62, ascii=0, run_time=0:00:11:18, cvg=25.00%) FS (t=0:00:00:18 (2.71%), st=3107, avg=316 ms, found=2/58)...[0m
[1;94m[*] [0mFuzzing test case #37 (58 total, 0 crashes saved[0m, state: [0;31mfinished...[0m, mode=explore, perf_score=100, weight=1, favorite=0, was_fuzzed=1, exec_us=4461, hits=0, map=83, ascii=0, run_time=0:00:11:18, cvg=25.00%) FS (t=0:00:00:18 (2.70%), st=3107, avg=316 ms, found=2/58)...[0m
[1;94m[*] [0mFuzzing test case #57 (58 total, 0 crashes saved[0m, state: [0;31mfinished...[0m, mode=explore, perf_score=100, weight=4, favorite=0, was_fuzzed=1, exec_us=32183, hits=0, map=62, ascii=0, run_time=0:00:11:19, cvg=25.00%) FS (t=0:00:00:18 (2.70%), st=3107, avg=316 ms, found=2/58)...[0m
[1;94m[*] [0mFuzzing test case #58 (59 total, 0 crashes saved[0m, state: [0;31mfinished...[0m, mode=explore, perf_score=200, weight=4, favorite=0, was_fuzzed=0, exec_us=27427, hits=0, map=98, ascii=0, run_time=0:00:11:23, cvg=25.00%) FS (t=0:00:00:18 (2.68%), st=3107, avg=316 ms, found=2/58)...[0m
[1;94m[*] [0mFuzzing test case #37 (59 total, 0 crashes saved[0m, state: [0;31mfinished...[0m, mode=explore, perf_score=100, weight=1, favorite=0, was_fuzzed=1, exec_us=4461, hits=0, map=83, ascii=0, run_time=0:00:12:08, cvg=25.00%) FS (t=0:00:00:20 (2.80%), st=3165, avg=345 ms, found=2/59)...[0m
[1;94m[*] [0mFuzzing test case #58 (59 total, 0 crashes saved[0m, state: [0;31mfinished...[0m, mode=explore, perf_score=200, weight=4, favorite=0, was_fuzzed=1, exec_us=27427, hits=0, map=98, ascii=0, run_time=0:00:12:09, cvg=25.00%) FS (t=0:00:00:20 (2.79%), st=3165, avg=345 ms, found=2/59)...[0m
[1;94m[*] [0mFuzzing test case #58 (59 total, 0 crashes saved[0m, state: [0;31mfinished...[0m, mode=explore, perf_score=200, weight=4, favorite=0, was_fuzzed=1, exec_us=27427, hits=0, map=98, ascii=0, run_time=0:00:12:14, cvg=25.00%) FS (t=0:00:00:20 (2.77%), st=3165, avg=345 ms, found=2/59)...[0m
[1;94m[*] [0mFuzzing test case #3 (59 total, 0 crashes saved[0m, state: [0;31mfinished...[0m, mode=explore, perf_score=100, weight=1, favorite=1, was_fuzzed=1, exec_us=4402, hits=0, map=75, ascii=0, run_time=0:00:12:20, cvg=25.00%) FS (t=0:00:00:20 (2.75%), st=3165, avg=345 ms, found=2/59)...[0m
[1;94m[*] [0mFuzzing test case #4 (59 total, 0 crashes saved[0m, state: [0;31mfinished...[0m, mode=explore, perf_score=100, weight=1, favorite=1, was_fuzzed=1, exec_us=4440, hits=0, map=57, ascii=0, run_time=0:00:12:21, cvg=25.00%) FS (t=0:00:00:20 (2.75%), st=3165, avg=345 ms, found=2/59)...[0m
[1;94m[*] [0mFuzzing test case #36 (59 total, 0 crashes saved[0m, state: [0;31mfinished...[0m, mode=explore, perf_score=100, weight=1, favorite=1, was_fuzzed=1, exec_us=4435, hits=0, map=73, ascii=0, run_time=0:00:12:22, cvg=25.00%) FS (t=0:00:00:20 (2.75%), st=3165, avg=345 ms, found=2/59)...[0m
[1;94m[*] [0mFuzzing test case #3 (59 total, 0 crashes saved[0m, state: [0;31mfinished...[0m, mode=explore, perf_score=100, weight=1, favorite=1, was_fuzzed=1, exec_us=4402, hits=0, map=75, ascii=0, run_time=0:00:12:22, cvg=25.00%) FS (t=0:00:00:20 (2.74%), st=3165, avg=345 ms, found=2/59)...[0m
[1;94m[*] [0mFuzzing test case #23 (59 total, 0 crashes saved[0m, state: [0;31mfinished...[0m, mode=explore, perf_score=100, weight=1, favorite=0, was_fuzzed=1, exec_us=4964, hits=0, map=85, ascii=0, run_time=0:00:12:23, cvg=25.00%) FS (t=0:00:00:20 (2.74%), st=3165, avg=345 ms, found=2/59)...[0m
[1;94m[*] [0mFuzzing test case #15 (59 total, 0 crashes saved[0m, state: [0;31mfinished...[0m, mode=explore, perf_score=100, weight=1, favorite=1, was_fuzzed=1, exec_us=4441, hits=0, map=65, ascii=0, run_time=0:00:12:24, cvg=25.00%) FS (t=0:00:00:20 (2.74%), st=3165, avg=345 ms, found=2/59)...[0m
[1;94m[*] [0mFuzzing test case #18 (59 total, 0 crashes saved[0m, state: [0;31mfinished...[0m, mode=explore, perf_score=100, weight=1, favorite=0, was_fuzzed=1, exec_us=4465, hits=0, map=82, ascii=0, run_time=0:00:12:24, cvg=25.00%) FS (t=0:00:00:20 (2.74%), st=3165, avg=345 ms, found=2/59)...[0m
[1;94m[*] [0mFuzzing test case #3 (59 total, 0 crashes saved[0m, state: [0;31mfinished...[0m, mode=explore, perf_score=100, weight=1, favorite=1, was_fuzzed=1, exec_us=4402, hits=0, map=75, ascii=0, run_time=0:00:12:24, cvg=25.00%) FS (t=0:00:00:20 (2.74%), st=3165, avg=345 ms, found=2/59)...[0m
[1;94m[*] [0mFuzzing test case #3 (59 total, 0 crashes saved[0m, state: [0;31mfinished...[0m, mode=explore, perf_score=100, weight=1, favorite=1, was_fuzzed=1, exec_us=4402, hits=0, map=75, ascii=0, run_time=0:00:12:25, cvg=25.00%) FS (t=0:00:00:20 (2.73%), st=3165, avg=345 ms, found=2/59)...[0m
[1;94m[*] [0mFuzzing test case #12 (59 total, 0 crashes saved[0m, state: [0;31mfinished...[0m, mode=explore, perf_score=100, weight=1, favorite=0, was_fuzzed=1, exec_us=4530, hits=0, map=83, ascii=0, run_time=0:00:12:25, cvg=25.00%) FS (t=0:00:00:20 (2.73%), st=3165, avg=345 ms, found=2/59)...[0m
[1;94m[*] [0mFuzzing test case #36 (59 total, 0 crashes saved[0m, state: [0;31mfinished...[0m, mode=explore, perf_score=100, weight=1, favorite=1, was_fuzzed=1, exec_us=4435, hits=0, map=73, ascii=0, run_time=0:00:12:26, cvg=25.00%) FS (t=0:00:00:20 (2.73%), st=3165, avg=345 ms, found=2/59)...[0m
[1;94m[*] [0mFuzzing test case #14 (59 total, 0 crashes saved[0m, state: [0;31mfinished...[0m, mode=explore, perf_score=100, weight=1, favorite=0, was_fuzzed=1, exec_us=4172, hits=0, map=62, ascii=0, run_time=0:00:12:27, cvg=25.00%) FS (t=0:00:00:20 (2.73%), st=3165, avg=345 ms, found=2/59)...[0m
[1;94m[*] [0mFuzzing test case #36 (59 total, 0 crashes saved[0m, state: [0;31mfinished...[0m, mode=explore, perf_score=100, weight=1, favorite=1, was_fuzzed=1, exec_us=4435, hits=0, map=73, ascii=0, run_time=0:00:12:28, cvg=25.00%) FS (t=0:00:00:20 (2.72%), st=3165, avg=345 ms, found=2/59)...[0m
[1;94m[*] [0mFuzzing test case #57 (59 total, 0 crashes saved[0m, state: [0;31mfinished...[0m, mode=explore, perf_score=25, weight=2, favorite=0, was_fuzzed=1, exec_us=32183, hits=0, map=62, ascii=0, run_time=0:00:12:29, cvg=25.00%) FS (t=0:00:00:20 (2.72%), st=3165, avg=345 ms, found=2/59)...[0m
[1;94m[*] [0mFuzzing test case #15 (59 total, 0 crashes saved[0m, state: [0;31mfinished...[0m, mode=explore, perf_score=100, weight=1, favorite=1, was_fuzzed=1, exec_us=4441, hits=0, map=65, ascii=0, run_time=0:00:12:29, cvg=25.00%) FS (t=0:00:00:20 (2.72%), st=3165, avg=345 ms, found=2/59)...[0m
[1;94m[*] [0mFuzzing test case #53 (59 total, 0 crashes saved[0m, state: [0;31mfinished...[0m, mode=explore, perf_score=200, weight=1, favorite=0, was_fuzzed=1, exec_us=3447, hits=0, map=85, ascii=0, run_time=0:00:12:30, cvg=25.00%) FS (t=0:00:00:20 (2.72%), st=3165, avg=345 ms, found=2/59)...[0m
[1;94m[*] [0mFuzzing test case #3 (59 total, 0 crashes saved[0m, state: [0;31mfinished...[0m, mode=explore, perf_score=100, weight=1, favorite=1, was_fuzzed=1, exec_us=4402, hits=0, map=75, ascii=0, run_time=0:00:12:32, cvg=25.00%) FS (t=0:00:00:20 (2.71%), st=3165, avg=345 ms, found=2/59)...[0m
[1;94m[*] [0mFuzzing test case #23 (59 total, 0 crashes saved[0m, state: [0;31mfinished...[0m, mode=explore, perf_score=100, weight=1, favorite=0, was_fuzzed=1, exec_us=4964, hits=0, map=85, ascii=0, run_time=0:00:12:32, cvg=25.00%) FS (t=0:00:00:20 (2.71%), st=3165, avg=345 ms, found=2/59)...[0m
[1;94m[*] [0mFuzzing test case #7 (59 total, 0 crashes saved[0m, state: [0;31mfinished...[0m, mode=explore, perf_score=50, weight=1, favorite=0, was_fuzzed=1, exec_us=17222, hits=0, map=62, ascii=0, run_time=0:00:12:32, cvg=25.00%) FS (t=0:00:00:20 (2.71%), st=3165, avg=345 ms, found=2/59)...[0m
[1;94m[*] [0mFuzzing test case #15 (59 total, 0 crashes saved[0m, state: [0;31mfinished...[0m, mode=explore, perf_score=100, weight=1, favorite=1, was_fuzzed=1, exec_us=4441, hits=0, map=65, ascii=0, run_time=0:00:12:33, cvg=25.00%) FS (t=0:00:00:20 (2.71%), st=3165, avg=345 ms, found=2/59)...[0m
[1;94m[*] [0mFuzzing test case #3 (59 total, 0 crashes saved[0m, state: [0;31mfinished...[0m, mode=explore, perf_score=100, weight=1, favorite=1, was_fuzzed=1, exec_us=4402, hits=0, map=75, ascii=0, run_time=0:00:12:33, cvg=25.00%) FS (t=0:00:00:20 (2.70%), st=3165, avg=345 ms, found=2/59)...[0m
[1;94m[*] [0mFuzzing test case #1 (59 total, 0 crashes saved[0m, state: [0;31mfinished...[0m, mode=explore, perf_score=100, weight=1, favorite=1, was_fuzzed=1, exec_us=4130, hits=0, map=62, ascii=0, run_time=0:00:12:34, cvg=25.00%) FS (t=0:00:00:20 (2.70%), st=3165, avg=345 ms, found=2/59)...[0m
[1;94m[*] [0mFuzzing test case #4 (59 total, 0 crashes saved[0m, state: [0;31mfinished...[0m, mode=explore, perf_score=100, weight=1, favorite=1, was_fuzzed=1, exec_us=4440, hits=0, map=57, ascii=0, run_time=0:00:12:34, cvg=25.00%) FS (t=0:00:00:20 (2.70%), st=3165, avg=345 ms, found=2/59)...[0m
[1;94m[*] [0mFuzzing test case #4 (59 total, 0 crashes saved[0m, state: [0;31mfinished...[0m, mode=explore, perf_score=100, weight=1, favorite=1, was_fuzzed=1, exec_us=4440, hits=0, map=57, ascii=0, run_time=0:00:12:35, cvg=25.00%) FS (t=0:00:00:20 (2.70%), st=3165, avg=345 ms, found=2/59)...[0m
[1;94m[*] [0mFuzzing test case #4 (59 total, 0 crashes saved[0m, state: [0;31mfinished...[0m, mode=explore, perf_score=100, weight=1, favorite=1, was_fuzzed=1, exec_us=4440, hits=0, map=57, ascii=0, run_time=0:00:12:35, cvg=25.00%) FS (t=0:00:00:20 (2.70%), st=3165, avg=345 ms, found=2/59)...[0m
[1;94m[*] [0mFuzzing test case #4 (59 total, 0 crashes saved[0m, state: [0;31mfinished...[0m, mode=explore, perf_score=100, weight=1, favorite=1, was_fuzzed=1, exec_us=4440, hits=0, map=57, ascii=0, run_time=0:00:12:37, cvg=25.00%) FS (t=0:00:00:20 (2.69%), st=3165, avg=345 ms, found=2/59)...[0m
[1;94m[*] [0mFuzzing test case #56 (59 total, 0 crashes saved[0m, state: [0;31mfinished...[0m, mode=explore, perf_score=200, weight=1, favorite=0, was_fuzzed=1, exec_us=3755, hits=0, map=98, ascii=0, run_time=0:00:12:38, cvg=25.00%) FS (t=0:00:00:20 (2.69%), st=3165, avg=345 ms, found=2/59)...[0m
[1;94m[*] [0mFuzzing test case #53 (59 total, 0 crashes saved[0m, state: [0;31mfinished...[0m, mode=explore, perf_score=200, weight=1, favorite=0, was_fuzzed=1, exec_us=3447, hits=0, map=85, ascii=0, run_time=0:00:12:40, cvg=25.00%) FS (t=0:00:00:20 (2.68%), st=3165, avg=345 ms, found=2/59)...[0m
[1;94m[*] [0mFuzzing test case #54 (59 total, 0 crashes saved[0m, state: [0;31mfinished...[0m, mode=explore, perf_score=200, weight=1, favorite=0, was_fuzzed=1, exec_us=4225, hits=0, map=83, ascii=0, run_time=0:00:12:41, cvg=25.00%) FS (t=0:00:00:20 (2.68%), st=3165, avg=345 ms, found=2/59)...[0m
[1;94m[*] [0mFuzzing test case #4 (59 total, 0 crashes saved[0m, state: [0;31mfinished...[0m, mode=explore, perf_score=100, weight=1, favorite=1, was_fuzzed=1, exec_us=4440, hits=0, map=57, ascii=0, run_time=0:00:12:42, cvg=25.00%) FS (t=0:00:00:20 (2.67%), st=3165, avg=345 ms, found=2/59)...[0m
[1;94m[*] [0mFuzzing test case #3 (59 total, 0 crashes saved[0m, state: [0;31mfinished...[0m, mode=explore, perf_score=100, weight=1, favorite=1, was_fuzzed=1, exec_us=4402, hits=0, map=75, ascii=0, run_time=0:00:12:43, cvg=25.00%) FS (t=0:00:00:20 (2.67%), st=3165, avg=345 ms, found=2/59)...[0m
[1;94m[*] [0mEntering queue cycle 12
[0m
[1;94m[*] [0mFuzzing test case #36 (59 total, 0 crashes saved[0m, state: [0;31mfinished...[0m, mode=explore, perf_score=100, weight=1, favorite=1, was_fuzzed=1, exec_us=4435, hits=0, map=73, ascii=0, run_time=0:00:12:43, cvg=25.00%) FS (t=0:00:00:20 (2.67%), st=3165, avg=345 ms, found=2/59)...[0m
[1;94m[*] [0mFuzzing test case #49 (59 total, 0 crashes saved[0m, state: [0;31mfinished...[0m, mode=explore, perf_score=300, weight=1, favorite=0, was_fuzzed=1, exec_us=3121, hits=0, map=57, ascii=0, run_time=0:00:12:44, cvg=25.00%) FS (t=0:00:00:20 (2.66%), st=3165, avg=345 ms, found=2/59)...[0m
[1;94m[*] [0mFuzzing test case #49 (59 total, 0 crashes saved[0m, state: [0;31mfinished...[0m, mode=explore, perf_score=300, weight=1, favorite=0, was_fuzzed=1, exec_us=3121, hits=0, map=57, ascii=0, run_time=0:00:12:46, cvg=25.00%) FS (t=0:00:00:20 (2.66%), st=3165, avg=345 ms, found=2/59)...[0m
[1;94m[*] [0mFuzzing test case #15 (59 total, 0 crashes saved[0m, state: [0;31mfinished...[0m, mode=explore, perf_score=100, weight=1, favorite=1, was_fuzzed=1, exec_us=4441, hits=0, map=65, ascii=0, run_time=0:00:12:50, cvg=25.00%) FS (t=0:00:00:20 (2.64%), st=3165, avg=345 ms, found=2/59)...[0m
[1;94m[*] [0mFuzzing test case #40 (59 total, 0 crashes saved[0m, state: [0;31mfinished...[0m, mode=explore, perf_score=75, weight=0, favorite=0, was_fuzzed=1, exec_us=8627, hits=0, map=78, ascii=0, run_time=0:00:12:51, cvg=25.00%) FS (t=0:00:00:20 (2.64%), st=3165, avg=345 ms, found=2/59)...[0m
[1;94m[*] [0mFuzzing test case #58 (59 total, 0 crashes saved[0m, state: [0;31mfinished...[0m, mode=explore, perf_score=200, weight=4, favorite=0, was_fuzzed=1, exec_us=27427, hits=0, map=98, ascii=0, run_time=0:00:12:52, cvg=25.00%) FS (t=0:00:00:20 (2.64%), st=3165, avg=345 ms, found=2/59)...[0m
[1;94m[*] [0mFuzzing test case #15 (59 total, 0 crashes saved[0m, state: [0;31mfinished...[0m, mode=explore, perf_score=100, weight=1, favorite=1, was_fuzzed=1, exec_us=4441, hits=0, map=65, ascii=0, run_time=0:00:12:59, cvg=25.00%) FS (t=0:00:00:20 (2.61%), st=3165, avg=345 ms, found=2/59)...[0m
[1;94m[*] [0mFuzzing test case #57 (59 total, 0 crashes saved[0m, state: [0;31mfinished...[0m, mode=explore, perf_score=25, weight=2, favorite=0, was_fuzzed=1, exec_us=32183, hits=0, map=62, ascii=0, run_time=0:00:13:00, cvg=25.00%) FS (t=0:00:00:20 (2.61%), st=3165, avg=345 ms, found=2/59)...[0m
[1;94m[*] [0mFuzzing test case #1 (59 total, 0 crashes saved[0m, state: [0;31mfinished...[0m, mode=explore, perf_score=100, weight=1, favorite=1, was_fuzzed=1, exec_us=4130, hits=0, map=62, ascii=0, run_time=0:00:13:01, cvg=25.00%) FS (t=0:00:00:20 (2.61%), st=3165, avg=345 ms, found=2/59)...[0m
[1;94m[*] [0mFuzzing test case #36 (59 total, 0 crashes saved[0m, state: [0;31mfinished...[0m, mode=explore, perf_score=100, weight=1, favorite=1, was_fuzzed=1, exec_us=4435, hits=0, map=73, ascii=0, run_time=0:00:13:02, cvg=25.00%) FS (t=0:00:00:20 (2.60%), st=3165, avg=345 ms, found=2/59)...[0m
[1;94m[*] [0mFuzzing test case #56 (59 total, 0 crashes saved[0m, state: [0;31mfinished...[0m, mode=explore, perf_score=200, weight=1, favorite=0, was_fuzzed=1, exec_us=3755, hits=0, map=98, ascii=0, run_time=0:00:13:03, cvg=25.00%) FS (t=0:00:00:20 (2.60%), st=3165, avg=345 ms, found=2/59)...[0m
[1;94m[*] [0mFuzzing test case #15 (59 total, 0 crashes saved[0m, state: [0;31mfinished...[0m, mode=explore, perf_score=100, weight=1, favorite=1, was_fuzzed=1, exec_us=4441, hits=0, map=65, ascii=0, run_time=0:00:13:05, cvg=25.00%) FS (t=0:00:00:20 (2.60%), st=3165, avg=345 ms, found=2/59)...[0m
[1;94m[*] [0mFuzzing test case #1 (59 total, 0 crashes saved[0m, state: [0;31mfinished...[0m, mode=explore, perf_score=100, weight=1, favorite=1, was_fuzzed=1, exec_us=4130, hits=0, map=62, ascii=0, run_time=0:00:13:05, cvg=25.00%) FS (t=0:00:00:20 (2.59%), st=3165, avg=345 ms, found=2/59)...[0m
[1;94m[*] [0mFuzzing test case #36 (59 total, 0 crashes saved[0m, state: [0;31mfinished...[0m, mode=explore, perf_score=100, weight=1, favorite=1, was_fuzzed=1, exec_us=4435, hits=0, map=73, ascii=0, run_time=0:00:13:06, cvg=25.00%) FS (t=0:00:00:20 (2.59%), st=3165, avg=345 ms, found=2/59)...[0m
[1;94m[*] [0mFuzzing test case #49 (59 total, 0 crashes saved[0m, state: [0;31mfinished...[0m, mode=explore, perf_score=300, weight=1, favorite=0, was_fuzzed=1, exec_us=3121, hits=0, map=57, ascii=0, run_time=0:00:13:07, cvg=25.00%) FS (t=0:00:00:20 (2.59%), st=3165, avg=345 ms, found=2/59)...[0m
[1;94m[*] [0mFuzzing test case #4 (59 total, 0 crashes saved[0m, state: [0;31mfinished...[0m, mode=explore, perf_score=100, weight=1, favorite=1, was_fuzzed=1, exec_us=4440, hits=0, map=57, ascii=0, run_time=0:00:13:09, cvg=25.00%) FS (t=0:00:00:20 (2.58%), st=3165, avg=345 ms, found=2/59)...[0m
[1;94m[*] [0mFuzzing test case #15 (59 total, 0 crashes saved[0m, state: [0;31mfinished...[0m, mode=explore, perf_score=100, weight=1, favorite=1, was_fuzzed=1, exec_us=4441, hits=0, map=65, ascii=0, run_time=0:00:13:10, cvg=25.00%) FS (t=0:00:00:20 (2.58%), st=3165, avg=345 ms, found=2/59)...[0m
[1;94m[*] [0mFuzzing test case #57 (59 total, 0 crashes saved[0m, state: [0;31mfinished...[0m, mode=explore, perf_score=25, weight=2, favorite=0, was_fuzzed=1, exec_us=32183, hits=0, map=62, ascii=0, run_time=0:00:13:11, cvg=25.00%) FS (t=0:00:00:20 (2.58%), st=3165, avg=345 ms, found=2/59)...[0m
[1;94m[*] [0mFuzzing test case #4 (59 total, 0 crashes saved[0m, state: [0;31mfinished...[0m, mode=explore, perf_score=100, weight=1, favorite=1, was_fuzzed=1, exec_us=4440, hits=0, map=57, ascii=0, run_time=0:00:13:11, cvg=25.00%) FS (t=0:00:00:20 (2.57%), st=3165, avg=345 ms, found=2/59)...[0m
[1;94m[*] [0mFuzzing test case #3 (59 total, 0 crashes saved[0m, state: [0;31mfinished...[0m, mode=explore, perf_score=100, weight=1, favorite=1, was_fuzzed=1, exec_us=4402, hits=0, map=75, ascii=0, run_time=0:00:13:12, cvg=25.00%) FS (t=0:00:00:20 (2.57%), st=3165, avg=345 ms, found=2/59)...[0m
[1;94m[*] [0mFuzzing test case #4 (59 total, 0 crashes saved[0m, state: [0;31mfinished...[0m, mode=explore, perf_score=100, weight=1, favorite=1, was_fuzzed=1, exec_us=4440, hits=0, map=57, ascii=0, run_time=0:00:13:13, cvg=25.00%) FS (t=0:00:00:20 (2.57%), st=3165, avg=345 ms, found=2/59)...[0m
[1;94m[*] [0mFuzzing test case #36 (59 total, 0 crashes saved[0m, state: [0;31mfinished...[0m, mode=explore, perf_score=100, weight=1, favorite=1, was_fuzzed=1, exec_us=4435, hits=0, map=73, ascii=0, run_time=0:00:13:14, cvg=25.00%) FS (t=0:00:00:20 (2.56%), st=3165, avg=345 ms, found=2/59)...[0m
[1;94m[*] [0mFuzzing test case #4 (59 total, 0 crashes saved[0m, state: [0;31mfinished...[0m, mode=explore, perf_score=100, weight=1, favorite=1, was_fuzzed=1, exec_us=4440, hits=0, map=57, ascii=0, run_time=0:00:13:15, cvg=25.00%) FS (t=0:00:00:20 (2.56%), st=3165, avg=345 ms, found=2/59)...[0m
[1;94m[*] [0mFuzzing test case #3 (59 total, 0 crashes saved[0m, state: [0;31mfinished...[0m, mode=explore, perf_score=100, weight=1, favorite=1, was_fuzzed=1, exec_us=4402, hits=0, map=75, ascii=0, run_time=0:00:13:16, cvg=25.00%) FS (t=0:00:00:20 (2.56%), st=3165, avg=345 ms, found=2/59)...[0m
[1;94m[*] [0mFuzzing test case #9 (59 total, 0 crashes saved[0m, state: [0;31mfinished...[0m, mode=explore, perf_score=100, weight=1, favorite=0, was_fuzzed=1, exec_us=4287, hits=0, map=83, ascii=0, run_time=0:00:13:17, cvg=25.00%) FS (t=0:00:00:20 (2.56%), st=3165, avg=345 ms, found=2/59)...[0m
[1;94m[*] [0mFuzzing test case #4 (59 total, 0 crashes saved[0m, state: [0;31mfinished...[0m, mode=explore, perf_score=100, weight=1, favorite=1, was_fuzzed=1, exec_us=4440, hits=0, map=57, ascii=0, run_time=0:00:13:18, cvg=25.00%) FS (t=0:00:00:20 (2.55%), st=3165, avg=345 ms, found=2/59)...[0m
[1;94m[*] [0mFuzzing test case #36 (59 total, 0 crashes saved[0m, state: [0;31mfinished...[0m, mode=explore, perf_score=100, weight=1, favorite=1, was_fuzzed=1, exec_us=4435, hits=0, map=73, ascii=0, run_time=0:00:13:18, cvg=25.00%) FS (t=0:00:00:20 (2.55%), st=3165, avg=345 ms, found=2/59)...[0m
[1;94m[*] [0mFuzzing test case #58 (59 total, 0 crashes saved[0m, state: [0;31mfinished...[0m, mode=explore, perf_score=200, weight=4, favorite=0, was_fuzzed=1, exec_us=27427, hits=0, map=98, ascii=0, run_time=0:00:13:19, cvg=25.00%) FS (t=0:00:00:20 (2.55%), st=3165, avg=345 ms, found=2/59)...[0m
[1;94m[*] [0mFuzzing test case #3 (59 total, 0 crashes saved[0m, state: [0;31mfinished...[0m, mode=explore, perf_score=100, weight=1, favorite=1, was_fuzzed=1, exec_us=4402, hits=0, map=75, ascii=0, run_time=0:00:13:25, cvg=25.00%) FS (t=0:00:00:20 (2.53%), st=3165, avg=345 ms, found=2/59)...[0m
[1;94m[*] [0mFuzzing test case #36 (59 total, 0 crashes saved[0m, state: [0;31mfinished...[0m, mode=explore, perf_score=100, weight=1, favorite=1, was_fuzzed=1, exec_us=4435, hits=0, map=73, ascii=0, run_time=0:00:13:26, cvg=25.00%) FS (t=0:00:00:20 (2.53%), st=3165, avg=345 ms, found=2/59)...[0m
[1;94m[*] [0mFuzzing test case #45 (59 total, 0 crashes saved[0m, state: [0;31mfinished...[0m, mode=explore, perf_score=100, weight=1, favorite=0, was_fuzzed=1, exec_us=4064, hits=0, map=82, ascii=0, run_time=0:00:13:27, cvg=25.00%) FS (t=0:00:00:20 (2.52%), st=3165, avg=345 ms, found=2/59)...[0m
[1;94m[*] [0mFuzzing test case #56 (59 total, 0 crashes saved[0m, state: [0;31mfinished...[0m, mode=explore, perf_score=200, weight=1, favorite=0, was_fuzzed=1, exec_us=3755, hits=0, map=98, ascii=0, run_time=0:00:13:28, cvg=25.00%) FS (t=0:00:00:20 (2.52%), st=3165, avg=345 ms, found=2/59)...[0m
[1;94m[*] [0mFuzzing test case #4 (59 total, 0 crashes saved[0m, state: [0;31mfinished...[0m, mode=explore, perf_score=100, weight=1, favorite=1, was_fuzzed=1, exec_us=4440, hits=0, map=57, ascii=0, run_time=0:00:13:28, cvg=25.00%) FS (t=0:00:00:20 (2.52%), st=3165, avg=345 ms, found=2/59)...[0m
[1;94m[*] [0mFuzzing test case #48 (59 total, 0 crashes saved[0m, state: [0;31mfinished...[0m, mode=explore, perf_score=300, weight=1, favorite=0, was_fuzzed=1, exec_us=2859, hits=0, map=57, ascii=0, run_time=0:00:13:30, cvg=25.00%) FS (t=0:00:00:20 (2.51%), st=3165, avg=345 ms, found=2/59)...[0m
[1;94m[*] [0mFuzzing test case #49 (59 total, 0 crashes saved[0m, state: [0;31mfinished...[0m, mode=explore, perf_score=300, weight=1, favorite=0, was_fuzzed=1, exec_us=3121, hits=0, map=57, ascii=0, run_time=0:00:13:31, cvg=25.00%) FS (t=0:00:00:20 (2.51%), st=3165, avg=345 ms, found=2/59)...[0m
[1;94m[*] [0mFuzzing test case #36 (59 total, 0 crashes saved[0m, state: [0;31mfinished...[0m, mode=explore, perf_score=100, weight=1, favorite=1, was_fuzzed=1, exec_us=4435, hits=0, map=73, ascii=0, run_time=0:00:13:34, cvg=25.00%) FS (t=0:00:00:20 (2.50%), st=3165, avg=345 ms, found=2/59)...[0m
[1;94m[*] [0mFuzzing test case #3 (59 total, 0 crashes saved[0m, state: [0;31mfinished...[0m, mode=explore, perf_score=100, weight=1, favorite=1, was_fuzzed=1, exec_us=4402, hits=0, map=75, ascii=0, run_time=0:00:13:35, cvg=25.00%) FS (t=0:00:00:20 (2.50%), st=3165, avg=345 ms, found=2/59)...[0m
[1;94m[*] [0mFuzzing test case #3 (59 total, 0 crashes saved[0m, state: [0;31mfinished...[0m, mode=explore, perf_score=100, weight=1, favorite=1, was_fuzzed=1, exec_us=4402, hits=0, map=75, ascii=0, run_time=0:00:13:36, cvg=25.00%) FS (t=0:00:00:20 (2.50%), st=3165, avg=345 ms, found=2/59)...[0m
[1;94m[*] [0mFuzzing test case #25 (59 total, 0 crashes saved[0m, state: [0;31mfinished...[0m, mode=explore, perf_score=100, weight=1, favorite=0, was_fuzzed=1, exec_us=4402, hits=0, map=85, ascii=0, run_time=0:00:13:36, cvg=25.00%) FS (t=0:00:00:20 (2.49%), st=3165, avg=345 ms, found=2/59)...[0m
[1;94m[*] [0mFuzzing test case #36 (59 total, 0 crashes saved[0m, state: [0;31mfinished...[0m, mode=explore, perf_score=100, weight=1, favorite=1, was_fuzzed=1, exec_us=4435, hits=0, map=73, ascii=0, run_time=0:00:13:37, cvg=25.00%) FS (t=0:00:00:20 (2.49%), st=3165, avg=345 ms, found=2/59)...[0m
[1;94m[*] [0mFuzzing test case #58 (59 total, 0 crashes saved[0m, state: [0;31mfinished...[0m, mode=explore, perf_score=200, weight=4, favorite=0, was_fuzzed=1, exec_us=27427, hits=0, map=98, ascii=0, run_time=0:00:13:38, cvg=25.00%) FS (t=0:00:00:20 (2.49%), st=3165, avg=345 ms, found=2/59)...[0m
[1;94m[*] [0mFuzzing test case #19 (59 total, 0 crashes saved[0m, state: [0;31mfinished...[0m, mode=explore, perf_score=100, weight=1, favorite=0, was_fuzzed=1, exec_us=4467, hits=0, map=83, ascii=0, run_time=0:00:13:44, cvg=25.00%) FS (t=0:00:00:20 (2.47%), st=3165, avg=345 ms, found=2/59)...[0m
[1;94m[*] [0mFuzzing test case #15 (59 total, 0 crashes saved[0m, state: [0;31mfinished...[0m, mode=explore, perf_score=100, weight=1, favorite=1, was_fuzzed=1, exec_us=4441, hits=0, map=65, ascii=0, run_time=0:00:13:45, cvg=25.00%) FS (t=0:00:00:20 (2.47%), st=3165, avg=345 ms, found=2/59)...[0m
[1;94m[*] [0mFuzzing test case #4 (59 total, 0 crashes saved[0m, state: [0;31mfinished...[0m, mode=explore, perf_score=100, weight=1, favorite=1, was_fuzzed=1, exec_us=4440, hits=0, map=57, ascii=0, run_time=0:00:13:46, cvg=25.00%) FS (t=0:00:00:20 (2.47%), st=3165, avg=345 ms, found=2/59)...[0m
[1;94m[*] [0mFuzzing test case #1 (59 total, 0 crashes saved[0m, state: [0;31mfinished...[0m, mode=explore, perf_score=100, weight=1, favorite=1, was_fuzzed=1, exec_us=4130, hits=0, map=62, ascii=0, run_time=0:00:13:47, cvg=25.00%) FS (t=0:00:00:20 (2.46%), st=3165, avg=345 ms, found=2/59)...[0m
[1;94m[*] [0mFuzzing test case #35 (59 total, 0 crashes saved[0m, state: [0;31mfinished...[0m, mode=explore, perf_score=100, weight=1, favorite=0, was_fuzzed=1, exec_us=3900, hits=0, map=62, ascii=0, run_time=0:00:13:47, cvg=25.00%) FS (t=0:00:00:20 (2.46%), st=3165, avg=345 ms, found=2/59)...[0m
[1;94m[*] [0mFuzzing test case #58 (59 total, 0 crashes saved[0m, state: [0;31mfinished...[0m, mode=explore, perf_score=200, weight=4, favorite=0, was_fuzzed=1, exec_us=27427, hits=0, map=98, ascii=0, run_time=0:00:13:48, cvg=25.00%) FS (t=0:00:00:20 (2.46%), st=3165, avg=345 ms, found=2/59)...[0m
[1;94m[*] [0mFuzzing test case #15 (59 total, 0 crashes saved[0m, state: [0;31mfinished...[0m, mode=explore, perf_score=100, weight=1, favorite=1, was_fuzzed=1, exec_us=4441, hits=0, map=65, ascii=0, run_time=0:00:13:56, cvg=25.00%) FS (t=0:00:00:20 (2.44%), st=3165, avg=345 ms, found=2/59)...[0m
[1;94m[*] [0mFuzzing test case #3 (59 total, 0 crashes saved[0m, state: [0;31mfinished...[0m, mode=explore, perf_score=100, weight=1, favorite=1, was_fuzzed=1, exec_us=4402, hits=0, map=75, ascii=0, run_time=0:00:13:56, cvg=25.00%) FS (t=0:00:00:20 (2.43%), st=3165, avg=345 ms, found=2/59)...[0m
[1;94m[*] [0mFuzzing test case #47 (59 total, 0 crashes saved[0m, state: [0;31mfinished...[0m, mode=explore, perf_score=100, weight=1, favorite=0, was_fuzzed=1, exec_us=4601, hits=0, map=83, ascii=0, run_time=0:00:13:57, cvg=25.00%) FS (t=0:00:00:20 (2.43%), st=3165, avg=345 ms, found=2/59)...[0m
[1;94m[*] [0mFuzzing test case #49 (59 total, 0 crashes saved[0m, state: [0;31mfinished...[0m, mode=explore, perf_score=300, weight=1, favorite=0, was_fuzzed=1, exec_us=3121, hits=0, map=57, ascii=0, run_time=0:00:13:58, cvg=25.00%) FS (t=0:00:00:20 (2.43%), st=3165, avg=345 ms, found=2/59)...[0m
[1;94m[*] [0mFuzzing test case #1 (59 total, 0 crashes saved[0m, state: [0;31mfinished...[0m, mode=explore, perf_score=100, weight=1, favorite=1, was_fuzzed=1, exec_us=4130, hits=0, map=62, ascii=0, run_time=0:00:14:01, cvg=25.00%) FS (t=0:00:00:20 (2.42%), st=3165, avg=345 ms, found=2/59)...[0m
[1;94m[*] [0mFuzzing test case #3 (59 total, 0 crashes saved[0m, state: [0;31mfinished...[0m, mode=explore, perf_score=100, weight=1, favorite=1, was_fuzzed=1, exec_us=4402, hits=0, map=75, ascii=0, run_time=0:00:14:01, cvg=25.00%) FS (t=0:00:00:20 (2.42%), st=3165, avg=345 ms, found=2/59)...[0m
[1;94m[*] [0mFuzzing test case #3 (59 total, 0 crashes saved[0m, state: [0;31mfinished...[0m, mode=explore, perf_score=100, weight=1, favorite=1, was_fuzzed=1, exec_us=4402, hits=0, map=75, ascii=0, run_time=0:00:14:02, cvg=25.00%) FS (t=0:00:00:20 (2.42%), st=3165, avg=345 ms, found=2/59)...[0m
[1;94m[*] [0mFuzzing test case #1 (59 total, 0 crashes saved[0m, state: [0;31mfinished...[0m, mode=explore, perf_score=100, weight=1, favorite=1, was_fuzzed=1, exec_us=4130, hits=0, map=62, ascii=0, run_time=0:00:14:02, cvg=25.00%) FS (t=0:00:00:20 (2.42%), st=3165, avg=345 ms, found=2/59)...[0m
[1;94m[*] [0mFuzzing test case #36 (59 total, 0 crashes saved[0m, state: [0;31mfinished...[0m, mode=explore, perf_score=100, weight=1, favorite=1, was_fuzzed=1, exec_us=4435, hits=0, map=73, ascii=0, run_time=0:00:14:03, cvg=25.00%) FS (t=0:00:00:20 (2.42%), st=3165, avg=345 ms, found=2/59)...[0m
[1;94m[*] [0mFuzzing test case #3 (59 total, 0 crashes saved[0m, state: [0;31mfinished...[0m, mode=explore, perf_score=100, weight=1, favorite=1, was_fuzzed=1, exec_us=4402, hits=0, map=75, ascii=0, run_time=0:00:14:04, cvg=25.00%) FS (t=0:00:00:20 (2.41%), st=3165, avg=345 ms, found=2/59)...[0m
[1;94m[*] [0mFuzzing test case #4 (59 total, 0 crashes saved[0m, state: [0;31mfinished...[0m, mode=explore, perf_score=100, weight=1, favorite=1, was_fuzzed=1, exec_us=4440, hits=0, map=57, ascii=0, run_time=0:00:14:04, cvg=25.00%) FS (t=0:00:00:20 (2.41%), st=3165, avg=345 ms, found=2/59)...[0m
[1;94m[*] [0mFuzzing test case #3 (59 total, 0 crashes saved[0m, state: [0;31mfinished...[0m, mode=explore, perf_score=100, weight=1, favorite=1, was_fuzzed=1, exec_us=4402, hits=0, map=75, ascii=0, run_time=0:00:14:05, cvg=25.00%) FS (t=0:00:00:20 (2.41%), st=3165, avg=345 ms, found=2/59)...[0m
[1;94m[*] [0mFuzzing test case #13 (59 total, 0 crashes saved[0m, state: [0;31mfinished...[0m, mode=explore, perf_score=100, weight=1, favorite=0, was_fuzzed=1, exec_us=4299, hits=0, map=76, ascii=0, run_time=0:00:14:06, cvg=25.00%) FS (t=0:00:00:20 (2.41%), st=3165, avg=345 ms, found=2/59)...[0m
[1;94m[*] [0mFuzzing test case #58 (59 total, 0 crashes saved[0m, state: [0;31mfinished...[0m, mode=explore, perf_score=200, weight=4, favorite=0, was_fuzzed=1, exec_us=27427, hits=0, map=98, ascii=0, run_time=0:00:14:07, cvg=25.00%) FS (t=0:00:00:20 (2.41%), st=3165, avg=345 ms, found=2/59)...[0m
[1;94m[*] [0mEntering queue cycle 13
[0m
[1;94m[*] [0mFuzzing test case #35 (59 total, 0 crashes saved[0m, state: [0;31mfinished...[0m, mode=explore, perf_score=100, weight=1, favorite=0, was_fuzzed=1, exec_us=3900, hits=0, map=62, ascii=0, run_time=0:00:14:14, cvg=25.00%) FS (t=0:00:00:20 (2.38%), st=3165, avg=345 ms, found=2/59)...[0m
[1;94m[*] [0mFuzzing test case #57 (59 total, 0 crashes saved[0m, state: [0;31mfinished...[0m, mode=explore, perf_score=25, weight=2, favorite=0, was_fuzzed=1, exec_us=32183, hits=0, map=62, ascii=0, run_time=0:00:14:15, cvg=25.00%) FS (t=0:00:00:20 (2.38%), st=3165, avg=345 ms, found=2/59)...[0m
[1;94m[*] [0mFuzzing test case #26 (59 total, 0 crashes saved[0m, state: [0;31mfinished...[0m, mode=explore, perf_score=100, weight=1, favorite=0, was_fuzzed=1, exec_us=4480, hits=0, map=68, ascii=0, run_time=0:00:14:16, cvg=25.00%) FS (t=0:00:00:20 (2.38%), st=3165, avg=345 ms, found=2/59)...[0m
[1;94m[*] [0mFuzzing test case #3 (59 total, 0 crashes saved[0m, state: [0;31mfinished...[0m, mode=explore, perf_score=100, weight=1, favorite=1, was_fuzzed=1, exec_us=4402, hits=0, map=75, ascii=0, run_time=0:00:14:16, cvg=25.00%) FS (t=0:00:00:20 (2.38%), st=3165, avg=345 ms, found=2/59)...[0m
[1;94m[*] [0mFuzzing test case #15 (59 total, 0 crashes saved[0m, state: [0;31mfinished...[0m, mode=explore, perf_score=100, weight=1, favorite=1, was_fuzzed=1, exec_us=4441, hits=0, map=65, ascii=0, run_time=0:00:14:17, cvg=25.00%) FS (t=0:00:00:20 (2.38%), st=3165, avg=345 ms, found=2/59)...[0m
[1;94m[*] [0mFuzzing test case #36 (59 total, 0 crashes saved[0m, state: [0;31mfinished...[0m, mode=explore, perf_score=100, weight=1, favorite=1, was_fuzzed=1, exec_us=4435, hits=0, map=73, ascii=0, run_time=0:00:14:18, cvg=25.00%) FS (t=0:00:00:20 (2.37%), st=3165, avg=345 ms, found=2/59)...[0m
[1;94m[*] [0mFuzzing test case #36 (59 total, 0 crashes saved[0m, state: [0;31mfinished...[0m, mode=explore, perf_score=100, weight=1, favorite=1, was_fuzzed=1, exec_us=4435, hits=0, map=73, ascii=0, run_time=0:00:14:19, cvg=25.00%) FS (t=0:00:00:20 (2.37%), st=3165, avg=345 ms, found=2/59)...[0m
[1;94m[*] [0mFuzzing test case #58 (59 total, 0 crashes saved[0m, state: [0;31mfinished...[0m, mode=explore, perf_score=200, weight=4, favorite=0, was_fuzzed=1, exec_us=27427, hits=0, map=98, ascii=0, run_time=0:00:14:20, cvg=25.00%) FS (t=0:00:00:20 (2.37%), st=3165, avg=345 ms, found=2/59)...[0m
[1;94m[*] [0mFuzzing test case #38 (59 total, 0 crashes saved[0m, state: [0;31mfinished...[0m, mode=explore, perf_score=100, weight=1, favorite=0, was_fuzzed=1, exec_us=4729, hits=0, map=68, ascii=0, run_time=0:00:14:27, cvg=25.00%) FS (t=0:00:00:20 (2.35%), st=3165, avg=345 ms, found=2/59)...[0m
[1;94m[*] [0mFuzzing test case #15 (59 total, 0 crashes saved[0m, state: [0;31mfinished...[0m, mode=explore, perf_score=100, weight=1, favorite=1, was_fuzzed=1, exec_us=4441, hits=0, map=65, ascii=0, run_time=0:00:14:28, cvg=25.00%) FS (t=0:00:00:20 (2.35%), st=3165, avg=345 ms, found=2/59)...[0m
[1;94m[*] [0mFuzzing test case #40 (59 total, 0 crashes saved[0m, state: [0;31mfinished...[0m, mode=explore, perf_score=75, weight=0, favorite=0, was_fuzzed=1, exec_us=8627, hits=0, map=78, ascii=0, run_time=0:00:14:29, cvg=25.00%) FS (t=0:00:00:20 (2.34%), st=3165, avg=345 ms, found=2/59)...[0m
[1;94m[*] [0mFuzzing test case #3 (59 total, 0 crashes saved[0m, state: [0;31mfinished...[0m, mode=explore, perf_score=100, weight=1, favorite=1, was_fuzzed=1, exec_us=4402, hits=0, map=75, ascii=0, run_time=0:00:14:29, cvg=25.00%) FS (t=0:00:00:20 (2.34%), st=3165, avg=345 ms, found=2/59)...[0m
[1;94m[*] [0mFuzzing test case #19 (59 total, 0 crashes saved[0m, state: [0;31mfinished...[0m, mode=explore, perf_score=100, weight=1, favorite=0, was_fuzzed=1, exec_us=4467, hits=0, map=83, ascii=0, run_time=0:00:14:30, cvg=25.00%) FS (t=0:00:00:20 (2.34%), st=3165, avg=345 ms, found=2/59)...[0m
[1;94m[*] [0mFuzzing test case #36 (59 total, 0 crashes saved[0m, state: [0;31mfinished...[0m, mode=explore, perf_score=100, weight=1, favorite=1, was_fuzzed=1, exec_us=4435, hits=0, map=73, ascii=0, run_time=0:00:14:31, cvg=25.00%) FS (t=0:00:00:20 (2.34%), st=3165, avg=345 ms, found=2/59)...[0m
[1;94m[*] [0mFuzzing test case #15 (59 total, 0 crashes saved[0m, state: [0;31mfinished...[0m, mode=explore, perf_score=100, weight=1, favorite=1, was_fuzzed=1, exec_us=4441, hits=0, map=65, ascii=0, run_time=0:00:14:32, cvg=25.00%) FS (t=0:00:00:20 (2.34%), st=3165, avg=345 ms, found=2/59)...[0m
[1;94m[*] [0mFuzzing test case #4 (59 total, 0 crashes saved[0m, state: [0;31mfinished...[0m, mode=explore, perf_score=100, weight=1, favorite=1, was_fuzzed=1, exec_us=4440, hits=0, map=57, ascii=0, run_time=0:00:14:32, cvg=25.00%) FS (t=0:00:00:20 (2.33%), st=3165, avg=345 ms, found=2/59)...[0m
[1;94m[*] [0mFuzzing test case #36 (59 total, 0 crashes saved[0m, state: [0;31mfinished...[0m, mode=explore, perf_score=100, weight=1, favorite=1, was_fuzzed=1, exec_us=4435, hits=0, map=73, ascii=0, run_time=0:00:14:34, cvg=25.00%) FS (t=0:00:00:20 (2.33%), st=3165, avg=345 ms, found=2/59)...[0m
[1;94m[*] [0mFuzzing test case #1 (59 total, 0 crashes saved[0m, state: [0;31mfinished...[0m, mode=explore, perf_score=100, weight=1, favorite=1, was_fuzzed=1, exec_us=4130, hits=0, map=62, ascii=0, run_time=0:00:14:34, cvg=25.00%) FS (t=0:00:00:20 (2.33%), st=3165, avg=345 ms, found=2/59)...[0m
[1;94m[*] [0mFuzzing test case #3 (59 total, 0 crashes saved[0m, state: [0;31mfinished...[0m, mode=explore, perf_score=100, weight=1, favorite=1, was_fuzzed=1, exec_us=4402, hits=0, map=75, ascii=0, run_time=0:00:14:35, cvg=25.00%) FS (t=0:00:00:20 (2.33%), st=3165, avg=345 ms, found=2/59)...[0m
[1;94m[*] [0mFuzzing test case #4 (59 total, 0 crashes saved[0m, state: [0;31mfinished...[0m, mode=explore, perf_score=100, weight=1, favorite=1, was_fuzzed=1, exec_us=4440, hits=0, map=57, ascii=0, run_time=0:00:14:36, cvg=25.00%) FS (t=0:00:00:20 (2.33%), st=3165, avg=345 ms, found=2/59)...[0m
[1;94m[*] [0mFuzzing test case #1 (59 total, 0 crashes saved[0m, state: [0;31mfinished...[0m, mode=explore, perf_score=100, weight=1, favorite=1, was_fuzzed=1, exec_us=4130, hits=0, map=62, ascii=0, run_time=0:00:14:36, cvg=25.00%) FS (t=0:00:00:20 (2.32%), st=3165, avg=345 ms, found=2/59)...[0m
[1;94m[*] [0mFuzzing test case #36 (59 total, 0 crashes saved[0m, state: [0;31mfinished...[0m, mode=explore, perf_score=100, weight=1, favorite=1, was_fuzzed=1, exec_us=4435, hits=0, map=73, ascii=0, run_time=0:00:14:37, cvg=25.00%) FS (t=0:00:00:20 (2.32%), st=3165, avg=345 ms, found=2/59)...[0m
[1;94m[*] [0mFuzzing test case #54 (59 total, 0 crashes saved[0m, state: [0;31mfinished...[0m, mode=explore, perf_score=200, weight=1, favorite=0, was_fuzzed=1, exec_us=4225, hits=0, map=83, ascii=0, run_time=0:00:14:37, cvg=25.00%) FS (t=0:00:00:20 (2.32%), st=3165, avg=345 ms, found=2/59)...[0m
[1;94m[*] [0mFuzzing test case #15 (59 total, 0 crashes saved[0m, state: [0;31mfinished...[0m, mode=explore, perf_score=100, weight=1, favorite=1, was_fuzzed=1, exec_us=4441, hits=0, map=65, ascii=0, run_time=0:00:14:40, cvg=25.00%) FS (t=0:00:00:20 (2.31%), st=3165, avg=345 ms, found=2/59)...[0m
[1;94m[*] [0mFuzzing test case #3 (59 total, 0 crashes saved[0m, state: [0;31mfinished...[0m, mode=explore, perf_score=100, weight=1, favorite=1, was_fuzzed=1, exec_us=4402, hits=0, map=75, ascii=0, run_time=0:00:14:41, cvg=25.00%) FS (t=0:00:00:20 (2.31%), st=3165, avg=345 ms, found=2/59)...[0m
[1;94m[*] [0mFuzzing test case #1 (59 total, 0 crashes saved[0m, state: [0;31mfinished...[0m, mode=explore, perf_score=100, weight=1, favorite=1, was_fuzzed=1, exec_us=4130, hits=0, map=62, ascii=0, run_time=0:00:14:41, cvg=25.00%) FS (t=0:00:00:20 (2.31%), st=3165, avg=345 ms, found=2/59)...[0m
[1;94m[*] [0mFuzzing test case #48 (59 total, 0 crashes saved[0m, state: [0;31mfinished...[0m, mode=explore, perf_score=300, weight=1, favorite=0, was_fuzzed=1, exec_us=2859, hits=0, map=57, ascii=0, run_time=0:00:14:42, cvg=25.00%) FS (t=0:00:00:20 (2.31%), st=3165, avg=345 ms, found=2/59)...[0m
[1;94m[*] [0mFuzzing test case #4 (59 total, 0 crashes saved[0m, state: [0;31mfinished...[0m, mode=explore, perf_score=100, weight=1, favorite=1, was_fuzzed=1, exec_us=4440, hits=0, map=57, ascii=0, run_time=0:00:14:44, cvg=25.00%) FS (t=0:00:00:20 (2.30%), st=3165, avg=345 ms, found=2/59)...[0m
[1;94m[*] [0mFuzzing test case #20 (59 total, 0 crashes saved[0m, state: [0;31mfinished...[0m, mode=explore, perf_score=100, weight=1, favorite=0, was_fuzzed=1, exec_us=4596, hits=0, map=83, ascii=0, run_time=0:00:14:45, cvg=25.00%) FS (t=0:00:00:20 (2.30%), st=3165, avg=345 ms, found=2/59)...[0m
[1;94m[*] [0mFuzzing test case #33 (59 total, 0 crashes saved[0m, state: [0;31mfinished...[0m, mode=explore, perf_score=50, weight=1, favorite=0, was_fuzzed=1, exec_us=22617, hits=0, map=78, ascii=0, run_time=0:00:14:46, cvg=25.00%) FS (t=0:00:00:20 (2.30%), st=3165, avg=345 ms, found=2/59)...[0m
[1;94m[*] [0mFuzzing test case #1 (59 total, 0 crashes saved[0m, state: [0;31mfinished...[0m, mode=explore, perf_score=100, weight=1, favorite=1, was_fuzzed=1, exec_us=4130, hits=0, map=62, ascii=0, run_time=0:00:14:46, cvg=25.00%) FS (t=0:00:00:20 (2.30%), st=3165, avg=345 ms, found=2/59)...[0m
[1;94m[*] [0mFuzzing test case #34 (59 total, 0 crashes saved[0m, state: [0;31mfinished...[0m, mode=explore, perf_score=50, weight=1, favorite=0, was_fuzzed=1, exec_us=19489, hits=0, map=73, ascii=0, run_time=0:00:14:46, cvg=25.00%) FS (t=0:00:00:20 (2.30%), st=3165, avg=345 ms, found=2/59)...[0m
[1;94m[*] [0mFuzzing test case #3 (59 total, 0 crashes saved[0m, state: [0;31mfinished...[0m, mode=explore, perf_score=100, weight=1, favorite=1, was_fuzzed=1, exec_us=4402, hits=0, map=75, ascii=0, run_time=0:00:14:47, cvg=25.00%) FS (t=0:00:00:20 (2.30%), st=3165, avg=345 ms, found=2/59)...[0m
[1;94m[*] [0mFuzzing test case #57 (59 total, 0 crashes saved[0m, state: [0;31mfinished...[0m, mode=explore, perf_score=25, weight=2, favorite=0, was_fuzzed=1, exec_us=32183, hits=0, map=62, ascii=0, run_time=0:00:14:47, cvg=25.00%) FS (t=0:00:00:20 (2.30%), st=3165, avg=345 ms, found=2/59)...[0m
[1;94m[*] [0mFuzzing test case #4 (59 total, 0 crashes saved[0m, state: [0;31mfinished...[0m, mode=explore, perf_score=100, weight=1, favorite=1, was_fuzzed=1, exec_us=4440, hits=0, map=57, ascii=0, run_time=0:00:14:48, cvg=25.00%) FS (t=0:00:00:20 (2.29%), st=3165, avg=345 ms, found=2/59)...[0m
[1;94m[*] [0mFuzzing test case #4 (59 total, 0 crashes saved[0m, state: [0;31mfinished...[0m, mode=explore, perf_score=100, weight=1, favorite=1, was_fuzzed=1, exec_us=4440, hits=0, map=57, ascii=0, run_time=0:00:14:49, cvg=25.00%) FS (t=0:00:00:20 (2.29%), st=3165, avg=345 ms, found=2/59)...[0m
[1;94m[*] [0mFuzzing test case #3 (59 total, 0 crashes saved[0m, state: [0;31mfinished...[0m, mode=explore, perf_score=100, weight=1, favorite=1, was_fuzzed=1, exec_us=4402, hits=0, map=75, ascii=0, run_time=0:00:14:49, cvg=25.00%) FS (t=0:00:00:20 (2.29%), st=3165, avg=345 ms, found=2/59)...[0m
[1;94m[*] [0mFuzzing test case #1 (59 total, 0 crashes saved[0m, state: [0;31mfinished...[0m, mode=explore, perf_score=100, weight=1, favorite=1, was_fuzzed=1, exec_us=4130, hits=0, map=62, ascii=0, run_time=0:00:14:50, cvg=25.00%) FS (t=0:00:00:20 (2.29%), st=3165, avg=345 ms, found=2/59)...[0m
[1;94m[*] [0mFuzzing test case #1 (59 total, 0 crashes saved[0m, state: [0;31mfinished...[0m, mode=explore, perf_score=100, weight=1, favorite=1, was_fuzzed=1, exec_us=4130, hits=0, map=62, ascii=0, run_time=0:00:14:51, cvg=25.00%) FS (t=0:00:00:20 (2.29%), st=3165, avg=345 ms, found=2/59)...[0m
[1;94m[*] [0mFuzzing test case #1 (59 total, 0 crashes saved[0m, state: [0;31mfinished...[0m, mode=explore, perf_score=100, weight=1, favorite=1, was_fuzzed=1, exec_us=4130, hits=0, map=62, ascii=0, run_time=0:00:14:52, cvg=25.00%) FS (t=0:00:00:20 (2.28%), st=3165, avg=345 ms, found=2/59)...[0m
[1;94m[*] [0mFuzzing test case #36 (59 total, 0 crashes saved[0m, state: [0;31mfinished...[0m, mode=explore, perf_score=100, weight=1, favorite=1, was_fuzzed=1, exec_us=4435, hits=0, map=73, ascii=0, run_time=0:00:14:52, cvg=25.00%) FS (t=0:00:00:20 (2.28%), st=3165, avg=345 ms, found=2/59)...[0m
[1;94m[*] [0mFuzzing test case #1 (59 total, 0 crashes saved[0m, state: [0;31mfinished...[0m, mode=explore, perf_score=100, weight=1, favorite=1, was_fuzzed=1, exec_us=4130, hits=0, map=62, ascii=0, run_time=0:00:14:53, cvg=25.00%) FS (t=0:00:00:20 (2.28%), st=3165, avg=345 ms, found=2/59)...[0m
[1;94m[*] [0mFuzzing test case #4 (59 total, 0 crashes saved[0m, state: [0;31mfinished...[0m, mode=explore, perf_score=100, weight=1, favorite=1, was_fuzzed=1, exec_us=4440, hits=0, map=57, ascii=0, run_time=0:00:14:54, cvg=25.00%) FS (t=0:00:00:20 (2.28%), st=3165, avg=345 ms, found=2/59)...[0m
[1;94m[*] [0mFuzzing test case #36 (59 total, 0 crashes saved[0m, state: [0;31mfinished...[0m, mode=explore, perf_score=100, weight=1, favorite=1, was_fuzzed=1, exec_us=4435, hits=0, map=73, ascii=0, run_time=0:00:14:55, cvg=25.00%) FS (t=0:00:00:20 (2.28%), st=3165, avg=345 ms, found=2/59)...[0m
[1;94m[*] [0mFuzzing test case #1 (59 total, 0 crashes saved[0m, state: [0;31mfinished...[0m, mode=explore, perf_score=100, weight=1, favorite=1, was_fuzzed=1, exec_us=4130, hits=0, map=62, ascii=0, run_time=0:00:14:57, cvg=25.00%) FS (t=0:00:00:20 (2.27%), st=3165, avg=345 ms, found=2/59)...[0m
[1;94m[*] [0mFuzzing test case #1 (59 total, 0 crashes saved[0m, state: [0;31mfinished...[0m, mode=explore, perf_score=100, weight=1, favorite=1, was_fuzzed=1, exec_us=4130, hits=0, map=62, ascii=0, run_time=0:00:14:58, cvg=25.00%) FS (t=0:00:00:20 (2.27%), st=3165, avg=345 ms, found=2/59)...[0m
[1;94m[*] [0mFuzzing test case #15 (59 total, 0 crashes saved[0m, state: [0;31mfinished...[0m, mode=explore, perf_score=100, weight=1, favorite=1, was_fuzzed=1, exec_us=4441, hits=0, map=65, ascii=0, run_time=0:00:14:59, cvg=25.00%) FS (t=0:00:00:20 (2.27%), st=3165, avg=345 ms, found=2/59)...[0m
[1;94m[*] [0mFuzzing test case #57 (59 total, 0 crashes saved[0m, state: [0;31mfinished...[0m, mode=explore, perf_score=25, weight=2, favorite=0, was_fuzzed=1, exec_us=32183, hits=0, map=62, ascii=0, run_time=0:00:14:59, cvg=25.00%) FS (t=0:00:00:20 (2.26%), st=3165, avg=345 ms, found=2/59)...[0m
[1;94m[*] [0mFuzzing test case #1 (59 total, 0 crashes saved[0m, state: [0;31mfinished...[0m, mode=explore, perf_score=100, weight=1, favorite=1, was_fuzzed=1, exec_us=4130, hits=0, map=62, ascii=0, run_time=0:00:15:00, cvg=25.00%) FS (t=0:00:00:20 (2.26%), st=3165, avg=345 ms, found=2/59)...[0m
[1;94m[*] [0mFuzzing test case #15 (59 total, 0 crashes saved[0m, state: [0;31mfinished...[0m, mode=explore, perf_score=100, weight=1, favorite=1, was_fuzzed=1, exec_us=4441, hits=0, map=65, ascii=0, run_time=0:00:15:02, cvg=25.00%) FS (t=0:00:00:20 (2.26%), st=3165, avg=345 ms, found=2/59)...[0m
[1;94m[*] [0mFuzzing test case #57 (59 total, 0 crashes saved[0m, state: [0;31mfinished...[0m, mode=explore, perf_score=25, weight=2, favorite=0, was_fuzzed=1, exec_us=32183, hits=0, map=62, ascii=0, run_time=0:00:15:02, cvg=25.00%) FS (t=0:00:00:20 (2.26%), st=3165, avg=345 ms, found=2/59)...[0m
[1;94m[*] [0mFuzzing test case #36 (59 total, 0 crashes saved[0m, state: [0;31mfinished...[0m, mode=explore, perf_score=100, weight=1, favorite=1, was_fuzzed=1, exec_us=4435, hits=0, map=73, ascii=0, run_time=0:00:15:03, cvg=25.00%) FS (t=0:00:00:20 (2.26%), st=3165, avg=345 ms, found=2/59)...[0m
[1;94m[*] [0mFuzzing test case #3 (59 total, 0 crashes saved[0m, state: [0;31mfinished...[0m, mode=explore, perf_score=100, weight=1, favorite=1, was_fuzzed=1, exec_us=4402, hits=0, map=75, ascii=0, run_time=0:00:15:04, cvg=25.00%) FS (t=0:00:00:20 (2.25%), st=3165, avg=345 ms, found=2/59)...[0m
[1;94m[*] [0mFuzzing test case #30 (59 total, 0 crashes saved[0m, state: [0;31mfinished...[0m, mode=explore, perf_score=100, weight=1, favorite=0, was_fuzzed=1, exec_us=4521, hits=0, map=82, ascii=0, run_time=0:00:15:05, cvg=25.00%) FS (t=0:00:00:20 (2.25%), st=3165, avg=345 ms, found=2/59)...[0m
[1;94m[*] [0mFuzzing test case #42 (59 total, 0 crashes saved[0m, state: [0;31mfinished...[0m, mode=explore, perf_score=100, weight=1, favorite=0, was_fuzzed=1, exec_us=4123, hits=0, map=95, ascii=0, run_time=0:00:15:06, cvg=25.00%) FS (t=0:00:00:20 (2.25%), st=3165, avg=345 ms, found=2/59)...[0m
[1;94m[*] [0mFuzzing test case #4 (59 total, 0 crashes saved[0m, state: [0;31mfinished...[0m, mode=explore, perf_score=100, weight=1, favorite=1, was_fuzzed=1, exec_us=4440, hits=0, map=57, ascii=0, run_time=0:00:15:07, cvg=25.00%) FS (t=0:00:00:20 (2.25%), st=3165, avg=345 ms, found=2/59)...[0m
[1;94m[*] [0mFuzzing test case #1 (59 total, 0 crashes saved[0m, state: [0;31mfinished...[0m, mode=explore, perf_score=100, weight=1, favorite=1, was_fuzzed=1, exec_us=4130, hits=0, map=62, ascii=0, run_time=0:00:15:08, cvg=25.00%) FS (t=0:00:00:20 (2.24%), st=3165, avg=345 ms, found=2/59)...[0m
[1;94m[*] [0mFuzzing test case #26 (59 total, 0 crashes saved[0m, state: [0;31mfinished...[0m, mode=explore, perf_score=100, weight=1, favorite=0, was_fuzzed=1, exec_us=4480, hits=0, map=68, ascii=0, run_time=0:00:15:08, cvg=25.00%) FS (t=0:00:00:20 (2.24%), st=3165, avg=345 ms, found=2/59)...[0m
[1;94m[*] [0mFuzzing test case #36 (59 total, 0 crashes saved[0m, state: [0;31mfinished...[0m, mode=explore, perf_score=100, weight=1, favorite=1, was_fuzzed=1, exec_us=4435, hits=0, map=73, ascii=0, run_time=0:00:15:09, cvg=25.00%) FS (t=0:00:00:20 (2.24%), st=3165, avg=345 ms, found=2/59)...[0m
[1;94m[*] [0mFuzzing test case #36 (59 total, 0 crashes saved[0m, state: [0;31mfinished...[0m, mode=explore, perf_score=100, weight=1, favorite=1, was_fuzzed=1, exec_us=4435, hits=0, map=73, ascii=0, run_time=0:00:15:10, cvg=25.00%) FS (t=0:00:00:20 (2.24%), st=3165, avg=345 ms, found=2/59)...[0m
[1;94m[*] [0mFuzzing test case #34 (59 total, 0 crashes saved[0m, state: [0;31mfinished...[0m, mode=explore, perf_score=50, weight=1, favorite=0, was_fuzzed=1, exec_us=19489, hits=0, map=73, ascii=0, run_time=0:00:15:11, cvg=25.00%) FS (t=0:00:00:20 (2.24%), st=3165, avg=345 ms, found=2/59)...[0m
[1;94m[*] [0mEntering queue cycle 14
[0m
[1;94m[*] [0mFuzzing test case #18 (59 total, 0 crashes saved[0m, state: [0;31mfinished...[0m, mode=explore, perf_score=100, weight=1, favorite=0, was_fuzzed=1, exec_us=4465, hits=0, map=82, ascii=0, run_time=0:00:15:11, cvg=25.00%) FS (t=0:00:00:20 (2.24%), st=3165, avg=345 ms, found=2/59)...[0m
[1;94m[*] [0mFuzzing test case #1 (59 total, 0 crashes saved[0m, state: [0;31mfinished...[0m, mode=explore, perf_score=100, weight=1, favorite=1, was_fuzzed=1, exec_us=4130, hits=0, map=62, ascii=0, run_time=0:00:15:12, cvg=25.00%) FS (t=0:00:00:20 (2.23%), st=3165, avg=345 ms, found=2/59)...[0m
[1;94m[*] [0mFuzzing test case #3 (59 total, 0 crashes saved[0m, state: [0;31mfinished...[0m, mode=explore, perf_score=100, weight=1, favorite=1, was_fuzzed=1, exec_us=4402, hits=0, map=75, ascii=0, run_time=0:00:15:13, cvg=25.00%) FS (t=0:00:00:20 (2.23%), st=3165, avg=345 ms, found=2/59)...[0m
[1;94m[*] [0mFuzzing test case #51 (59 total, 0 crashes saved[0m, state: [0;31mfinished...[0m, mode=explore, perf_score=100, weight=1, favorite=0, was_fuzzed=1, exec_us=3746, hits=0, map=78, ascii=0, run_time=0:00:15:13, cvg=25.00%) FS (t=0:00:00:20 (2.23%), st=3165, avg=345 ms, found=2/59)...[0m
[1;94m[*] [0mFuzzing test case #36 (59 total, 0 crashes saved[0m, state: [0;31mfinished...[0m, mode=explore, perf_score=100, weight=1, favorite=1, was_fuzzed=1, exec_us=4435, hits=0, map=73, ascii=0, run_time=0:00:15:14, cvg=25.00%) FS (t=0:00:00:20 (2.23%), st=3165, avg=345 ms, found=2/59)...[0m
[1;94m[*] [0mFuzzing test case #4 (59 total, 0 crashes saved[0m, state: [0;31mfinished...[0m, mode=explore, perf_score=100, weight=1, favorite=1, was_fuzzed=1, exec_us=4440, hits=0, map=57, ascii=0, run_time=0:00:15:15, cvg=25.00%) FS (t=0:00:00:20 (2.22%), st=3165, avg=345 ms, found=2/59)...[0m
[1;94m[*] [0mFuzzing test case #1 (59 total, 0 crashes saved[0m, state: [0;31mfinished...[0m, mode=explore, perf_score=100, weight=1, favorite=1, was_fuzzed=1, exec_us=4130, hits=0, map=62, ascii=0, run_time=0:00:15:17, cvg=25.00%) FS (t=0:00:00:20 (2.22%), st=3165, avg=345 ms, found=2/59)...[0m
[1;94m[*] [0mFuzzing test case #58 (59 total, 0 crashes saved[0m, state: [0;31mfinished...[0m, mode=explore, perf_score=200, weight=4, favorite=0, was_fuzzed=1, exec_us=27427, hits=0, map=98, ascii=0, run_time=0:00:15:17, cvg=25.00%) FS (t=0:00:00:20 (2.22%), st=3165, avg=345 ms, found=2/59)...[0m
[1;94m[*] [0mFuzzing test case #9 (59 total, 0 crashes saved[0m, state: [0;31mfinished...[0m, mode=explore, perf_score=100, weight=1, favorite=0, was_fuzzed=1, exec_us=4287, hits=0, map=83, ascii=0, run_time=0:00:15:23, cvg=25.00%) FS (t=0:00:00:20 (2.21%), st=3165, avg=345 ms, found=2/59)...[0m
[1;94m[*] [0mFuzzing test case #47 (59 total, 0 crashes saved[0m, state: [0;31mfinished...[0m, mode=explore, perf_score=100, weight=1, favorite=0, was_fuzzed=1, exec_us=4601, hits=0, map=83, ascii=0, run_time=0:00:15:24, cvg=25.00%) FS (t=0:00:00:20 (2.20%), st=3165, avg=345 ms, found=2/59)...[0m
[1;94m[*] [0mFuzzing test case #39 (59 total, 0 crashes saved[0m, state: [0;31mfinished...[0m, mode=explore, perf_score=100, weight=1, favorite=0, was_fuzzed=1, exec_us=5207, hits=0, map=78, ascii=0, run_time=0:00:15:25, cvg=25.00%) FS (t=0:00:00:20 (2.20%), st=3165, avg=345 ms, found=2/59)...[0m
[1;94m[*] [0mFuzzing test case #1 (59 total, 0 crashes saved[0m, state: [0;31mfinished...[0m, mode=explore, perf_score=100, weight=1, favorite=1, was_fuzzed=1, exec_us=4130, hits=0, map=62, ascii=0, run_time=0:00:15:26, cvg=25.00%) FS (t=0:00:00:20 (2.20%), st=3165, avg=345 ms, found=2/59)...[0m
[1;94m[*] [0mFuzzing test case #4 (59 total, 0 crashes saved[0m, state: [0;31mfinished...[0m, mode=explore, perf_score=100, weight=1, favorite=1, was_fuzzed=1, exec_us=4440, hits=0, map=57, ascii=0, run_time=0:00:15:28, cvg=25.00%) FS (t=0:00:00:20 (2.20%), st=3165, avg=345 ms, found=2/59)...[0m
[1;94m[*] [0mFuzzing test case #58 (59 total, 0 crashes saved[0m, state: [0;31mfinished...[0m, mode=explore, perf_score=200, weight=4, favorite=0, was_fuzzed=1, exec_us=27427, hits=0, map=98, ascii=0, run_time=0:00:15:28, cvg=25.00%) FS (t=0:00:00:20 (2.19%), st=3165, avg=345 ms, found=2/59)...[0m
[1;94m[*] [0mFuzzing test case #4 (59 total, 0 crashes saved[0m, state: [0;31mfinished...[0m, mode=explore, perf_score=100, weight=1, favorite=1, was_fuzzed=1, exec_us=4440, hits=0, map=57, ascii=0, run_time=0:00:15:36, cvg=25.00%) FS (t=0:00:00:20 (2.18%), st=3165, avg=345 ms, found=2/59)...[0m
[1;94m[*] [0mFuzzing test case #3 (59 total, 0 crashes saved[0m, state: [0;31mfinished...[0m, mode=explore, perf_score=100, weight=1, favorite=1, was_fuzzed=1, exec_us=4402, hits=0, map=75, ascii=0, run_time=0:00:15:37, cvg=25.00%) FS (t=0:00:00:20 (2.17%), st=3165, avg=345 ms, found=2/59)...[0m
[1;94m[*] [0mFuzzing test case #24 (59 total, 0 crashes saved[0m, state: [0;31mfinished...[0m, mode=explore, perf_score=100, weight=1, favorite=0, was_fuzzed=1, exec_us=5061, hits=0, map=73, ascii=0, run_time=0:00:15:38, cvg=25.00%) FS (t=0:00:00:20 (2.17%), st=3165, avg=345 ms, found=2/59)...[0m
[1;94m[*] [0mFuzzing test case #3 (59 total, 0 crashes saved[0m, state: [0;31mfinished...[0m, mode=explore, perf_score=100, weight=1, favorite=1, was_fuzzed=1, exec_us=4402, hits=0, map=75, ascii=0, run_time=0:00:15:38, cvg=25.00%) FS (t=0:00:00:20 (2.17%), st=3165, avg=345 ms, found=2/59)...[0m
[1;94m[*] [0mFuzzing test case #15 (59 total, 0 crashes saved[0m, state: [0;31mfinished...[0m, mode=explore, perf_score=100, weight=1, favorite=1, was_fuzzed=1, exec_us=4441, hits=0, map=65, ascii=0, run_time=0:00:15:39, cvg=25.00%) FS (t=0:00:00:20 (2.17%), st=3165, avg=345 ms, found=2/59)...[0m
[1;94m[*] [0mFuzzing test case #51 (59 total, 0 crashes saved[0m, state: [0;31mfinished...[0m, mode=explore, perf_score=100, weight=1, favorite=0, was_fuzzed=1, exec_us=3746, hits=0, map=78, ascii=0, run_time=0:00:15:40, cvg=25.00%) FS (t=0:00:00:20 (2.17%), st=3165, avg=345 ms, found=2/59)...[0m
